Order,genus,species,SCS,2n,haploid
Araneae,Aliatypus,Aliatypus_californicus,X,27,13
Araneae,Atypoides,Atypoides_riversi,X,47,23
Araneae,Gasteracantha,Gasteracantha_cancriformis,X,31,15
Araneae,Larinioides,Larinioides_cornutus,X,23,11
Araneae,Neoscona,Neoscona_arabesca,X,21,10
Araneae,Neoscona,Neoscona_theisi,X,23,11
Araneae,Neoscona,Neoscona_sp.,X,13,6
Araneae,Neoscona,Neoscona_sp.,X,13,6
Araneae,Neoscona,Neoscona_sp.,X,13,6
Araneae,Atypus,Atypus_muralis,X,41,20
Araneae,Atypus,Atypus_muralis,X,41,20
Araneae,Atypus,Atypus_piceus,X,41,20
Araneae,Argyroneta,Argyroneta_aquatica,X,21,10
Araneae,Dasumia,Dasumia_carpatica,X,7,3
Araneae,----,----_,X,7,3
Araneae,Dysdera,Dysdera_adriatica,X,20,9.5
Araneae,Dysdera,Dysdera_catalonica,X,9,4
Araneae,Dysdera,Dysdera_cechica,X,11,5
Araneae,Dysdera,Dysdera_corallina,X,19,9
Araneae,Dysdera,Dysdera_crocata,X,11,5
Araneae,Dysdera,Dysdera_crocata,X,13,6
Araneae,Dysdera,Dysdera_crocata,X,9,4
Araneae,Dysdera,Dysdera_crocata,X,9,4
Araneae,Dysdera,Dysdera_crocata,X,11,5
Araneae,Dysdera,Dysdera_crocata,X,13,6
Araneae,Dysdera,Dysdera_dubrovninnii,X,17,8
Araneae,Dysdera,Dysdera_erythrina,X,19,9
Araneae,Dysdera,Dysdera_garrafensis,X,15,7
Araneae,Dysdera,Dysdera_hungarica,X,17,8
Araneae,Dysdera,Dysdera_kropfi,X,15,7
Araneae,Dysdera,Dysdera_lantosquensis,X,13,6
Araneae,Dysdera,Dysdera_lata,X,23,11
Araneae,Dysdera,Dysdera_microdonta,X,15,7
Araneae,Dysdera,Dysdera_minairo,X,11,5
Araneae,Dysdera,Dysdera_moravica,X,15,7
Araneae,Dysdera,Dysdera_moravica,X,14,6.5
Araneae,Dysdera,Dysdera_ninnii,X,15,7
Araneae,Dysdera,Dysdera_ninnii,X,15,7
Araneae,Dysdera,Dysdera_portsensis,X,15,7
Araneae,Dysdera,Dysdera_pradesensis,X,11,5
Araneae,Dysdera,Dysdera_pyrenaica,X,9,4
Araneae,Dysdera,Dysdera_quindecima,X,15,7
Araneae,Dysdera,Dysdera_septima,X,7,3
Araneae,Dysdera,Dysdera_silvatica,X,13,6
Araneae,Dysdera,Dysdera_stahlavskyi,X,9,4
Araneae,Dysdera,Dysdera_tredecima,X,13,6
Araneae,Dysdera,Dysdera_undecima,X,11,5
Araneae,Dysderocrates,Dysderocrates_storkani,X,21,10
Araneae,Dysderocrates,Dysderocrates_sp.,X,9,4
Araneae,Harpactea,Harpactea_cecconii,X,7,3
Araneae,Harpactea,Harpactea_henschi,X,25,12
Araneae,Harpactea,Harpactea_hombergi,X,7,3
Araneae,Harpactea,Harpactea_lepida,X,25,12
Araneae,Harpactea,Harpactea_rubicunda,X,7,3
Araneae,Harpactocrates,Harpactocrates_sp.,X,9,4
Araneae,Kaemis,Kaemis_sp.,X,7,3
Araneae,Drassodes,Drassodes_lutescens,X,21,10
Araneae,Drassodes,Drassodes_sp.,X,21,10
Araneae,Drassodes,Drassodes_sp.,X,21,10
Araneae,Urozelotes,Urozelotes_rusticus,X,21,10
Araneae,Zelotes,Zelotes_petrensis,X,23,11
Araneae,Ummidia,Ummidia_sp.,X,53,26
Araneae,Hogna,Hogna_sternalis,X,19,9
Araneae,Lycosa,Lycosa_barnesi,X,27,13
Araneae,Lycosa,Lycosa_nordenskjoldi,X,19,9
Araneae,Lycosa,Lycosa_nordenskjoldi,X,19,9
Araneae,Lycosa,Lycosa_gr.,X,19,9
Araneae,Schizocosa,Schizocosa_sp.,X,23,11
Araneae,Wadicosa,Wadicosa_quadrifer,X,27,13
Araneae,Megahexura,Megahexura_fulva,X,43,21
Araneae,Poecilomigas,Poecilomigas_abrahami,X,33,16
Araneae,Ochyrocera,Ochyrocera_sp.,X,13,6
Araneae,Oecobius,Oecobius_navus,X,19,9
Araneae,Cinetomorpha,Cinetomorpha_simplex,X,9,4
Araneae,Ischnothyreus,Ischnothyreus_sp.,X,7,3
Araneae,Neotrops,Neotrops_sp.,X,7,3
Araneae,Neoxyphinus,Neoxyphinus_termitophilus,X,7,3
Araneae,Oonops,Oonops_ebenecus,X,7,3
Araneae,Oonops,Oonops_pulcher,X,7,3
Araneae,Xestaspis,Xestaspis_parmata,X,7,3
Araneae,Afrilobus,Afrilobus_sp.,X,5,2
Araneae,----,----_,X,21,10
Araneae,Oxyopes,Oxyopes_hindostanicus,X,21,10
Araneae,Oxyopes,Oxyopes_hindostanicus,X,21,10
Araneae,Oxyopes,Oxyopes_hindostanicus,X,21,10
Araneae,Oxyopes,Oxyopes_hindostanicus,X,21,10
Araneae,Oxyopes,Oxyopes_hindostanicus,X,21,10
Araneae,Oxyopes,Oxyopes_hindostanicus,X,21,10
Araneae,Oxyopes,Oxyopes_hindostanicus,X,21,10
Araneae,Oxyopes,Oxyopes_javanus,X,23,11
Araneae,Oxyopes,Oxyopes_lepidus,X,21,10
Araneae,Oxyopes,Oxyopes_macilentus,X,21,10
Araneae,Oxyopes,Oxyopes_macilentus,X,23,11
Araneae,Oxyopes,Oxyopes_pandae,X,21,10
Araneae,Oxyopes,Oxyopes_ramosus,X,21,10
Araneae,Oxyopes,Oxyopes_rufisternis,X,21,10
Araneae,Oxyopes,Oxyopes_rufisternis,X,21,10
Araneae,Oxyopes,Oxyopes_ryvesi,X,21,10
Araneae,Oxyopes,Oxyopes_salticus,X,11,5
Araneae,Oxyopes,Oxyopes_sertatus,X,21,10
Araneae,Oxyopes,Oxyopes_sertatus,X,21,10
Araneae,Oxyopes,Oxyopes_sertatus,X,21,10
Araneae,Oxyopes,Oxyopes_sertatus,X,21,10
Araneae,Oxyopes,Oxyopes_sertatus,X,21,10
Araneae,Oxyopes,Oxyopes_shweta,X,21,10
Araneae,Oxyopes,Oxyopes_shweta,X,21,10
Araneae,Oxyopes,Oxyopes_sushilae,X,21,10
Araneae,Oxyopes,Oxyopes_sp.,X,21,10
Araneae,Oxyopes,Oxyopes_sp.,X,21,10
Araneae,Oxyopes,Oxyopes_sp.,X,21,10
Araneae,Peucetia,Peucetia_rubrolineata,X,21,10
Araneae,Philodromus,Philodromus_auricomus,X,27,13
Araneae,Philodromus,Philodromus_subaureolus,X,27,13
Araneae,Anopsicus,Anopsicus_sp.,X,17,8
Araneae,Belisana,Belisana_sabah,X,23,11
Araneae,Cantikus,Cantikus_sabah,X,13,6
Araneae,Carapoia,Carapoia_lutea,X,15,7
Araneae,Carapoia,Carapoia_sp.,X,15,7
Araneae,Chisosa,Chisosa_diluta,X,13,6
Araneae,Crossopriza,Crossopriza_lyoni,X,27,13
Araneae,Crossopriza,Crossopriza_lyoni,X,25,12
Araneae,Crossopriza,Crossopriza_lyoni,X,23,11
Araneae,Crossopriza,Crossopriza_lyoni,X,23,11
Araneae,Crossopriza,Crossopriza_lyoni,X,23,11
Araneae,Crossopriza,Crossopriza_lyoni,X,23,11
Araneae,Crossopriza,Crossopriza_lyoni,X,23,11
Araneae,Crossopriza,Crossopriza_lyoni,X,23,11
Araneae,Crossopriza,Crossopriza_sp.,X,23,11
Araneae,Guaranita,Guaranita_goloboffi,X,11,5
Araneae,Holocneminus,Holocneminus_sp.,X,15,7
Araneae,Holocnemus,Holocnemus_caudatus,X,23,11
Araneae,Holocnemus,Holocnemus_caudatus,X,23,11
Araneae,Holocnemus,Holocnemus_hispanicus,X,23,11
Araneae,Holocnemus,Holocnemus_pluchei,X,27,13
Araneae,Mesabolivar,Mesabolivar_brasiliensis,X,17,8
Araneae,Mesabolivar,Mesabolivar_cyaneotaeniatus,X,17,8
Araneae,Mesabolivar,Mesabolivar_spinulosus,X,17,8
Araneae,Mesabolivar,Mesabolivar_togatus,X,17,8
Araneae,Micropholcus,Micropholcus_fauroti,X,17,8
Araneae,Micropholcus,Micropholcus_fauroti,X,9,4
Araneae,Micropholcus,Micropholcus_piaui,X,9,4
Araneae,Micropholcus,Micropholcus_ubajara,X,9,4
Araneae,Modisimus,Modisimus_cf.,X,17,8
Araneae,Pholcus,Pholcus_manueli,X,25,12
Araneae,Physocyclus,Physocyclus_californicus,X,15,7
Araneae,Physocyclus,Physocyclus_dugesi,X,15,7
Araneae,Physocyclus,Physocyclus_enaulus,X,15,7
Araneae,Physocyclus,Physocyclus_globosus,X,15,7
Araneae,Physocyclus,Physocyclus_mexicanus,X,15,7
Araneae,Physocyclus,Physocyclus_sp.,X,15,7
Araneae,Physocyclus,Physocyclus_sp.,X,15,7
Araneae,Psilochorus,Psilochorus_californiae,X,17,8
Araneae,Psilochorus,Psilochorus_pallidulus,X,17,8
Araneae,Psilochorus,Psilochorus_simoni,X,17,8
Araneae,Stygopholcus,Stygopholcus_skotophilus,X,23,11
Araneae,Aelurillus,Aelurillus_politiventris,X,21,10
Araneae,Attinella,Attinella_concolor,X,15,7
Araneae,Habronattus,Habronattus_tarascanus,X,27,13
Araneae,Habronattus,Habronattus_sp.,X,27,13
Araneae,Marpissa,Marpissa_sp.,X,21,10
Araneae,Myrmarachne,Myrmarachne_formicaria,X,23,11
Araneae,Myrmarachne,Myrmarachne_laeta,X,23,11
Araneae,Myrmarachne,Myrmarachne_melanocephala,X,23,11
Araneae,Myrmarachne,Myrmarachne_prava,X,25,12
Araneae,Myrmarachne,Myrmarachne_ramunni,X,23,11
Araneae,Neon,Neon_reticulatus,X,21,10
Araneae,Rhene,Rhene_flavigera,X,23,11
Araneae,Scytodes,Scytodes_fusca,X,31,15
Araneae,Scytodes,Scytodes_globula,X,13,6
Araneae,Scytodes,Scytodes_globula,X,13,6
Araneae,Scytodes,Scytodes_itapevi,X,17,8
Araneae,Scytodes,Scytodes_thoracica,X,19,9
Araneae,Scytodes,Scytodes_sp.,X,19,9
Araneae,Ariadna,Ariadna_boesenbergi,X,9,4
Araneae,Ariadna,Ariadna_lateralis,X,7,3
Araneae,Ariadna,Ariadna_lateralis,X,7,3
Araneae,Ariadna,Ariadna_mollis,X,9,4
Araneae,Ariadna,Ariadna_sp.,X,7,3
Araneae,Heteropoda,Heteropoda_sexpunctata,X,21,10
Araneae,Monoblemma,Monoblemma_muchmorei,X,23,11
Araneae,Idiothele,Idiothele_mira,X,25,12
Araneae,Pterinochilus,Pterinochilus_murinus,X,43,21
Araneae,Argyrodes,Argyrodes_cf.,X,21,10
Araneae,Argyrodes,Argyrodes_elevatus,X,21,10
Araneae,Argyrodes,Argyrodes_sp.,X,21,10
Araneae,Latrodectus,Latrodectus_geometricus,X,17,8
Araneae,Theridion,Theridion_pictum,X,29,14
Araneae,Theridion,Theridion_pictum,X,-23,-12
Araneae,Bassaniana,Bassaniana_decorata,X,23,11
Araneae,Coriarachne,Coriarachne_fulvipes,X,23,11
Araneae,Ebrechtella,Ebrechtella_tricuspidata,X,23,11
Araneae,Ebrechtella,Ebrechtella_tricuspidata,X,23,11
Araneae,Ebrechtella,Ebrechtella_tricuspidata,X,23,11
Araneae,Heriaeus,Heriaeus_setiger,X,23,11
Araneae,Indoxysticus,Indoxysticus_minutus,X,23,11
Araneae,Massuria,Massuria_sreepanchamii,X,23,11
Araneae,Mastira,Mastira_menoka,X,23,11
Araneae,Misumena,Misumena_vatia,X,23,11
Araneae,Ozyptila,Ozyptila_maratha,X,21,10
Araneae,Thomisus,Thomisus_beautifularis,X,23,11
Araneae,Thomisus,Thomisus_sp.,X,23,11
Araneae,Xysticus,Xysticus_cristatus,X,23,11
Araneae,Xysticus,Xysticus_croceus,X,23,11
Araneae,Xysticus,Xysticus_ephippiatus,X,23,11
Araneae,Xysticus,Xysticus_ephippiatus,X,23,11
Araneae,Xysticus,Xysticus_gallicus,X,23,11
Araneae,Xysticus,Xysticus_insulicola,X,23,11
Araneae,Xysticus,Xysticus_roonwali,X,23,11
Araneae,Xysticus,Xysticus_ulmi,X,23,11
Araneae,Xysticus,Xysticus_ulmi,X,23,11
Araneae,Xysticus,Xysticus_ulmi,X,23,11
Araneae,Xysticus,Xysticus_sp.,X,23,11
Araneae,Xysticus,Xysticus_sp.,X,23,11
Araneae,Orthobula,Orthobula_sp.,X,21,10
Araneae,Octonoba,Octonoba_sinensis,X,17,8
Araneae,Octonoba,Octonoba_sinensis,X,17,8
Araneae,Zosis,Zosis_geniculata,X,17,8
Araneae,Zosis,Zosis_geniculata,X,17,8
Araneae,Zodarion,Zodarion_germanicum,X,29,14
Araneae,Zodarion,Zodarion_hamatum,X,21,10
Araneae,Zodarion,Zodarion_italicum,X,21,10
Araneae,Zodarion,Zodarion_lutipes,X,25,12
Araneae,Zodarion,Zodarion_nitidum,X,25,12
Araneae,Delena,Delena_cancerides,X neoX1-2 Y,22,11
Araneae,Delena,Delena_cancerides,X neoX1-3 Y1-2,24,12
Araneae,Delena,Delena_cancerides,X neoX1-3 Y1-2,22,11
Araneae,Delena,Delena_cancerides,X neoX1-3 Y1-2,22,11
Araneae,Delena,Delena_cancerides,X neoX1-3 Y1-2,22,11
Araneae,Delena,Delena_cancerides,X neoX1-5 Y1-4,34,17
Araneae,Delena,Delena_cancerides,X neoX1-5 Y1-4,22,11
Araneae,Delena,Delena_cancerides,X neoX1-5 Y1-4,22,11
Araneae,Delena,Delena_cancerides,X neoX1-5 Y1-4,22,11
Araneae,Delena,Delena_cancerides,X neoX1-5 Y1-4,22,11
Araneae,Delena,Delena_cancerides,X neoX1-5 Y1-4,22,11
Araneae,Titanidiops,Titanidiops_syriacus,X?,61,30
Araneae,Alpaida,Alpaida_veniliae,X`1X2,22,11
Araneae,Arctosa,Arctosa_maculata,X`1X2,28,14
Araneae,Pterinochilus,Pterinochilus_lugardi,X+CSCP,23,11
Araneae,Cyrtophora,Cyrtophora_citricola,X1X1X2X2,-26,13
Araneae,Nephilingis,Nephilingis_cruentata,X1X1X2X2,-26,13
Araneae,Polybetes,Polybetes_punctulatus,X1X1X2X2,-44,22
Araneae,Polybetes,Polybetes_rapidus,X1X1X2X2,-44,22
Araneae,Syntrechalea,Syntrechalea_syntrechaloides,X1X1X2X2,-30,15
Araneae,Agelena,Agelena_labyrinthica,X1X2,42,21
Araneae,Agelena,Agelena_limbata,X1X2,46,23
Araneae,Agelena,Agelena_limbata,X1X2,44,22
Araneae,Agelena,Agelena_limbata,X1X2,42,21
Araneae,Agelenopsis,Agelenopsis_naevia,X1X2,40,20
Araneae,Agelenopsis,Agelenopsis_naevia,X1X2,52,26
Araneae,Allagelena,Allagelena_difficilis,X1X2,44,22
Araneae,Allagelena,Allagelena_opulenta,X1X2,44,22
Araneae,Allagelena,Allagelena_opulenta,X1X2,44,22
Araneae,Eratigena,Eratigena_atrica,X1X2,42,21
Araneae,Tegecoelotes,Tegecoelotes_corasides,X1X2,42,21
Araneae,Tegenaria,Tegenaria_elysii,X1X2,42,21
Araneae,Tegenaria,Tegenaria_silvestris,X1X2,42,21
Araneae,Anyphaena,Anyphaena_accentuata,X1X2,26,13
Araneae,Anyphaena,Anyphaena_pugil,X1X2,26,13
Araneae,Wulfila,Wulfila_saltabundus,X1X2,20,10
Araneae,Acacesia,Acacesia_benigna,X1X2,24,12
Araneae,Actinosoma,Actinosoma_pentacanthum,X1X2,24,12
Araneae,Acusilas,Acusilas_coccineus,X1X2,24,12
Araneae,Alenatea,Alenatea_fuscocolorata,X1X2,24,12
Araneae,Alpaida,Alpaida_bicornuta,X1X2,24,12
Araneae,Alpaida,Alpaida_leucogramma,X1X2,24,12
Araneae,Alpaida,Alpaida_truncata,X1X2,22,11
Araneae,Araneus,Araneus_angulatus,X1X2,24,12
Araneae,Araneus,Araneus_diadematus,X1X2,24,12
Araneae,Araneus,Araneus_diadematus,X1X2,24,12
Araneae,Araneus,Araneus_diadematus,X1X2,24,12
Araneae,Araneus,Araneus_diadematus,X1X2,24,12
Araneae,Araneus,Araneus_lathyrinus,X1X2,24,12
Araneae,Araneus,Araneus_quadratus,X1X2,24,12
Araneae,Araneus,Araneus_ventricosus,X1X2,48,24
Araneae,Araneus,Araneus_ventricosus,X1X2,46,23
Araneae,Araneus,Araneus_sp.,X1X2,24,12
Araneae,Araneus,Araneus_sp.,X1X2,24,12
Araneae,Araneus,Araneus_sp.,X1X2,24,12
Araneae,Araniella,Araniella_cucurbitina,X1X2,24,12
Araneae,Argiope,Argiope_amoena,X1X2,24,12
Araneae,Argiope,Argiope_amoena,X1X2,24,12
Araneae,Argiope,Argiope_bruennichi,X1X2,24,12
Araneae,Argiope,Argiope_minuta,X1X2,24,12
Araneae,Argiope,Argiope_minuta,X1X2,24,12
Araneae,Argiope,Argiope_pulchella,X1X2,24,12
Araneae,Bijoaraneus,Bijoaraneus_mitificus,X1X2,24,12
Araneae,Cyclosa,Cyclosa_atrata,X1X2,24,12
Araneae,Cyclosa,Cyclosa_atrata,X1X2,24,12
Araneae,Cyclosa,Cyclosa_bifida,X1X2,24,12
Araneae,Cyclosa,Cyclosa_bifida,X1X2,24,12
Araneae,Cyclosa,Cyclosa_bifida,X1X2,24,12
Araneae,Cyclosa,Cyclosa_confraga,X1X2,24,12
Araneae,Cyclosa,Cyclosa_confraga,X1X2,24,12
Araneae,Cyclosa,Cyclosa_conica,X1X2,24,12
Araneae,Cyclosa,Cyclosa_conica,X1X2,24,12
Araneae,Cyclosa,Cyclosa_octotuberculata,X1X2,24,12
Araneae,Cyclosa,Cyclosa_octotuberculata,X1X2,24,12
Araneae,Cyclosa,Cyclosa_octotuberculata,X1X2,24,12
Araneae,Cyclosa,Cyclosa_sedeculata,X1X2,24,12
Araneae,Cyclosa,Cyclosa_spirifera,X1X2,24,12
Araneae,Cyclosa,Cyclosa_spirifera,X1X2,24,12
Araneae,Cyclosa,Cyclosa_spirifera,X1X2,24,12
Araneae,Cyclosa,Cyclosa_walckenaeri,X1X2,24,12
Araneae,Cyclosa,Cyclosa_walckenaeri,X1X2,24,12
Araneae,Cyclosa,Cyclosa_sp.,X1X2,24,12
Araneae,Cyrtophora,Cyrtophora_cicatrosa,X1X2,24,12
Araneae,Cyrtophora,Cyrtophora_cicatrosa,X1X2,24,12
Araneae,Cyrtophora,Cyrtophora_citricola,X1X2,24,12
Araneae,Cyrtophora,Cyrtophora_citricola,X1X2,24,12
Araneae,Cyrtophora,Cyrtophora_feae,X1X2,24,12
Araneae,Cyrtophora,Cyrtophora_sp.,X1X2,26,13
Araneae,Eriovixia,Eriovixia_poonaensis,X1X2,24,12
Araneae,Eriovixia,Eriovixia_poonaensis,X1X2,24,12
Araneae,Eriovixia,Eriovixia_poonaensis,X1X2,24,12
Araneae,Eustala,Eustala_sp.,X1X2,24,12
Araneae,Gasteracantha,Gasteracantha_cancriformis,X1X2,24,12
Araneae,Gasteracantha,Gasteracantha_kuhli,X1X2,16,8
Araneae,Gasteracantha,Gasteracantha_kuhli,X1X2,16,8
Araneae,Larinia,Larinia_directa,X1X2,24,12
Araneae,Larinia,Larinia_directa,X1X2,24,12
Araneae,Larinia,Larinia_sp.,X1X2,24,12
Araneae,Larinia,Larinia_sp.,X1X2,24,12
Araneae,Larinia,Larinia_sp.,X1X2,24,12
Araneae,Lariniaria,Lariniaria_argiopiformis,X1X2,24,12
Araneae,Larinioides,Larinioides_cornutus,X1X2,24,12
Araneae,Larinioides,Larinioides_cornutus,X1X2,24,12
Araneae,Larinioides,Larinioides_cornutus,X1X2,24,12
Araneae,Larinioides,Larinioides_patagiatus,X1X2,14,7
Araneae,Leviellus,Leviellus_stroemi,X1X2,24,12
Araneae,Macracantha,Macracantha_hasselti,X1X2,16,8
Araneae,Macracantha,Macracantha_hasselti,X1X2,16,8
Araneae,Neoscona,Neoscona_achine,X1X2,24,12
Araneae,Neoscona,Neoscona_achine,X1X2,24,12
Araneae,Neoscona,Neoscona_adianta,X1X2,24,12
Araneae,Neoscona,Neoscona_arabesca,X1X2,24,12
Araneae,Neoscona,Neoscona_arabesca,X1X2,24,12
Araneae,Neoscona,Neoscona_mukerjei,X1X2,24,12
Araneae,Neoscona,Neoscona_pavida,X1X2,24,12
Araneae,Neoscona,Neoscona_punctigera,X1X2,24,12
Araneae,Neoscona,Neoscona_punctigera,X1X2,24,12
Araneae,Neoscona,Neoscona_scylla,X1X2,24,12
Araneae,Neoscona,Neoscona_scylla,X1X2,14,7
Araneae,Neoscona,Neoscona_theisi,X1X2,24,12
Araneae,Neoscona,Neoscona_sp.,X1X2,14,7
Araneae,Neoscona,Neoscona_sp.,X1X2,24,12
Araneae,Neoscona,Neoscona_sp.,X1X2,24,12
Araneae,Nuctenea,Nuctenea_umbratica,X1X2,24,12
Araneae,Nuctenea,Nuctenea_umbratica,X1X2,24,12
Araneae,Nuctenea,Nuctenea_umbratica,X1X2,24,12
Araneae,Parawixia,Parawixia_bistriata,X1X2,24,12
Araneae,Parawixia,Parawixia_kochi,X1X2,22,11
Araneae,Parawixia,Parawixia_velutina,X1X2,24,12
Araneae,Songaraneus,Songaraneus_ejusmodi,X1X2,24,12
Araneae,Singa,Singa_hamata,X1X2,24,12
Araneae,Trichonephila,Trichonephila_clavata,X1X2,24,12
Araneae,Trichonephila,Trichonephila_clavipes,X1X2,24,12
Araneae,Trichonephila,Trichonephila_sexpunctata,X1X2,24,12
Araneae,Wagneriana,Wagneriana_sp.,X1X2,22,11
Araneae,Atypus,Atypus_karschi,X1X2,46,23
Araneae,Atypus,Atypus_karschi,X1X2,46,23
Araneae,Atypus,Atypus_karschi,X1X2,44,22
Araneae,Cheiracanthium,Cheiracanthium_himalayense,X1X2,26,13
Araneae,Cheiracanthium,Cheiracanthium_insigne,X1X2,26,13
Araneae,Cheiracanthium,Cheiracanthium_japonicum,X1X2,26,13
Araneae,Cheiracanthium,Cheiracanthium_japonicum,X1X2,26,13
Araneae,Cheiracanthium,Cheiracanthium_melanostomum,X1X2,26,13
Araneae,Cheiracanthium,Cheiracanthium_melanostomum,X1X2,26,13
Araneae,Cheiracanthium,Cheiracanthium_mildei,X1X2,28,14
Araneae,Cheiracanthium,Cheiracanthium_pennyi,X1X2,26,13
Araneae,Cheiracanthium,Cheiracanthium_punctorium,X1X2,26,13
Araneae,Cheiracanthium,Cheiracanthium_unicum,X1X2,26,13
Araneae,Cheiracanthium,Cheiracanthium_sp.,X1X2,26,13
Araneae,Cheiramiona,Cheiramiona_kirkspriggsi,X1X2,24,12
Araneae,Strotarchus,Strotarchus_vittatus,X1X2,22,11
Araneae,Strotarchus,Strotarchus_vittatus,X1X2,22,11
Araneae,Clubiona,Clubiona_caerulescens,X1X2,22,11
Araneae,Clubiona,Clubiona_drassodes,X1X2,22,11
Araneae,Clubiona,Clubiona_drassodes,X1X2,22,11
Araneae,Clubiona,Clubiona_japonicola,X1X2,20,10
Araneae,Clubiona,Clubiona_japonicola,X1X2,22,11
Araneae,Clubiona,Clubiona_japonicola,X1X2,24,12
Araneae,Clubiona,Clubiona_lena,X1X2,24,12
Araneae,Clubiona,Clubiona_ludhianaensis,X1X2,26,13
Araneae,Clubiona,Clubiona_phragmitis,X1X2,22,11
Araneae,Clubiona,Clubiona_stagnatilis,X1X2,24,12
Araneae,Clubiona,Clubiona_subsultans,X1X2,22,11
Araneae,Clubiona,Clubiona_subsultans,X1X2,24,12
Araneae,Clubiona,Clubiona_subsultans,X1X2,24,12
Araneae,Clubiona,Clubiona_sp.,X1X2,26,13
Araneae,Castianeira,Castianeira_longipalpus,X1X2,26,13
Araneae,Castianeira,Castianeira_longipalpus,X1X2,26,13
Araneae,Castianeira,Castianeira_zetes,X1X2,26,13
Araneae,Falconina,Falconina_sp.,X1X2,28,14
Araneae,Asthenoctenus,Asthenoctenus_borellii,X1X2,22,11
Araneae,Bowie,Bowie_indicus,X1X2,28,14
Araneae,Centroctenus,Centroctenus_brevipes,X1X2,28,14
Araneae,Ctenus,Ctenus_amphora,X1X2,28,14
Araneae,Ctenus,Ctenus_crulsi,X1X2,28,14
Araneae,Ctenus,Ctenus_medius,X1X2,28,14
Araneae,Ctenus,Ctenus_medius,X1X2,28,14
Araneae,Ctenus,Ctenus_ornatus,X1X2,28,14
Araneae,Ctenus,Ctenus_ornatus,X1X2,28,14
Araneae,Ctenus,Ctenus_ornatus,X1X2,28,14
Araneae,Ctenus,Ctenus_cf.,X1X2,28,14
Araneae,Ctenus,Ctenus_villasboasi,X1X2,28,14
Araneae,Ctenus,Ctenus_sp.,X1X2,28,14
Araneae,Enoploctenus,Enoploctenus_cyclothorax,X1X2,28,14
Araneae,Guasuctenus,Guasuctenus_longipes,X1X2,28,14
Araneae,Phoneutria,Phoneutria_nigriventer,X1X2,28,14
Araneae,Phoneutria,Phoneutria_nigriventer,X1X2,28,14
Araneae,Cyrtocarenum,Cyrtocarenum_cunicularium,X1X2,74,37
Araneae,Metaltella,Metaltella_simoni,X1X2,40,20
Araneae,Argyroneta,Argyroneta_aquatica,X1X2,24,12
Araneae,Argyroneta,Argyroneta_aquatica,X1X2,24,12
Araneae,Argyroneta,Argyroneta_aquatica,X1X2,24,12
Araneae,Dictyna,Dictyna_arundinacea,X1X2,24,12
Araneae,Dictyna,Dictyna_foliicola,X1X2,24,12
Araneae,Dictyna,Dictyna_uncinata,X1X2,22,11
Araneae,Dictyna,Dictyna_uncinata,X1X2,22,11
Araneae,Dolomedes,Dolomedes_fimbriatus,X1X2,24,12
Araneae,Dolomedes,Dolomedes_fimbriatus,X1X2,26,13
Araneae,Dolomedes,Dolomedes_fimbriatus,X1X2,26,13
Araneae,Dolomedes,Dolomedes_saganus,X1X2,28,14
Araneae,Dolomedes,Dolomedes_saganus,X1X2,28,14
Araneae,Dolomedes,Dolomedes_saganus,X1X2,28,14
Araneae,Dolomedes,Dolomedes_scriptus,X1X2,26,13
Araneae,Dolomedes,Dolomedes_sulfureus,X1X2,28,14
Araneae,Dolomedes,Dolomedes_sulfureus,X1X2,28,14
Araneae,Dolomedes,Dolomedes_sp.,X1X2,28,14
Araneae,Dolomedes,Dolomedes_sp.,X1X2,28,14
Araneae,Dysdera,Dysdera_dolanskyi,X1X2,20,10
Araneae,Stegodyphus,Stegodyphus_dumicola,X1X2,26,13
Araneae,Stegodyphus,Stegodyphus_sarasinorum,X1X2,30,15
Araneae,Stegodyphus,Stegodyphus_sarasinorum,X1X2,24,12
Araneae,Stegodyphus,Stegodyphus_sarasinorum,X1X2,30,15
Araneae,Stegodyphus,Stegodyphus_sarasinorum,X1X2,30,15
Araneae,Stegodyphus,Stegodyphus_sarasinorum,X1X2,30,15
Araneae,Kukulcania,Kukulcania_hibernalis,X1X2,24,12
Araneae,Austrachelas,Austrachelas_natalensis,X1X2,22,11
Araneae,Ammoxenus,Ammoxenus_amphalodes,X1X2,22,11
Araneae,Ammoxenus,Ammoxenus_psammodromus,X1X2,22,11
Araneae,Berinda,Berinda_ensigera,X1X2,22,11
Araneae,Berinda,Berinda_hakani,X1X2,22,11
Araneae,Berlandina,Berlandina_cinerea,X1X2,22,11
Araneae,Callilepis,Callilepis_cretica,X1X2,22,11
Araneae,Callilepis,Callilepis_imbecilla,X1X2,22,11
Araneae,Callilepis,Callilepis_nocturna,X1X2,22,11
Araneae,Callilepis,Callilepis_nocturna,X1X2,22,11
Araneae,Camillina,Camillina_maun,X1X2,22,11
Araneae,Cesonia,Cesonia_sp.,X1X2,22,11
Araneae,Civizelotes,Civizelotes_caucasius,X1X2,22,11
Araneae,Drassodes,Drassodes_bifidus,X1X2,22,11
Araneae,Drassodes,Drassodes_lapidosus,X1X2,22,11
Araneae,Drassodes,Drassodes_pubescens,X1X2,22,11
Araneae,Drassodes,Drassodes_serratichelis,X1X2,22,11
Araneae,Drassodes,Drassodes_sp.,X1X2,22,11
Araneae,Drassyllus,Drassyllus_praeficus,X1X2,22,11
Araneae,Drassyllus,Drassyllus_pumilus,X1X2,22,11
Araneae,Drassyllus,Drassyllus_sur,X1X2,22,11
Araneae,Gnaphosa,Gnaphosa_kailana,X1X2,22,11
Araneae,Gnaphosa,Gnaphosa_kailana,X1X2,22,11
Araneae,Gnaphosa,Gnaphosa_lugubris,X1X2,22,11
Araneae,Gnaphosa,Gnaphosa_muscorum,X1X2,22,11
Araneae,Gnaphosa,Gnaphosa_sp.,X1X2,22,11
Araneae,Gnaphosa,Gnaphosa_sp.,X1X2,22,11
Araneae,Gnaphosa,Gnaphosa_sp.,X1X2,22,11
Araneae,Haplodrassus,Haplodrassus_cognatus,X1X2,22,11
Araneae,Haplodrassus,Haplodrassus_dalmatensis,X1X2,22,11
Araneae,Haplodrassus,Haplodrassus_morosus,X1X2,22,11
Araneae,Haplodrassus,Haplodrassus_signifer,X1X2,22,11
Araneae,Hitobia,Hitobia_unifascigera,X1X2,22,11
Araneae,Marinarozelotes,Marinarozelotes_barbatus,X1X2,22,11
Araneae,Marinarozelotes,Marinarozelotes_lyonneti,X1X2,22,11
Araneae,Marinarozelotes,Marinarozelotes_malkini,X1X2,22,11
Araneae,Megamyrmaekion,Megamyrmaekion_sp.,X1X2,22,11
Araneae,Micaria,Micaria_albovittata,X1X2,22,11
Araneae,Micaria,Micaria_nivosa,X1X2,22,11
Araneae,Nomisia,Nomisia_conigera,X1X2,22,11
Araneae,Nomisia,Nomisia_conigera,X1X2,22,11
Araneae,Nomisia,Nomisia_exornata,X1X2,22,11
Araneae,Nomisia,Nomisia_orientalis,X1X2,22,11
Araneae,Nomisia,Nomisia_ripariensis,X1X2,22,11
Araneae,Phaeocedus,Phaeocedus_sp.,X1X2,22,11
Araneae,Phaeocedus,Phaeocedus_sp.,X1X2,22,11
Araneae,Poecilochroa,Poecilochroa_variana,X1X2,22,11
Araneae,Pterotricha,Pterotricha_dalmasi,X1X2,22,11
Araneae,Pterotricha,Pterotricha_kochi,X1X2,22,11
Araneae,Pterotricha,Pterotricha_lesserti,X1X2,22,11
Araneae,Pterotricha,Pterotricha_procera,X1X2,22,11
Araneae,Scopoides,Scopoides_sp.,X1X2,22,11
Araneae,Scotophaeus,Scotophaeus_blackwalli,X1X2,24,12
Araneae,Scotophaeus,Scotophaeus_blackwalli,X1X2,24,12
Araneae,Scotophaeus,Scotophaeus_domesticus,X1X2,30,15
Araneae,Zelotes,Zelotes_aeneus,X1X2,20,10
Araneae,Zelotes,Zelotes_fuligineus,X1X2,22,11
Araneae,Zelotes,Zelotes_sclateri,X1X2,22,11
Araneae,Zelotes,Zelotes_strandi,X1X2,22,11
Araneae,Zelotes,Zelotes_subterraneus,X1X2,22,11
Araneae,Zelotes,Zelotes_sp.,X1X2,22,11
Araneae,Hahnia,Hahnia_nava,X1X2,34,17
Araneae,Hersilia,Hersilia_savignyi,X1X2,30,15
Araneae,Hersilia,Hersilia_savignyi,X1X2,32,16
Araneae,Hersilia,Hersilia_savignyi,X1X2,30,15
Araneae,Hersilia,Hersilia_savignyi,X1X2,30,15
Araneae,Hersilia,Hersilia_savignyi,X1X2,30,15
Araneae,Hersilia,Hersilia_savignyi,X1X2,30,15
Araneae,Hersilia,Hersilia_savignyi,X1X2,30,15
Araneae,Ischnothele,Ischnothele_indicola,X1X2,86,43
Araneae,Agyneta,Agyneta_sp.,X1X2,24,12
Araneae,Bolyphantes,Bolyphantes_alticeps,X1X2,24,12
Araneae,Erigone,Erigone_atra,X1X2,24,12
Araneae,Gongylidium,Gongylidium_rufipes,X1X2,22,11
Araneae,Helophora,Helophora_insignis,X1X2,24,12
Araneae,Hylyphantes,Hylyphantes_graminicola,X1X2,24,12
Araneae,Lepthyphantes,Lepthyphantes_minutus,X1X2,24,12
Araneae,Linyphia,Linyphia_triangularis,X1X2,24,12
Araneae,Linyphia,Linyphia_triangularis,X1X2,46,23
Araneae,Linyphia,Linyphia_triangularis,X1X2,24,12
Araneae,Linyphia,Linyphia_sp.,X1X2,24,12
Araneae,Neriene,Neriene_albolimbata,X1X2,24,12
Araneae,Neriene,Neriene_montana,X1X2,24,12
Araneae,Neriene,Neriene_radiata,X1X2,22,11
Araneae,Neriene,Neriene_radiata,X1X2,22,11
Araneae,Neriene,Neriene_radiata,X1X2,24,12
Araneae,Taranucnus,Taranucnus_setosus,X1X2,24,12
Araneae,Oedignatha,Oedignatha_scrobiculata,X1X2,26,13
Araneae,Heptathela,Heptathela_kimurai,X1X2,80,40
Araneae,Heptathela,Heptathela_kimurai,X1X2,80,40
Araneae,Heptathela,Heptathela_kimurai,X1X2,96,48
Araneae,Alopecosa,Alopecosa_aculeata,X1X2,28,14
Araneae,Alopecosa,Alopecosa_albofasciata,X1X2,28,14
Araneae,Alopecosa,Alopecosa_pulverulenta,X1X2,28,14
Araneae,Anomalomma,Anomalomma_harishi,X1X2,28,14
Araneae,Anomalomma,Anomalomma_harishi,X1X2,28,14
Araneae,Anomalomma,Anomalomma_sp.,X1X2,28,14
Araneae,Arctosa,Arctosa_alpigena,X1X2,26,13
Araneae,Arctosa,Arctosa_alpigena,X1X2,28,14
Araneae,Arctosa,Arctosa_cinerea,X1X2,28,14
Araneae,Arctosa,Arctosa_cinerea,X1X2,28,14
Araneae,Arctosa,Arctosa_figurata,X1X2,28,14
Araneae,Arctosa,Arctosa_leopardus,X1X2,26,13
Araneae,Arctosa,Arctosa_leopardus,X1X2,28,14
Araneae,Arctosa,Arctosa_lutetiana,X1X2,28,14
Araneae,Arctosa,Arctosa_mulani,X1X2,28,14
Araneae,Arctosa,Arctosa_perita,X1X2,28,14
Araneae,Arctosa,Arctosa_renidescens,X1X2,28,14
Araneae,Arctosa,Arctosa_sp.,X1X2,28,14
Araneae,Arctosa,Arctosa_sp.,X1X2,28,14
Araneae,Crocodilosa,Crocodilosa_leucostigma,X1X2,28,14
Araneae,Draposa,Draposa_lyrivulva,X1X2,28,14
Araneae,Draposa,Draposa_lyrivulva,X1X2,28,14
Araneae,Draposa,Draposa_lyrivulva,X1X2,24,12
Araneae,Draposa,Draposa_oakleyi,X1X2,28,14
Araneae,Draposa,Draposa_oakleyi,X1X2,26,13
Araneae,Evippa,Evippa_praelongipes,X1X2,26,13
Araneae,Evippa,Evippa_praelongipes,X1X2,26,13
Araneae,Gladicosa,Gladicosa_pulchra,X1X2,28,14
Araneae,Hippasa,Hippasa_agelenoides,X1X2,28,14
Araneae,Hippasa,Hippasa_agelenoides,X1X2,24,12
Araneae,Hippasa,Hippasa_agelenoides,X1X2,28,14
Araneae,Hippasa,Hippasa_deserticola,X1X2,26,13
Araneae,Hippasa,Hippasa_deserticola,X1X2,26,13
Araneae,Hippasa,Hippasa_deserticola,X1X2,28,14
Araneae,Hippasa,Hippasa_deserticola,X1X2,28,14
Araneae,Hippasa,Hippasa_olivacea,X1X2,28,14
Araneae,Hippasa,Hippasa_olivacea,X1X2,28,14
Araneae,Hippasa,Hippasa_olivacea,X1X2,28,14
Araneae,Hippasa,Hippasa_sp.,X1X2,22,11
Araneae,Hippasa,Hippasa_sp.,X1X2,22,11
Araneae,Hippasosa,Hippasosa_kumari,X1X2,22,11
Araneae,Hygrolycosa,Hygrolycosa_rubrofasciata,X1X2,20,10
Araneae,Lycosa,Lycosa_bistriata,X1X2,28,14
Araneae,Lycosa,Lycosa_carmichaeli,X1X2,28,14
Araneae,Lycosa,Lycosa_carmichaeli,X1X2,28,14
Araneae,Lycosa,Lycosa_carmichaeli,X1X2,22,11
Araneae,Lycosa,Lycosa_chaperi,X1X2,22,11
Araneae,Lycosa,Lycosa_coelestis,X1X2,26,13
Araneae,Lycosa,Lycosa_erythrognatha,X1X2,22,11
Araneae,Lycosa,Lycosa_erythrognatha,X1X2,22,11
Araneae,Lycosa,Lycosa_erythrognatha,X1X2,22,11
Araneae,Lycosa,Lycosa_erythrognatha,X1X2,22,11
Araneae,Lycosa,Lycosa_madani,X1X2,24,12
Araneae,Lycosa,Lycosa_nigrotibialis,X1X2,28,14
Araneae,Lycosa,Lycosa_nigrotibialis,X1X2,28,14
Araneae,Lycosa,Lycosa_nigrotibialis,X1X2,24,12
Araneae,Lycosa,Lycosa_pampeana,X1X2,22,11
Araneae,Lycosa,Lycosa_praegrandis,X1X2,22,11
Araneae,Lycosa,Lycosa_sericovittata,X1X2,22,11
Araneae,Lycosa,Lycosa_sericovittata,X1X2,22,11
Araneae,Lycosa,Lycosa_sp.,X1X2,28,14
Araneae,Lycosa,Lycosa_sp.,X1X2,28,14
Araneae,Lycosa,Lycosa_sp.,X1X2,28,14
Araneae,Lycosa,Lycosa_sp.,X1X2,28,14
Araneae,Lycosa,Lycosa_sp.,X1X2,28,14
Araneae,Lycosa,Lycosa_sp.,X1X2,22,11
Araneae,Lycosa,Lycosa_sp.,X1X2,22,11
Araneae,Lycosa,Lycosa_sp.,X1X2,18,9
Araneae,Lycosa,Lycosa_sp.,X1X2,28,14
Araneae,Lycosa,Lycosa_sp.,X1X2,22,11
Araneae,Lycosa,Lycosa_sp.,X1X2,22,11
Araneae,Lycosa,Lycosa_sp.,X1X2,28,14
Araneae,Lycosa,Lycosa_sp.,X1X2,22,11
Araneae,Lycosa,Lycosa_sp.,X1X2,28,14
Araneae,Margonia,Margonia_himalayensis,X1X2,28,14
Araneae,Margonia,Margonia_himalayensis,X1X2,28,14
Araneae,Pardosa,Pardosa_agrestis,X1X2,28,14
Araneae,Pardosa,Pardosa_agricola,X1X2,28,14
Araneae,Pardosa,Pardosa_alacris,X1X2,28,14
Araneae,Pardosa,Pardosa_amentata,X1X2,28,14
Araneae,Pardosa,Pardosa_amentata,X1X2,28,14
Araneae,Pardosa,Pardosa_amentata,X1X2,28,14
Araneae,Pardosa,Pardosa_amentata,X1X2,28,14
Araneae,Pardosa,Pardosa_astrigera,X1X2,28,14
Araneae,Pardosa,Pardosa_astrigera,X1X2,28,14
Araneae,Pardosa,Pardosa_astrigera,X1X2,28,14
Araneae,Pardosa,Pardosa_astrigera,X1X2,28,14
Araneae,Pardosa,Pardosa_astrigera,X1X2,28,14
Araneae,Pardosa,Pardosa_astrigera,X1X2,28,14
Araneae,Pardosa,Pardosa_bifasciata,X1X2,28,14
Araneae,Pardosa,Pardosa_birmanica,X1X2,28,14
Araneae,Pardosa,Pardosa_birmanica,X1X2,28,14
Araneae,Pardosa,Pardosa_birmanica,X1X2,28,14
Araneae,Pardosa,Pardosa_birmanica,X1X2,28,14
Araneae,Pardosa,Pardosa_birmanica,X1X2,28,14
Araneae,Pardosa,Pardosa_birmanica,X1X2,28,14
Araneae,Pardosa,Pardosa_birmanica,X1X2,28,14
Araneae,Pardosa,Pardosa_fletcheri,X1X2,28,14
Araneae,Pardosa,Pardosa_laura,X1X2,28,14
Araneae,Pardosa,Pardosa_lugubris,X1X2,28,14
Araneae,Pardosa,Pardosa_morosa,X1X2,26,13
Araneae,Pardosa,Pardosa_palustris,X1X2,28,14
Araneae,Pardosa,Pardosa_palustris,X1X2,28,14
Araneae,Pardosa,Pardosa_palustris,X1X2,28,14
Araneae,Pardosa,Pardosa_plumipes,X1X2,28,14
Araneae,Pardosa,Pardosa_pseudoannulata,X1X2,28,14
Araneae,Pardosa,Pardosa_pseudoannulata,X1X2,28,14
Araneae,Pardosa,Pardosa_pseudoannulata,X1X2,22,11
Araneae,Pardosa,Pardosa_pseudoannulata,X1X2,22,11
Araneae,Pardosa,Pardosa_pseudoannulata,X1X2,28,14
Araneae,Pardosa,Pardosa_pseudoannulata,X1X2,28,14
Araneae,Pardosa,Pardosa_saltans,X1X2,28,14
Araneae,Pardosa,Pardosa_sumatrana,X1X2,24,12
Araneae,Pardosa,Pardosa_sumatrana,X1X2,28,14
Araneae,Pardosa,Pardosa_wagleri,X1X2,28,14
Araneae,Pardosa,Pardosa_sp.,X1X2,28,14
Araneae,Pardosa,Pardosa_sp.,X1X2,28,14
Araneae,Pardosa,Pardosa_sp.,X1X2,28,14
Araneae,Pardosa,Pardosa_sp.,X1X2,28,14
Araneae,Pirata,Pirata_piraticus,X1X2,26,13
Araneae,Pirata,Pirata_piraticus,X1X2,26,13
Araneae,Pirata,Pirata_punctipes,X1X2,28,14
Araneae,Pirata,Pirata_subpiraticus,X1X2,26,13
Araneae,Pirata,Pirata_subpiraticus,X1X2,26,13
Araneae,Pirata,Pirata_sp.,X1X2,26,13
Araneae,Piratula,Piratula_latitans,X1X2,24,12
Araneae,Piratula,Piratula_piratoides,X1X2,26,13
Araneae,Piratula,Piratula_procurva,X1X2,26,13
Araneae,Piratula,Piratula_uliginosa,X1X2,24,12
Araneae,Rabidosa,Rabidosa_rabida,X1X2,28,14
Araneae,Rabidosa,Rabidosa_rabida,X1X2,28,14
Araneae,Rabidosa,Rabidosa_rabida,X1X2,28,14
Araneae,Schizocosa,Schizocosa_communis,X1X2,22,11
Araneae,Schizocosa,Schizocosa_crassipes,X1X2,22,11
Araneae,Schizocosa,Schizocosa_malitiosa,X1X2,22,11
Araneae,Schizocosa,Schizocosa_malitiosa,X1X2,22,11
Araneae,Schizocosa,Schizocosa_malitiosa,X1X2,22,11
Araneae,Schizocosa,Schizocosa_malitiosa,X1X2,22,11
Araneae,Schizocosa,Schizocosa_ocreata,X1X2,22,11
Araneae,Schizocosa,Schizocosa_rovneri,X1X2,22,11
Araneae,Schizocosa,Schizocosa_stridulans,X1X2,22,11
Araneae,Schizocosa,Schizocosa_sp.,X1X2,28,14
Araneae,Schizocosa,Schizocosa_sp.,X1X2,28,14
Araneae,Serratacosa,Serratacosa_himalayensis,X1X2,28,14
Araneae,Tigrosa,Tigrosa_georgicola,X1X2,28,14
Araneae,Tigrosa,Tigrosa_helluo,X1X2,28,14
Araneae,Trochosa,Trochosa_ruricola,X1X2,26,13
Araneae,Trochosa,Trochosa_ruricola,X1X2,20,10
Araneae,Trochosa,Trochosa_spinipalpis,X1X2,26,13
Araneae,Trochosa,Trochosa_spinipalpis,X1X2,26,13
Araneae,Tropicosa,Tropicosa_thorelli,X1X2,22,11
Araneae,Tropicosa,Tropicosa_thorelli,X1X2,22,11
Araneae,Venonia,Venonia_sp.,X1X2,26,13
Araneae,Venonia,Venonia_sp.,X1X2,26,13
Araneae,Venonia,Venonia_sp.,X1X2,26,13
Araneae,Wadicosa,Wadicosa_fidelis,X1X2,28,14
Araneae,Xerolycosa,Xerolycosa_miniata,X1X2,22,11
Araneae,Xerolycosa,Xerolycosa_miniata,X1X2,22,11
Araneae,Xerolycosa,Xerolycosa_miniata,X1X2,22,11
Araneae,Xerolycosa,Xerolycosa_nemoralis,X1X2,26,13
Araneae,Xerolycosa,Xerolycosa_nemoralis,X1X2,22,11
Araneae,Xerolycosa,Xerolycosa_nemoralis,X1X2,22,11
Araneae,Ero,Ero_japonica,X1X2,24,12
Araneae,Prochora,Prochora_lycosiformis,X1X2,24,12
Araneae,Nesticus,Nesticus_sp.,X1X2,24,12
Araneae,Oecobius,Oecobius_cellariorum,X1X2,22,11
Araneae,Uroctea,Uroctea_compactilis,X1X2,42,21
Araneae,Uroctea,Uroctea_compactilis,X1X2,42,21
Araneae,Hamataliwa,Hamataliwa_sp.,X1X2,28,14
Araneae,Oxyopes,Oxyopes_salticus,X1X2,22,11
Araneae,Oxyopes,Oxyopes_sp.,X1X2,22,11
Araneae,Oxyopes,Oxyopes_sp.,X1X2,22,11
Araneae,Peucetia,Peucetia_flava,X1X2,22,11
Araneae,Peucetia,Peucetia_striata,X1X2,28,14
Araneae,Peucetia,Peucetia_virescens,X1X2,28,14
Araneae,Peucetia,Peucetia_viridana,X1X2,28,14
Araneae,Peucetia,Peucetia_viridana,X1X2,28,14
Araneae,Peucetia,Peucetia_viridana,X1X2,28,14
Araneae,Tapinillus,Tapinillus_sp.,X1X2,22,11
Araneae,Philodromus,Philodromus_aureolus,X1X2,28,14
Araneae,Philodromus,Philodromus_aureolus,X1X2,28,14
Araneae,Philodromus,Philodromus_emarginatus,X1X2,28,14
Araneae,Philodromus,Philodromus_fuscomarginatus,X1X2,28,14
Araneae,Philodromus,Philodromus_fuscomarginatus,X1X2,28,14
Araneae,Philodromus,Philodromus_lividus,X1X2,28,14
Araneae,Philodromus,Philodromus_margaritatus,X1X2,28,14
Araneae,Philodromus,Philodromus_nigrostriatipes,X1X2,28,14
Araneae,Philodromus,Philodromus_roseus,X1X2,28,14
Araneae,Philodromus,Philodromus_roseus,X1X2,28,14
Araneae,Rhysodromus,Rhysodromus_histrio,X1X2,28,14
Araneae,Thanatus,Thanatus_formicinus,X1X2,28,14
Araneae,Thanatus,Thanatus_imbecillus,X1X2,28,14
Araneae,Thanatus,Thanatus_meronensis,X1X2,28,14
Araneae,Thanatus,Thanatus_pictus,X1X2,28,14
Araneae,Tibellus,Tibellus_macellus,X1X2,24,12
Araneae,Tibellus,Tibellus_oblongus,X1X2,24,12
Araneae,Tibellus,Tibellus_oblongus,X1X2,24,12
Araneae,Tibellus,Tibellus_oblongus,X1X2,24,12
Araneae,Tibellus,Tibellus_tenellus,X1X2,28,14
Araneae,Artema,Artema_atlanta,X1X2,32,16
Araneae,Artema,Artema_atlanta,X1X2,32,16
Araneae,Artema,Artema_atlanta,X1X2,32,16
Araneae,Hoplopholcus,Hoplopholcus_cecconii,X1X2,28,14
Araneae,Hoplopholcus,Hoplopholcus_forskali,X1X2,28,14
Araneae,Hoplopholcus,Hoplopholcus_labyrinthi,X1X2,28,14
Araneae,Pholcus,Pholcus_crypticolens,X1X2,24,12
Araneae,Pholcus,Pholcus_sp.,X1X2,26,13
Araneae,Smeringopus,Smeringopus_atomarius,X1X2,28,14
Araneae,Smeringopus,Smeringopus_cylindrogaster,X1X2,26,13
Araneae,Smeringopus,Smeringopus_ndumo,X1X2,28,14
Araneae,Smeringopus,Smeringopus_peregrinus,X1X2,28,14
Araneae,Smeringopus,Smeringopus_similis,X1X2,28,14
Araneae,Smeringopus,Smeringopus_sp.,X1X2,28,14
Araneae,Nilus,Nilus_phipsoni,X1X2,24,12
Araneae,Pisaura,Pisaura_lama,X1X2,28,14
Araneae,Pisaura,Pisaura_mirabilis,X1X2,28,14
Araneae,Pisaura,Pisaura_sp.,X1X2,28,14
Araneae,Pisaura,Pisaura_sp.,X1X2,28,14
Araneae,Plectreurys,Plectreurys_tristis,X1X2,18,9
Araneae,Theuma,Theuma_sp.,X1X2,28,14
Araneae,Psechrus,Psechrus_sinensis,X1X2,24,12
Araneae,Asaracus,Asaracus_sp.,X1X2,28,14
Araneae,Attulus,Attulus_ammophilus,X1X2,28,14
Araneae,Attulus,Attulus_caricis,X1X2,28,14
Araneae,Attulus,Attulus_fasciger,X1X2,28,14
Araneae,Attulus,Attulus_finschi,X1X2,30,15
Araneae,Attulus,Attulus_floricola,X1X2,28,14
Araneae,Attulus,Attulus_floricola,X1X2,30,15
Araneae,Attulus,Attulus_inexpectus,X1X2,28,14
Araneae,Attulus,Attulus_terebratus,X1X2,28,14
Araneae,Attulus,Attulus_terebratus,X1X2,28,14
Araneae,Ballus,Ballus_chalybeius,X1X2,28,14
Araneae,Ballus,Ballus_chalybeius,X1X2,28,14
Araneae,Baryphas,Baryphas_ahenus,X1X2,28,14
Araneae,Bryantella,Bryantella_smaragda,X1X2,28,14
Araneae,Chira,Chira_sp.,X1X2,28,14
Araneae,Coryphasia,Coryphasia_sp.,X1X2,28,14
Araneae,Cyrba,Cyrba_lineata,X1X2,28,14
Araneae,Dendryphantes,Dendryphantes_patagonicus,X1X2,26,13
Araneae,Dendryphantes,Dendryphantes_rudis,X1X2,28,14
Araneae,Epocilla,Epocilla_aura,X1X2,28,14
Araneae,Euophrys,Euophrys_pseudogambosa,X1X2,28,14
Araneae,Evarcha,Evarcha_albaria,X1X2,28,14
Araneae,Evarcha,Evarcha_albaria,X1X2,28,14
Araneae,Evarcha,Evarcha_arcuata,X1X2,28,14
Araneae,Evarcha,Evarcha_arcuata,X1X2,28,14
Araneae,Evarcha,Evarcha_falcata,X1X2,28,14
Araneae,Evarcha,Evarcha_falcata,X1X2,28,14
Araneae,Evarcha,Evarcha_falcata,X1X2,28,14
Araneae,Evarcha,Evarcha_hoyi,X1X2,28,14
Araneae,Evarcha,Evarcha_patagiata,X1X2,28,14
Araneae,Flacillula,Flacillula_sp.,X1X2,28,14
Araneae,Flacillula,Flacillula_sp.,X1X2,28,14
Araneae,Frigga,Frigga_quintensis,X1X2,28,14
Araneae,Habronattus,Habronattus_agilis,X1X2,28,14
Araneae,Habronattus,Habronattus_agilis,X1X2,28,14
Araneae,Habronattus,Habronattus_americanus,X1X2,28,14
Araneae,Habronattus,Habronattus_americanus,X1X2,28,14
Araneae,Habronattus,Habronattus_ammophilus,X1X2,28,14
Araneae,Habronattus,Habronattus_anepsius,X1X2,28,14
Araneae,Habronattus,Habronattus_aztecanus,X1X2,28,14
Araneae,Habronattus,Habronattus_ballatoris,X1X2,28,14
Araneae,Habronattus,Habronattus_calcaratus,X1X2,28,14
Araneae,Habronattus,Habronattus_cambridgei,X1X2,28,14
Araneae,Habronattus,Habronattus_coecatus,X1X2,28,14
Araneae,Habronattus,Habronattus_cognatus,X1X2,28,14
Araneae,Habronattus,Habronattus_conjunctus,X1X2,28,14
Araneae,Habronattus,Habronattus_contingens,X1X2,28,14
Araneae,Habronattus,Habronattus_cuspidatus,X1X2,28,14
Araneae,Habronattus,Habronattus_delectus,X1X2,28,14
Araneae,Habronattus,Habronattus_divaricatus,X1X2,28,14
Araneae,Habronattus,Habronattus_fallax,X1X2,28,14
Araneae,Habronattus,Habronattus_festus,X1X2,28,14
Araneae,Habronattus,Habronattus_formosus,X1X2,28,14
Araneae,Habronattus,Habronattus_forticulus,X1X2,28,14
Araneae,Habronattus,Habronattus_hirsutus,X1X2,28,14
Araneae,Habronattus,Habronattus_hirsutus,X1X2,28,14
Araneae,Habronattus,Habronattus_icenoglei,X1X2,28,14
Araneae,Habronattus,Habronattus_jucundus,X1X2,28,14
Araneae,Habronattus,Habronattus_mataxus,X1X2,28,14
Araneae,Habronattus,Habronattus_cf.,X1X2,28,14
Araneae,Habronattus,Habronattus_notialis,X1X2,28,14
Araneae,Habronattus,Habronattus_ophrys,X1X2,28,14
Araneae,Habronattus,Habronattus_orbus,X1X2,28,14
Araneae,Habronattus,Habronattus_oregonensis,X1X2,28,14
Araneae,Habronattus,Habronattus_oregonensis,X1X2,30,15
Araneae,Habronattus,Habronattus_oregonensis,X1X2,28,14
Araneae,Habronattus,Habronattus_paratus,X1X2,28,14
Araneae,Habronattus,Habronattus_peckhami,X1X2,28,14
Araneae,Habronattus,Habronattus_pugillis,X1X2,28,14
Araneae,Habronattus,Habronattus_pyrrithrix,X1X2,28,14
Araneae,Habronattus,Habronattus_sansoni,X1X2,28,14
Araneae,Habronattus,Habronattus_schlingeri,X1X2,28,14
Araneae,Habronattus,Habronattus_signatus,X1X2,28,14
Araneae,Habronattus,Habronattus_tarsalis,X1X2,28,14
Araneae,Habronattus,Habronattus_tarsalis,X1X2,28,14
Araneae,Habronattus,Habronattus_texanus,X1X2,28,14
Araneae,Habronattus,Habronattus_tlaxcalanus,X1X2,28,14
Araneae,Habronattus,Habronattus_trimaculatus,X1X2,28,14
Araneae,Habronattus,Habronattus_velivolus,X1X2,28,14
Araneae,Habronattus,Habronattus_virgulatus,X1X2,28,14
Araneae,Habronattus,Habronattus_viridipes,X1X2,28,14
Araneae,Habronattus,Habronattus_viridipes,X1X2,30,15
Araneae,Habronattus,Habronattus_viridipes,X1X2,28,14
Araneae,Habronattus,Habronattus_sp.,X1X2,28,14
Araneae,Hasarius,Hasarius_adansoni,X1X2,28,14
Araneae,Hasarius,Hasarius_adansoni,X1X2,28,14
Araneae,Heliophanus,Heliophanus_dubius,X1X2,28,14
Araneae,Heliophanus,Heliophanus_dubius,X1X2,28,14
Araneae,Holcolaetis,Holcolaetis_vellerea,X1X2,28,14
Araneae,Holcolaetis,Holcolaetis_vellerea,X1X2,28,14
Araneae,Holcolaetis,Holcolaetis_zuluensis,X1X2,28,14
Araneae,Jollas,Jollas_cupreus,X1X2,28,14
Araneae,Jotus,Jotus_minutus,X1X2,28,14
Araneae,Lyssomanes,Lyssomanes_pauper,X1X2,28,14
Araneae,Maevia,Maevia_inclemens,X1X2,30,15
Araneae,Marpissa,Marpissa_sp.,X1X2,28,14
Araneae,Marpissa,Marpissa_sp.,X1X2,26,13
Araneae,Marpissa,Marpissa_sp.,X1X2,28,14
Araneae,Mendoza,Mendoza_canestrinii,X1X2,28,14
Araneae,Mendoza,Mendoza_canestrinii,X1X2,28,14
Araneae,Mendoza,Mendoza_elongata,X1X2,28,14
Araneae,Mendoza,Mendoza_elongata,X1X2,28,14
Araneae,Menemerus,Menemerus_illigeri,X1X2,14,7
Araneae,Menemerus,Menemerus_minshullae,X1X2,28,14
Araneae,Menemerus,Menemerus_semilimbatus,X1X2,28,14
Araneae,Menemerus,Menemerus_sp.,X1X2,28,14
Araneae,Metaphidippus,Metaphidippus_chera,X1X2,28,14
Araneae,Metaphidippus,Metaphidippus_diplacis,X1X2,28,14
Araneae,Metaphidippus,Metaphidippus_manni,X1X2,28,14
Araneae,Metaphidippus,Metaphidippus_odiosus,X1X2,28,14
Araneae,Myrmarachne,Myrmarachne_japonica,X1X2,28,14
Araneae,Myrmarachne,Myrmarachne_japonica,X1X2,28,14
Araneae,Myrmarachne,Myrmarachne_laurentina,X1X2,28,14
Araneae,Nigorella,Nigorella_hirsuta,X1X2,28,14
Araneae,Pancorius,Pancorius_crassipes,X1X2,28,14
Araneae,Peckhamia,Peckhamia_americana,X1X2,22,11
Araneae,Pelegrina,Pelegrina_aeneola,X1X2,28,14
Araneae,Pelegrina,Pelegrina_bunites,X1X2,28,14
Araneae,Pelegrina,Pelegrina_clemata,X1X2,28,14
Araneae,Pelegrina,Pelegrina_flavipedes,X1X2,28,14
Araneae,Pelegrina,Pelegrina_furcata,X1X2,28,14
Araneae,Pelegrina,Pelegrina_galathea,X1X2,28,14
Araneae,Pelegrina,Pelegrina_insignis,X1X2,28,14
Araneae,Pelegrina,Pelegrina_kastoni,X1X2,28,14
Araneae,Pelegrina,Pelegrina_orestes,X1X2,28,14
Araneae,Pelegrina,Pelegrina_proterva,X1X2,28,14
Araneae,Pellenattus,Pellenattus_longimanus,X1X2,28,14
Araneae,Pellenattus,Pellenattus_peninsularis,X1X2,28,14
Araneae,Pellenattus,Pellenattus_peninsularis,X1X2,28,14
Araneae,Pellenes,Pellenes_tripunctatus,X1X2,28,14
Araneae,Phidippus,Phidippus_audax,X1X2,22,11
Araneae,Phidippus,Phidippus_audax,X1X2,28,14
Araneae,Phidippus,Phidippus_johnsoni,X1X2,22,11
Araneae,Phidippus,Phidippus_regius,X1X2,22,11
Araneae,Phidippus,Phidippus_sp.,X1X2,28,14
Araneae,Phidippus,Phidippus_sp.,X1X2,26,13
Araneae,Phidippus,Phidippus_sp.,X1X2,28,14
Araneae,Phidippus,Phidippus_sp.,X1X2,28,14
Araneae,Phidippus,Phidippus_sp.,X1X2,28,14
Araneae,Philaeus,Philaeus_chrysops,X1X2,28,14
Araneae,Phintella,Phintella_castriesiana,X1X2,28,14
Araneae,Phintella,Phintella_linea,X1X2,28,14
Araneae,Phintella,Phintella_vittata,X1X2,28,14
Araneae,Phintella,Phintella_vittata,X1X2,28,14
Araneae,Phintelloides,Phintelloides_versicolor,X1X2,28,14
Araneae,Phintelloides,Phintelloides_versicolor,X1X2,28,14
Araneae,Plexippoides,Plexippoides_doenitzi,X1X2,28,14
Araneae,Plexippus,Plexippus_paykulli,X1X2,28,14
Araneae,Plexippus,Plexippus_paykulli,X1X2,28,14
Araneae,Plexippus,Plexippus_paykulli,X1X2,28,14
Araneae,Plexippus,Plexippus_rubroclypeatus,X1X2,28,14
Araneae,Plexippus,Plexippus_rubroclypeatus,X1X2,28,14
Araneae,Plexippus,Plexippus_setipes,X1X2,28,14
Araneae,Plexippus,Plexippus_sp.,X1X2,28,14
Araneae,Pseudicius,Pseudicius_encarpatus,X1X2,28,14
Araneae,Rhene,Rhene_atrata,X1X2,28,14
Araneae,Rhene,Rhene_atrata,X1X2,28,14
Araneae,Salticus,Salticus_austinensis,X1X2,28,14
Araneae,Salticus,Salticus_scenicus,X1X2,28,14
Araneae,Salticus,Salticus_sp.,X1X2,28,14
Araneae,Siler,Siler_cupreus,X1X2,28,14
Araneae,Siler,Siler_cupreus,X1X2,28,14
Araneae,Telamonia,Telamonia_dimidiata,X1X2,28,14
Araneae,Telamonia,Telamonia_dimidiata,X1X2,28,14
Araneae,Thyene,Thyene_ogdeni,X1X2,28,14
Araneae,Thyenula,Thyenula_haddadi,X1X2,28,14
Araneae,Thyenula,Thyenula_leighi,X1X2,28,14
Araneae,Tomis,Tomis_manabita,X1X2,28,14
Araneae,Scytodes,Scytodes_globula,X1X2,14,7
Araneae,Segestria,Segestria_bavarica,X1X2,14,7
Araneae,Segestria,Segestria_florentina,X1X2,14,7
Araneae,Segestria,Segestria_florentina,X1X2,14,7
Araneae,Segestria,Segestria_senoculata,X1X2,14,7
Araneae,Anyphops,Anyphops_sp.,X1X2,26,13
Araneae,Selenops,Selenops_sp.,X1X2,26,13
Araneae,Senoculus,Senoculus_sp.,X1X2,28,14
Araneae,Loxosceles,Loxosceles_reclusa,X1X2,18,9
Araneae,Loxosceles,Loxosceles_rufipes,X1X2,20,10
Araneae,Delena,Delena_cancerides,X1X2,22,11
Araneae,Micrommata,Micrommata_sp.,X1X2,42,21
Araneae,Micrommata,Micrommata_sp.,X1X2,42,21
Araneae,Micrommata,Micrommata_sp.,X1X2,44,22
Araneae,Micrommata,Micrommata_sp.,X1X2,42,21
Araneae,Micrommata,Micrommata_sp.,X1X2,22,11
Araneae,Micrommata,Micrommata_sp.,X1X2,44,22
Araneae,Micrommata,Micrommata_sp.,X1X2,42,21
Araneae,Micrommata,Micrommata_sp.,X1X2,22,11
Araneae,Olios,Olios_lamarcki,X1X2,42,21
Araneae,Olios,Olios_sp.,X1X2,42,21
Araneae,Sparassinae,Sparassinae_sp.,X1X2,42,21
Araneae,Polybetes,Polybetes_pythagoricus,X1X2,42,21
Araneae,Polybetes,Polybetes_pythagoricus,X1X2,42,21
Araneae,Leucauge,Leucauge_blanda,X1X2,24,12
Araneae,Leucauge,Leucauge_celebesiana,X1X2,24,12
Araneae,Leucauge,Leucauge_decorata,X1X2,24,12
Araneae,Meta,Meta_menardi,X1X2,24,12
Araneae,Metellina,Metellina_mengei,X1X2,24,12
Araneae,Metellina,Metellina_mengei,X1X2,24,12
Araneae,Metellina,Metellina_merianae,X1X2,24,12
Araneae,Metellina,Metellina_segmentata,X1X2,24,12
Araneae,Metellina,Metellina_segmentata,X1X2,24,12
Araneae,Metleucauge,Metleucauge_yunohamensis,X1X2,24,12
Araneae,Pachygnatha,Pachygnatha_clercki,X1X2,24,12
Araneae,Pachygnatha,Pachygnatha_listeri,X1X2,24,12
Araneae,Pachygnatha,Pachygnatha_quadrimaculata,X1X2,24,12
Araneae,Pachygnatha,Pachygnatha_sp.,X1X2,24,12
Araneae,Tetragnatha,Tetragnatha_andamanensis,X1X2,24,12
Araneae,Tetragnatha,Tetragnatha_andamanensis,X1X2,24,12
Araneae,Tetragnatha,Tetragnatha_andamanensis,X1X2,24,12
Araneae,Tetragnatha,Tetragnatha_bogotensis,X1X2,24,12
Araneae,Tetragnatha,Tetragnatha_ceylonica,X1X2,24,12
Araneae,Tetragnatha,Tetragnatha_ceylonica,X1X2,24,12
Araneae,Tetragnatha,Tetragnatha_extensa,X1X2,22,11
Araneae,Tetragnatha,Tetragnatha_extensa,X1X2,24,12
Araneae,Tetragnatha,Tetragnatha_keyserlingi,X1X2,24,12
Araneae,Tetragnatha,Tetragnatha_keyserlingi,X1X2,24,12
Araneae,Tetragnatha,Tetragnatha_keyserlingi,X1X2,24,12
Araneae,Tetragnatha,Tetragnatha_mandibulata,X1X2,24,12
Araneae,Tetragnatha,Tetragnatha_obtusa,X1X2,22,11
Araneae,Tetragnatha,Tetragnatha_obtusa,X1X2,22,11
Araneae,Tetragnatha,Tetragnatha_squamata,X1X2,22,11
Araneae,Tetragnatha,Tetragnatha_squamata,X1X2,24,12
Araneae,Tetragnatha,Tetragnatha_sp.,X1X2,24,12
Araneae,Tetragnatha,Tetragnatha_sp.,X1X2,24,12
Araneae,Aphonopelma,Aphonopelma_hentzi,X1X2,44,22
Araneae,Grammostola,Grammostola_rosea,X1X2,72,36
Araneae,Psalmopoeus,Psalmopoeus_cambridgei,X1X2,84,42
Araneae,Achaearanea,Achaearanea_budana,X1X2,22,11
Araneae,Anelosimus,Anelosimus_crassipes,X1X2,22,11
Araneae,Anelosimus,Anelosimus_crassipes,X1X2,22,11
Araneae,Anelosimus,Anelosimus_domingo,X1X2,22,11
Araneae,Anelosimus,Anelosimus_domingo,X1X2,22,11
Araneae,Anelosimus,Anelosimus_eximius,X1X2,22,11
Araneae,Anelosimus,Anelosimus_jucundus,X1X2,22,11
Araneae,Anelosimus,Anelosimus_oritoyacu,X1X2,22,11
Araneae,Anelosimus,Anelosimus_studiosus,X1X2,22,11
Araneae,Argyrodes,Argyrodes_cyrtophorae,X1X2,22,11
Araneae,Argyrodes,Argyrodes_gazedes,X1X2,22,11
Araneae,Argyrodes,Argyrodes_gazingensis,X1X2,24,12
Araneae,Argyrodes,Argyrodes_sp.,X1X2,22,11
Araneae,Argyrodes,Argyrodes_sp.,X1X2,22,11
Araneae,Ariamnes,Ariamnes_cylindrogaster,X1X2,22,11
Araneae,Ariamnes,Ariamnes_cylindrogaster,X1X2,22,11
Araneae,Chrysso,Chrysso_scintillans,X1X2,24,12
Araneae,Coleosoma,Coleosoma_floridanum,X1X2,22,11
Araneae,Crustulina,Crustulina_guttata,X1X2,22,11
Araneae,Enoplognatha,Enoplognatha_caricis,X1X2,22,11
Araneae,Enoplognatha,Enoplognatha_ovata,X1X2,22,11
Araneae,Latrodectus,Latrodectus_gr.,X1X2,26,13
Araneae,Latrodectus,Latrodectus_hesperus,X1X2,26,13
Araneae,Latrodectus,Latrodectus_mactans,X1X2,26,13
Araneae,Nesticodes,Nesticodes_rufipes,X1X2,22,11
Araneae,Nesticodes,Nesticodes_rufipes,X1X2,24,12
Araneae,Nihonhimea,Nihonhimea_japonica,X1X2,22,11
Araneae,Parasteatoda,Parasteatoda_tepidariorum,X1X2,22,11
Araneae,Parasteatoda,Parasteatoda_tepidariorum,X1X2,22,11
Araneae,Parasteatoda,Parasteatoda_tepidariorum,X1X2,22,11
Araneae,Parasteatoda,Parasteatoda_tepidariorum,X1X2,22,11
Araneae,Parasteatoda,Parasteatoda_tepidariorum,X1X2,22,11
Araneae,Parasteatoda,Parasteatoda_tepidariorum,X1X2,22,11
Araneae,Parasteatoda,Parasteatoda_tepidariorum,X1X2,22,11
Araneae,Platnickina,Platnickina_sterninotata,X1X2,22,11
Araneae,Steatoda,Steatoda_bipunctata,X1X2,22,11
Araneae,Steatoda,Steatoda_grossa,X1X2,22,11
Araneae,Steatoda,Steatoda_triangulosa,X1X2,22,11
Araneae,Steatoda,Steatoda_triangulosa,X1X2,26,13
Araneae,Takayus,Takayus_chikunii,X1X2,22,11
Araneae,Takayus,Takayus_latifolium,X1X2,22,11
Araneae,Theridion,Theridion_cf.,X1X2,22,11
Araneae,Theridion,Theridion_sp.,X1X2,22,11
Araneae,Thymoites,Thymoites_sp1.,X1X2,22,11
Araneae,Thymoites,Thymoites_sp2.,X1X2,22,11
Araneae,Naatlo,Naatlo_sp.,X1X2,30,15
Araneae,Borboropactus,Borboropactus_sp.,X1X2,28,14
Araneae,Ebrechtella,Ebrechtella_tricuspidata,X1X2,24,12
Araneae,Oxytate,Oxytate_striatipes,X1X2,24,12
Araneae,Xysticus,Xysticus_triguttatus,X1X2,24,12
Araneae,Afroceto,Afroceto_plana,X1X2,22,11
Araneae,Trachelas,Trachelas_japonicus,X1X2,22,11
Araneae,Trachelas,Trachelas_sp.,X1X2,24,12
Araneae,Neoctenus,Neoctenus_comosus,X1X2,20,10
Araneae,Paratrechalea,Paratrechalea_ornata,X1X2,24,12
Araneae,Syntrechalea,Syntrechalea_syntrechaloides,X1X2,28,14
Araneae,Trechalea,Trechalea_bucculenta,X1X2,28,14
Araneae,Trechaleoides,Trechaleoides_biocellata,X1X2,28,14
Araneae,Plator,Plator_pandeae,X1X2,22,11
Araneae,Platyoides,Platyoides_walteri,X1X2,22,11
Araneae,Trochanteria,Trochanteria_gomezi,X1X2,22,11
Araneae,Vectius,Vectius_niger,X1X2,22,11
Araneae,Miagrammopes,Miagrammopes_orientalis,X1X2,22,11
Araneae,Octonoba,Octonoba_spinosa,X1X2,18,9
Araneae,Octonoba,Octonoba_varians,X1X2,22,11
Araneae,Uloborus,Uloborus_diversus,X1X2,18,9
Araneae,Uloborus,Uloborus_khasiensis,X1X2,18,9
Araneae,Uloborus,Uloborus_khasiensis,X1X2,18,9
Araneae,Uloborus,Uloborus_plumipes,X1X2,18,9
Araneae,Zosis,Zosis_geniculata,X1X2,10,5
Araneae,Zosis,Zosis_geniculata,X1X2,10,5
Araneae,Epicratinus,Epicratinus_sp.,X1X2,42,21
Araneae,Mallinella,Mallinella_indica,X1X2,22,11
Araneae,Mallinella,Mallinella_indica,X1X2,22,11
Araneae,Pax,Pax_islamita,X1X2,42,21
Araneae,Zodarion,Zodarion_cyrenaicum,X1X2,26,13
Araneae,Zodarion,Zodarion_rubidum,X1X2,24,12
Araneae,Iberesia,Iberesia_machadoi,X1X2?,76,38
Araneae,Grammostola,Grammostola_aff.,X1X2+2CSCP,72,36
Araneae,Agelena,Agelena_gautami,X1X2X3,43,23
Araneae,Agelena,Agelena_gautami,X1X2X3,43,23
Araneae,Tegenaria,Tegenaria_campestris,X1X2X3,43,23
Araneae,Tegenaria,Tegenaria_domestica,X1X2X3,39,21
Araneae,Tegenaria,Tegenaria_domestica,X1X2X3,43,23
Araneae,Tegenaria,Tegenaria_domestica,X1X2X3,43,23
Araneae,Tegenaria,Tegenaria_domestica,X1X2X3,35,19
Araneae,Tegenaria,Tegenaria_domestica,X1X2X3,43,23
Araneae,Tegenaria,Tegenaria_parietina,X1X2X3,43,23
Araneae,Araneus,Araneus_ventricosus,X1X2X3,49,26
Araneae,Dubiepeira,Dubiepeira_sp.,X1X2X3,41,22
Araneae,Verrucosa,Verrucosa_meridionalis,X1X2X3,47,25
Araneae,Cheiracanthium,Cheiracanthium_melanostomum,X1X2X3,43,23
Araneae,Cheiracanthium,Cheiracanthium_murinum,X1X2X3,23,13
Araneae,Cheiracanthium,Cheiracanthium_saraswatii,X1X2X3,43,23
Araneae,Anahita,Anahita_fauna,X1X2X3,29,16
Araneae,Nothroctenus,Nothroctenus_sp.,X1X2X3,29,16
Araneae,Viracucha,Viracucha_andicola,X1X2X3,29,16
Araneae,Viracucha,Viracucha_andicola,X1X2X3,29,16
Araneae,Cryphoeca,Cryphoeca_silvicola,X1X2X3,43,23
Araneae,Corasoides,Corasoides_australis,X1X2X3,49,26
Araneae,Corasoides,Corasoides_mouldsi,X1X2X3,49,26
Araneae,Corasoides,Corasoides_occidentalis,X1X2X3,49,26
Araneae,Corasoides,Corasoides_terania,X1X2X3,49,26
Araneae,Stegodyphus,Stegodyphus_lineatus,X1X2X3,43,23
Araneae,Stegodyphus,Stegodyphus_lineatus,X1X2X3,43,23
Araneae,Hersilia,Hersilia_sericea,X1X2X3,35,19
Araneae,Hersiliola,Hersiliola_bayrami,X1X2X3,35,19
Araneae,Neotama,Neotama_corticola,X1X2X3,33,18
Araneae,Lepthyphantes,Lepthyphantes_bhudbari,X1X2X3,25,14
Araneae,Linyphia,Linyphia_triangularis,X1X2X3,25,14
Araneae,Linyphia,Linyphia_triangularis,X1X2X3,25,14
Araneae,Linyphia,Linyphia_sp.,X1X2X3,25,14
Araneae,Linyphia,Linyphia_sp.,X1X2X3,25,14
Araneae,Neriene,Neriene_clathrata,X1X2X3,25,14
Araneae,Pityohyphantes,Pityohyphantes_phrygianus,X1X2X3,25,14
Araneae,Lycosa,Lycosa_sp.,X1X2X3,23,13
Araneae,Oecobius,Oecobius_putus,X1X2X3,25,14
Araneae,Oecobius,Oecobius_putus,X1X2X3,25,14
Araneae,Oecobius,Oecobius_putus,X1X2X3,25,14
Araneae,Uroctea,Uroctea_lesserti,X1X2X3,39,21
Araneae,Philodromus,Philodromus_sp.,X1X2X3,25,14
Araneae,Smeringopus,Smeringopus_pallidus,X1X2X3,29,16
Araneae,Pisaura,Pisaura_sp.,X1X2X3,29,16
Araneae,Prodidomus,Prodidomus_simoni,X1X2X3,29,16
Araneae,Acanthogonatus,Acanthogonatus_pissii,X1X2X3,61,32
Araneae,Hyllus,Hyllus_semicupreus,X1X2X3,29,16
Araneae,Makdiops,Makdiops_montigena,X1X2X3,29,16
Araneae,Makdiops,Makdiops_montigena,X1X2X3,29,16
Araneae,Selenops,Selenops_radiatus,X1X2X3,29,16
Araneae,Selenops,Selenops_sp.,X1X2X3,29,16
Araneae,Selenops,Selenops_sp.,X1X2X3,29,16
Araneae,Selenops,Selenops_sp.,X1X2X3,29,16
Araneae,Delena,Delena_cancerides,X1X2X3,43,23
Araneae,Delena,Delena_cancerides,X1X2X3,43,23
Araneae,Delena,Delena_cancerides,X1X2X3,43,23
Araneae,Delena,Delena_cancerides,X1X2X3,43,23
Araneae,Delena,Delena_cancerides,X1X2X3,43,23
Araneae,Delena,Delena_cancerides,X1X2X3,41,22
Araneae,Heteropoda,Heteropoda_leprosa,X1X2X3,41,22
Araneae,Heteropoda,Heteropoda_phasma,X1X2X3,41,22
Araneae,Heteropoda,Heteropoda_procera,X1X2X3,41,22
Araneae,Heteropoda,Heteropoda_procera,X1X2X3,41,22
Araneae,Heteropoda,Heteropoda_venatoria,X1X2X3,41,22
Araneae,Heteropoda,Heteropoda_venatoria,X1X2X3,41,22
Araneae,Heteropoda,Heteropoda_venatoria,X1X2X3,41,22
Araneae,Heteropoda,Heteropoda_sp.,X1X2X3,41,22
Araneae,Heteropoda,Heteropoda_sp.,X1X2X3,41,22
Araneae,Holconia,Holconia_immanis,X1X2X3,43,23
Araneae,Holconia,Holconia_immanis,X1X2X3,43,23
Araneae,Isopeda,Isopeda_vasta,X1X2X3,43,23
Araneae,Isopeda,Isopeda_villosa,X1X2X3,43,23
Araneae,Isopeda,Isopeda_villosa,X1X2X3,43,23
Araneae,Isopeda,Isopeda_sp.,X1X2X3,43,23
Araneae,Isopeda,Isopeda_sp.,X1X2X3,43,23
Araneae,Micrommata,Micrommata_virescens,X1X2X3,35,19
Araneae,Micrommata,Micrommata_sp.,X1X2X3,41,22
Araneae,Micrommata,Micrommata_sp.,X1X2X3,41,22
Araneae,Micrommata,Micrommata_sp.,X1X2X3,41,22
Araneae,Micrommata,Micrommata_sp.,X1X2X3,41,22
Araneae,Micrommata,Micrommata_sp.,X1X2X3,41,22
Araneae,Neosparassus,Neosparassus_diana,X1X2X3,43,23
Araneae,Olios,Olios_sp.,X1X2X3,43,23
Araneae,Olios,Olios_sp.,X1X2X3,43,23
Araneae,Parapalystes,Parapalystes_whiteae,X1X2X3,43,23
Araneae,Parapalystes,Parapalystes_whiteae,X1X2X3,43,23
Araneae,Pediana,Pediana_regina,X1X2X3,43,23
Araneae,Pediana,Pediana_regina,X1X2X3,43,23
Araneae,Pediana,Pediana_sp.,X1X2X3,43,23
Araneae,Pseudopoda,Pseudopoda_prompta,X1X2X3,41,22
Araneae,Sinopoda,Sinopoda_forcipata,X1X2X3,41,22
Araneae,Spariolenus,Spariolenus_tigris,X1X2X3,41,22
Araneae,Leucauge,Leucauge_celebesiana,X1X2X3,25,14
Araneae,Leucauge,Leucauge_celebesiana,X1X2X3,25,14
Araneae,Leucauge,Leucauge_decorata,X1X2X3,25,14
Araneae,Leucauge,Leucauge_decorata,X1X2X3,25,14
Araneae,Leucauge,Leucauge_tessellata,X1X2X3,25,14
Araneae,Leucauge,Leucauge_tessellata,X1X2X3,25,14
Araneae,Orsinome,Orsinome_vethi,X1X2X3,25,14
Araneae,Holothele,Holothele_cf.,X1X2X3,73,38
Araneae,Ischnocolus,Ischnocolus_jickelii,X1X2X3,85,44
Araneae,Pelinobius,Pelinobius_muticus,X1X2X3,67,35
Araneae,Thomisus,Thomisus_viridis,X1X2X3,27,15
Araneae,Thomisus,Thomisus_viridis,X1X2X3,27,15
Araneae,Uloborus,Uloborus_krishnae,X1X2X3,19,11
Araneae,Uloborus,Uloborus_krishnae,X1X2X3,19,11
Araneae,Verrucosa,Verrucosa_scapofracta,X1X2X3X4,50,27
Araneae,Deinopis,Deinopis_biaculeata,X1X2X3X4,40,22
Araneae,Deinopis,Deinopis_plurituberculata,X1X2X3X4,46,25
Araneae,Diplura,Diplura_cf.,X1X2X3X4,90,47
Araneae,Bhutaniella,Bhutaniella_sikkimensis,X1X2X3X4,42,23
Araneae,Micrommata,Micrommata_sp.,X1X2X3X4,44,24
Araneae,Metellina,Metellina_segmentata,X1X2X3X4,24,14
Araneae,Metellina,Metellina_segmentata,X1X2X3X4,24,14
Araneae,Avicularia,Avicularia_minatrix,X1X2X3X4,78,41
Araneae,Poecilotheria,Poecilotheria_formosa,X1X2X3X4,110,57
Araneae,Tliltocatl,Tliltocatl_albopilosus,X1X2X3X4,74,39
Araneae,Euagrus,Euagrus_lynceus,X1X2X3X4X5,59,32
Araneae,Microstigmata,Microstigmata_zuluensis,X1X2X3X4X5,75,40
Araneae,Caponia,Caponia_natalensis,X1X2X3X4X5X6,152,79
Araneae,Linothele,Linothele_sericata,X1X2X3X4X5X6,86,46
Araneae,Paratropis,Paratropis_sp.,X1X2X3X4X5X6X7,115,61
Araneae,Macrothele,Macrothele_yaginumai,X1X2X3X4X5X6X7X8X9,77,43
Araneae,Macrothele,Macrothele_gigas,X1X2X3X4X5X6X7X8X9X10X11X12X13,85,49
Araneae,Caponia,Caponia_hastifera,X1X2X3X4X5X6X7X8X9X10Y1Y2,128,68
Araneae,Gertschiola,Gertschiola_macrostyla,X1X2X3Y,28,15
Araneae,Ibotyporanga,Ibotyporanga_naideae,X1X2X3Y,30,16
Araneae,Ibotyporanga,Ibotyporanga_sp.,X1X2X3Y,30,16
Araneae,Nerudia,Nerudia_ola,X1X2X3Y,24,13
Araneae,Nerudia,Nerudia_poma,X1X2X3Y,26,14
Araneae,Papiamenta,Papiamenta_levii,X1X2X3Y,30,16
Araneae,Attulus,Attulus_striatus,X1X2X3Y,28,15
Araneae,Evarcha,Evarcha_hoyi,X1X2X3Y,26,14
Araneae,Evarcha,Evarcha_hoyi,X1X2X3Y,25,13.5
Araneae,Habronattus,Habronattus_borealis,X1X2X3Y,26,14
Araneae,Habronattus,Habronattus_borealis,X1X2X3Y,26,14
Araneae,Habronattus,Habronattus_brunneus,X1X2X3Y,26,14
Araneae,Habronattus,Habronattus_calcaratus,X1X2X3Y,26,14
Araneae,Habronattus,Habronattus_calcaratus,X1X2X3Y,26,14
Araneae,Habronattus,Habronattus_calcaratus,X1X2X3Y,26,14
Araneae,Habronattus,Habronattus_captiosus,X1X2X3Y,26,14
Araneae,Habronattus,Habronattus_carolinensis,X1X2X3Y,26,14
Araneae,Habronattus,Habronattus_cockerelli,X1X2X3Y,26,14
Araneae,Habronattus,Habronattus_coecatus,X1X2X3Y,26,14
Araneae,Habronattus,Habronattus_cuspidatus,X1X2X3Y,26,14
Araneae,Habronattus,Habronattus_decorus,X1X2X3Y,26,14
Araneae,Habronattus,Habronattus_decorus,X1X2X3Y,26,14
Araneae,Habronattus,Habronattus_klauseri,X1X2X3Y,26,14
Araneae,Habronattus,Habronattus_moratus,X1X2X3Y,26,14
Araneae,Habronattus,Habronattus_ocala,X1X2X3Y,26,14
Araneae,Habronattus,Habronattus_cf.,X1X2X3Y,26,14
Araneae,Habronattus,Habronattus_venatoris,X1X2X3Y,26,14
Araneae,Habronattus,Habronattus_sp.,X1X2X3Y,26,14
Araneae,Sittisax,Sittisax_saxicola,X1X2X3Y or XY1Y2Y3?,28,15
Araneae,Attulus,Attulus_floricola,X1X2X3Y?,28,15
Araneae,Atrophothele,Atrophothele_socotrana,X1X2X3Y+CSCP?,68,35
Araneae,Izithunzi,Izithunzi_capense,X1X2Y,37,19
Araneae,Andoharano,Andoharano_ansieae,X1X2Y,23,12
Araneae,Filistata,Filistata_insidiatrix,X1X2Y,33,17
Araneae,Kukulcania,Kukulcania_hibernalis,X1X2Y,25,13
Araneae,Kukulcania,Kukulcania_aff.,X1X2Y,25,13
Araneae,Kukulcania,Kukulcania_aff.,X1X2Y,25,13
Araneae,Pikelinia,Pikelinia_mendensis,X1X2Y,21,11
Araneae,Hypochilus,Hypochilus_pococki,X1X2Y,29,15
Araneae,Lycosa,Lycosa_sp.,X1X2Y,21,11
Araneae,Paculla,Paculla_sp.,X1X2Y,33,17
Araneae,Aetana,Aetana_kinabalu,X1X2Y,23,12
Araneae,Artema,Artema_atlanta,X1X2Y,33,17
Araneae,Artema,Artema_nephilit,X1X2Y,33,17
Araneae,Leptopholcus,Leptopholcus_guineensis,X1X2Y,17,9
Araneae,Metagonia,Metagonia_sp.,X1X2Y,19,10
Araneae,Muruta,Muruta_tambunan,X1X2Y,25,13
Araneae,Nipisa,Nipisa_deelemanae,X1X2Y,25,13
Araneae,Pehrforsskalia,Pehrforsskalia_conopyga,X1X2Y,17,9
Araneae,Pholcophora,Pholcophora_americana,X1X2Y,29,15
Araneae,Pholcus,Pholcus_alticeps,X1X2Y,25,13
Araneae,Pholcus,Pholcus_bamboutos,X1X2Y,23,12
Araneae,Pholcus,Pholcus_creticus,X1X2Y,25,13
Araneae,Pholcus,Pholcus_dentatus,X1X2Y,25,13
Araneae,Pholcus,Pholcus_fuerteventurensis,X1X2Y,25,13
Araneae,Pholcus,Pholcus_kindia,X1X2Y,23,12
Araneae,Pholcus,Pholcus_opilionoides,X1X2Y,25,13
Araneae,Pholcus,Pholcus_opilionoides,X1X2Y,25,13
Araneae,Pholcus,Pholcus_pagbilao,X1X2Y,23,12
Araneae,Pholcus,Pholcus_phalangioides,X1X2Y,25,13
Araneae,Pholcus,Pholcus_phalangioides,X1X2Y,25,13
Araneae,Pholcus,Pholcus_phalangioides,X1X2Y,25,13
Araneae,Pholcus,Pholcus_silvai,X1X2Y,25,13
Araneae,Pholcus,Pholcus_sp.,X1X2Y,25,13
Araneae,Quamtana,Quamtana_filmeri,X1X2Y,17,9
Araneae,Quamtana,Quamtana_hectori,X1X2Y,23,12
Araneae,Spermophora,Spermophora_senoculata,X1X2Y,25,13
Araneae,Spermophora,Spermophora_senoculata,X1X2Y,25,13
Araneae,Tolteca,Tolteca_hesperia,X1X2Y,15,8
Araneae,Tolteca,Tolteca_oaxaca,X1X2Y,13,7
Araneae,Attulus,Attulus_cutleri,X1X2Y,29,15
Araneae,Attulus,Attulus_pubescens,X1X2Y,29,15
Araneae,Habronattus,Habronattus_altanus,X1X2Y,27,14
Araneae,Habronattus,Habronattus_banksi,X1X2Y,25,13
Araneae,Habronattus,Habronattus_geronimoi,X1X2Y,27,14
Araneae,Habronattus,Habronattus_hallani,X1X2Y,27,14
Araneae,Habronattus,Habronattus_iviei,X1X2Y,27,14
Araneae,Habronattus,Habronattus_mexicanus,X1X2Y,27,14
Araneae,Habronattus,Habronattus_pochtecanus,X1X2Y,25,13
Araneae,Habronattus,Habronattus_sugillatus,X1X2Y,27,14
Araneae,Habronattus,Habronattus_sp.,X1X2Y,27,14
Araneae,Sittisax,Sittisax_ranieri,X1X2Y,27,14
Araneae,Loxosceles,Loxosceles_amazonica,X1X2Y,23,12
Araneae,Loxosceles,Loxosceles_gaucho,X1X2Y,23,12
Araneae,Loxosceles,Loxosceles_hirsuta,X1X2Y,23,12
Araneae,Loxosceles,Loxosceles_intermedia,X1X2Y,23,12
Araneae,Loxosceles,Loxosceles_intermedia,X1X2Y,23,12
Araneae,Loxosceles,Loxosceles_laeta,X1X2Y,23,12
Araneae,Loxosceles,Loxosceles_laeta,X1X2Y,23,12
Araneae,Loxosceles,Loxosceles_laeta,X1X2Y,23,12
Araneae,Loxosceles,Loxosceles_laeta,X1X2Y,23,12
Araneae,Loxosceles,Loxosceles_puortoi,X1X2Y,23,12
Araneae,Loxosceles,Loxosceles_rufescens,X1X2Y,21,11
Araneae,Loxosceles,Loxosceles_rufescens,X1X2Y,21,11
Araneae,Loxosceles,Loxosceles_similis,X1X2Y,23,12
Araneae,Loxosceles,Loxosceles_spinulosa,X1X2Y,19,10
Araneae,Loxosceles,Loxosceles_variegata,X1X2Y,23,12
Araneae,Sicarius,Sicarius_cariri,X1X2Y,19,10
Araneae,Sicarius,Sicarius_ornatus,X1X2Y,19,10
Araneae,Sicarius,Sicarius_sp.,X1X2Y,21,11
Araneae,Crossopriza,Crossopriza_lyoni,XX,-24,12
Araneae,Crossopriza,Crossopriza_lyoni,XX,-24,12
Araneae,Moggridgea,Moggridgea_peringueyi,XX?,-36,18
Araneae,Argiope,Argiope_catenulata,XY,24,12
Araneae,Argiope,Argiope_catenulata,XY,24,12
Araneae,Atypus,Atypus_affinis,XY,14,7
Araneae,Austrochilus,Austrochilus_sp.,XY,38,19
Araneae,Diguetia,Diguetia_albolineata,XY,20,10
Araneae,Diguetia,Diguetia_canities,XY,16,8
Araneae,Ischnothele,Ischnothele_caudata,XY,14,7
Araneae,Leptoneta,Leptoneta_infuscata,XY,14,7
Araneae,Austrochilus,Austrochilus_sp.,XY,38,19
Araneae,Holocnemus,Holocnemus_pluchei,XY,28,14
Araneae,Wugigarra,Wugigarra_sp.,XY,16,8
Araneae,Sicarius,Sicarius_tropicus,XY,20,10
Araneae,Synotaxus,Synotaxus_jaraguari,XY,24,12
Araneae,Cyphonisia,Cyphonisia_sp.,XY?,40,20