class,order,family,genus,species,haploid
Actinopteri,Cypriniformes,Cyprinidae,abramis,Abramis_brama,25
Actinopteri,Cypriniformes,Cyprinidae,abramis,Abramis_brama,26
Actinopteri,Cypriniformes,Cyprinidae,abramis,Abramis_brama,25
Actinopteri,Cypriniformes,Cyprinidae,abramis,Abramis_brama,25
Actinopteri,Cypriniformes,Cyprinidae,acanthobrama,Acanthobrama_marmid,25
Actinopteri,Cypriniformes,Cyprinidae,acheilognathus,Acheilognathus_chankaensis,22
Actinopteri,Cypriniformes,Cyprinidae,acheilognathus,Acheilognathus_chankaensis,22
Actinopteri,Cypriniformes,Cyprinidae,achondrostoma,Achondrostoma_arcasii,25
Actinopteri,Cypriniformes,Cyprinidae,achondrostoma,Achondrostoma_oligolepis,25
Actinopteri,Cypriniformes,Cyprinidae,acrocheilus,Acrocheilus_alutaceus,25
Actinopteri,Cypriniformes,Cyprinidae,acrossocheilus,Acrossocheilus_deauratus,25
Actinopteri,Cypriniformes,Cyprinidae,acrossocheilus,Acrossocheilus_hemispinus,25
Actinopteri,Cypriniformes,Cyprinidae,acrossocheilus,Acrossocheilus_iridescens,25
Actinopteri,Cypriniformes,Cyprinidae,acrossocheilus,Acrossocheilus_labiatus,25
Actinopteri,Cypriniformes,Cyprinidae,acrossocheilus,Acrossocheilus_wenchowensis,25
Actinopteri,Cypriniformes,Cyprinidae,acrossocheilus,Acrossocheilus_yunnanensis,25
Actinopteri,Cypriniformes,Cyprinidae,acrossocheilus,Acrossocheilus_yunnanensis,25
Actinopteri,Cypriniformes,Cyprinidae,alburnus,Alburnus_filippii,25
Actinopteri,Cypriniformes,Cyprinidae,amblypharyngodon,Amblypharyngodon_microlepis,25
Actinopteri,Cypriniformes,Cyprinidae,amblypharyngodon,Amblypharyngodon_mola,25
Actinopteri,Cypriniformes,Cyprinidae,anabarilius,Anabarilius_andersoni,24
Actinopteri,Cypriniformes,Cyprinidae,anabarilius,Anabarilius_grahami,24
Actinopteri,Cypriniformes,Cyprinidae,anabarilius,Anabarilius_macrolepis,24
Actinopteri,Cypriniformes,Cyprinidae,anaecypris,Anaecypris_hispanica,25
Actinopteri,Cypriniformes,Cyprinidae,ancherythroculter,Ancherythroculter_kurematsui,24
Actinopteri,Cypriniformes,Cyprinidae,ancherythroculter,Ancherythroculter_nigrocauda,24
Actinopteri,Cypriniformes,Cyprinidae,ancherythroculter,Ancherythroculter_wangi,24
Actinopteri,Cypriniformes,Cyprinidae,aphyocypris,Aphyocypris_chinensis,24
Actinopteri,Cypriniformes,Cyprinidae,aphyocypris,Aphyocypris_chinensis,24
Actinopteri,Cypriniformes,Cyprinidae,aristichthys,Aristichthys_nobilis,24
Actinopteri,Cypriniformes,Cyprinidae,aristichthys,Aristichthys_nobilis,24
Actinopteri,Cypriniformes,Cyprinidae,aristichthys,Aristichthys_nobilis,24
Actinopteri,Cypriniformes,Cyprinidae,aristichthys,Aristichthys_nobilis,24
Actinopteri,Cypriniformes,Cyprinidae,aspidoparia,Aspidoparia_morar,24
Actinopteri,Cypriniformes,Cyprinidae,aspidoparia,Aspidoparia_morar,24
Actinopteri,Cypriniformes,Cyprinidae,aspidoparia,Aspidoparia_morar,25
Actinopteri,Cypriniformes,Cyprinidae,aspius,Aspius_aspius,25
Actinopteri,Cypriniformes,Cyprinidae,aspius,Aspius_aspius,26
Actinopteri,Cypriniformes,Cyprinidae,aulopyge,Aulopyge_huegeli,50
Actinopteri,Cypriniformes,Cyprinidae,balantiocheilos,Balantiocheilos_melanopterus,25
Actinopteri,Cypriniformes,Cyprinidae,ballerus,Ballerus_ballerus,25
Actinopteri,Cypriniformes,Cyprinidae,ballerus,Ballerus_ballerus,25
Actinopteri,Cypriniformes,Cyprinidae,ballerus,Ballerus_sapa,25
Actinopteri,Cypriniformes,Cyprinidae,barbodes,Barbodes_carnaticus,50
Actinopteri,Cypriniformes,Cyprinidae,barbonymus,Barbonymus_altus,25
Actinopteri,Cypriniformes,Cyprinidae,barbonymus,Barbonymus_gonionotus,25
Actinopteri,Cypriniformes,Cyprinidae,barbonymus,Barbonymus_gonionotus,25
Actinopteri,Cypriniformes,Cyprinidae,barbus,Barbus_ablabes,25
Actinopteri,Cypriniformes,Cyprinidae,barbus,Barbus_amatolicus,24
Actinopteri,Cypriniformes,Cyprinidae,barbus,Barbus_andrewi,50
Actinopteri,Cypriniformes,Cyprinidae,barbus,Barbus_anema,25
Actinopteri,Cypriniformes,Cyprinidae,barbus,Barbus_anoplus,24
Actinopteri,Cypriniformes,Cyprinidae,barbus,Barbus_anoplus,25
Actinopteri,Cypriniformes,Cyprinidae,barbus,Barbus_argenteus,25
Actinopteri,Cypriniformes,Cyprinidae,barbus,Barbus_barbus,50
Actinopteri,Cypriniformes,Cyprinidae,barbus,Barbus_bigornei,24
Actinopteri,Cypriniformes,Cyprinidae,barbus,Barbus_brevipinnis,24
Actinopteri,Cypriniformes,Cyprinidae,barbus,Barbus_bynni,74
Actinopteri,Cypriniformes,Cyprinidae,barbus,Barbus_bynni,75
Actinopteri,Cypriniformes,Cyprinidae,barbus,Barbus_bynni,75
Actinopteri,Cypriniformes,Cyprinidae,barbus,Barbus_bynni,75
Actinopteri,Cypriniformes,Cyprinidae,barbus,Barbus_bynni,75
Actinopteri,Cypriniformes,Cyprinidae,barbus,Barbus_calidus,50
Actinopteri,Cypriniformes,Cyprinidae,barbus,Barbus_callensis,50
Actinopteri,Cypriniformes,Cyprinidae,barbus,Barbus_canis,75
Actinopteri,Cypriniformes,Cyprinidae,barbus,Barbus_cyclolepis,50
Actinopteri,Cypriniformes,Cyprinidae,barbus,Barbus_erubescens,50
Actinopteri,Cypriniformes,Cyprinidae,barbus,Barbus_ethiopicus,75
Actinopteri,Cypriniformes,Cyprinidae,barbus,Barbus_eutaenia,24
Actinopteri,Cypriniformes,Cyprinidae,barbus,Barbus_fasciolatus,24
Actinopteri,Cypriniformes,Cyprinidae,barbus,Barbus_goktschaicus,50
Actinopteri,Cypriniformes,Cyprinidae,barbus,Barbus_gurneyi,25
Actinopteri,Cypriniformes,Cyprinidae,barbus,Barbus_holotaenia,25
Actinopteri,Cypriniformes,Cyprinidae,barbus,Barbus_hospes,48
Actinopteri,Cypriniformes,Cyprinidae,barbus,Barbus_intermedius,75
Actinopteri,Cypriniformes,Cyprinidae,barbus,Barbus_intermedius,75
Actinopteri,Cypriniformes,Cyprinidae,barbus,Barbus_issenensis,50
Actinopteri,Cypriniformes,Cyprinidae,barbus,Barbus_kerstenii,25
Actinopteri,Cypriniformes,Cyprinidae,barbus,Barbus_ksibi,50
Actinopteri,Cypriniformes,Cyprinidae,barbus,Barbus_kubanicus,50
Actinopteri,Cypriniformes,Cyprinidae,barbus,Barbus_macrops,25
Actinopteri,Cypriniformes,Cyprinidae,barbus,Barbus_massaensis,50
Actinopteri,Cypriniformes,Cyprinidae,barbus,Barbus_meridionalis,50
Actinopteri,Cypriniformes,Cyprinidae,barbus,Barbus_motebensis,25
Actinopteri,Cypriniformes,Cyprinidae,barbus,Barbus_moulouyensis,50
Actinopteri,Cypriniformes,Cyprinidae,barbus,Barbus_nasus,50
Actinopteri,Cypriniformes,Cyprinidae,barbus,Barbus_paludinosus,25
Actinopteri,Cypriniformes,Cyprinidae,barbus,Barbus_paludinosus,25
Actinopteri,Cypriniformes,Cyprinidae,barbus,Barbus_paludinosus,25
Actinopteri,Cypriniformes,Cyprinidae,barbus,Barbus_paludinosus,25
Actinopteri,Cypriniformes,Cyprinidae,barbus,Barbus_parawaldroni,75
Actinopteri,Cypriniformes,Cyprinidae,barbus,Barbus_peloponnesius,50
Actinopteri,Cypriniformes,Cyprinidae,barbus,Barbus_petitjeani,75
Actinopteri,Cypriniformes,Cyprinidae,barbus,Barbus_plebejus,50
Actinopteri,Cypriniformes,Cyprinidae,barbus,Barbus_pleurogramma,25
Actinopteri,Cypriniformes,Cyprinidae,barbus,Barbus_sacratus,75
Actinopteri,Cypriniformes,Cyprinidae,barbus,Barbus_serra,50
Actinopteri,Cypriniformes,Cyprinidae,barbus,Barbus_trevelyani,48
Actinopteri,Cypriniformes,Cyprinidae,barbus,Barbus_trevelyani,50
Actinopteri,Cypriniformes,Cyprinidae,barbus,Barbus_trimaculatus,24
Actinopteri,Cypriniformes,Cyprinidae,barbus,Barbus_wurtzi,75
Actinopteri,Cypriniformes,Cyprinidae,barilius,Barilius_bakeri,25
Actinopteri,Cypriniformes,Cyprinidae,barilius,Barilius_bendelisis,25
Actinopteri,Cypriniformes,Cyprinidae,barilius,Barilius_bendelisis,25
Actinopteri,Cypriniformes,Cyprinidae,barilius,Barilius_bendelisis,25
Actinopteri,Cypriniformes,Cyprinidae,barilius,Barilius_bendelisis,25
Actinopteri,Cypriniformes,Cyprinidae,barilius,Barilius_gatensis,25
Actinopteri,Cypriniformes,Cyprinidae,barilius,Barilius_naseeri,25
Actinopteri,Cypriniformes,Cyprinidae,barilius,Barilius_pakistanicus,25
Actinopteri,Cypriniformes,Cyprinidae,barilius,Barilius_shacra,26
Actinopteri,Cypriniformes,Cyprinidae,barilius,Barilius_shacra,26
Actinopteri,Cypriniformes,Cyprinidae,barilius,Barilius_vagra,25
Actinopteri,Cypriniformes,Cyprinidae,barilius,Barilius_vagra,25
Actinopteri,Cypriniformes,Cyprinidae,blicca,Blicca_bjoerkna,25
Actinopteri,Cypriniformes,Cyprinidae,blicca,Blicca_bjoerkna,25
Actinopteri,Cypriniformes,Cyprinidae,caecobarbus,Caecobarbus_geertsi,25
Actinopteri,Cypriniformes,Cyprinidae,campostoma,Campostoma_anomalum,25
Actinopteri,Cypriniformes,Cyprinidae,capoeta,Capoeta_capoeta,75
Actinopteri,Cypriniformes,Cyprinidae,capoeta,Capoeta_sevangi,75
Actinopteri,Cypriniformes,Cyprinidae,capoeta,Capoeta_umbla,75
Actinopteri,Cypriniformes,Cyprinidae,capoeta,Capoeta_capoeta,75
Actinopteri,Cypriniformes,Cyprinidae,capoeta,Capoeta_damascina,74
Actinopteri,Cypriniformes,Cyprinidae,capoeta,Capoeta_trutta,75
Actinopteri,Cypriniformes,Cyprinidae,carassioides,Carassioides_cantonensis,50
Actinopteri,Cypriniformes,Cyprinidae,carassius,Carassius_auratus,50
Actinopteri,Cypriniformes,Cyprinidae,carassius,Carassius_auratus,78
Actinopteri,Cypriniformes,Cyprinidae,carassius,Carassius_auratus,81
Actinopteri,Cypriniformes,Cyprinidae,carassius,Carassius_auratus,81
Actinopteri,Cypriniformes,Cyprinidae,carassius,Carassius_auratus,50
Actinopteri,Cypriniformes,Cyprinidae,carassius,Carassius_auratus,50
Actinopteri,Cypriniformes,Cyprinidae,carassius,Carassius_auratus,50
Actinopteri,Cypriniformes,Cyprinidae,carassius,Carassius_auratus,75.5
Actinopteri,Cypriniformes,Cyprinidae,carassius,Carassius_auratus,50
Actinopteri,Cypriniformes,Cyprinidae,carassius,Carassius_auratus,50
Actinopteri,Cypriniformes,Cyprinidae,carassius,Carassius_auratus,50
Actinopteri,Cypriniformes,Cyprinidae,carassius,Carassius_auratus,50
Actinopteri,Cypriniformes,Cyprinidae,carassius,Carassius_auratus,50
Actinopteri,Cypriniformes,Cyprinidae,carassius,Carassius_auratus,50
Actinopteri,Cypriniformes,Cyprinidae,carassius,Carassius_auratus,50
Actinopteri,Cypriniformes,Cyprinidae,carassius,Carassius_auratus,50
Actinopteri,Cypriniformes,Cyprinidae,carassius,Carassius_auratus,50
Actinopteri,Cypriniformes,Cyprinidae,carassius,Carassius_auratus,76.5
Actinopteri,Cypriniformes,Cyprinidae,carassius,Carassius_auratus,50
Actinopteri,Cypriniformes,Cyprinidae,carassius,Carassius_auratus,81
Actinopteri,Cypriniformes,Cyprinidae,carassius,Carassius_auratus,75
Actinopteri,Cypriniformes,Cyprinidae,carassius,Carassius_auratus,78
Actinopteri,Cypriniformes,Cyprinidae,carassius,Carassius_auratus,78
Actinopteri,Cypriniformes,Cyprinidae,carassius,Carassius_auratus,78
Actinopteri,Cypriniformes,Cyprinidae,carassius,Carassius_auratus,81
Actinopteri,Cypriniformes,Cyprinidae,carassius,Carassius_auratus,78
Actinopteri,Cypriniformes,Cyprinidae,carassius,Carassius_auratus,81
Actinopteri,Cypriniformes,Cyprinidae,carassius,Carassius_auratus,50
Actinopteri,Cypriniformes,Cyprinidae,carassius,Carassius_auratus,78
Actinopteri,Cypriniformes,Cyprinidae,carassius,Carassius_auratus,75
Actinopteri,Cypriniformes,Cyprinidae,carassius,Carassius_auratus,49
Actinopteri,Cypriniformes,Cyprinidae,carassius,Carassius_auratus,80
Actinopteri,Cypriniformes,Cyprinidae,carassius,Carassius_auratus,50
Actinopteri,Cypriniformes,Cyprinidae,carassius,Carassius_auratus,75
Actinopteri,Cypriniformes,Cyprinidae,carassius,Carassius_auratus,75
Actinopteri,Cypriniformes,Cyprinidae,carassius,Carassius_auratus,75
Actinopteri,Cypriniformes,Cyprinidae,carassius,Carassius_auratus,78
Actinopteri,Cypriniformes,Cyprinidae,carassius,Carassius_auratus,50
Actinopteri,Cypriniformes,Cyprinidae,carassius,Carassius_auratus,50
Actinopteri,Cypriniformes,Cyprinidae,carassius,Carassius_auratus,50
Actinopteri,Cypriniformes,Cyprinidae,carassius,Carassius_auratus,50
Actinopteri,Cypriniformes,Cyprinidae,carassius,Carassius_auratus,50
Actinopteri,Cypriniformes,Cyprinidae,carassius,Carassius_auratus,75
Actinopteri,Cypriniformes,Cyprinidae,carassius,Carassius_auratus,75
Actinopteri,Cypriniformes,Cyprinidae,carassius,Carassius_auratus,50
Actinopteri,Cypriniformes,Cyprinidae,carassius,Carassius_auratus,50
Actinopteri,Cypriniformes,Cyprinidae,carassius,Carassius_auratus,50
Actinopteri,Cypriniformes,Cyprinidae,carassius,Carassius_auratus,50
Actinopteri,Cypriniformes,Cyprinidae,carassius,Carassius_auratus,52
Actinopteri,Cypriniformes,Cyprinidae,carassius,Carassius_auratus,50
Actinopteri,Cypriniformes,Cyprinidae,carassius,Carassius_auratus,50
Actinopteri,Cypriniformes,Cyprinidae,carassius,Carassius_auratus,50
Actinopteri,Cypriniformes,Cyprinidae,carassius,Carassius_auratus,50
Actinopteri,Cypriniformes,Cyprinidae,carassius,Carassius_auratus,50
Actinopteri,Cypriniformes,Cyprinidae,carassius,Carassius_auratus,78
Actinopteri,Cypriniformes,Cyprinidae,carassius,Carassius_auratus,103
Actinopteri,Cypriniformes,Cyprinidae,carassius,Carassius_auratus,50
Actinopteri,Cypriniformes,Cyprinidae,carassius,Carassius_auratus,75
Actinopteri,Cypriniformes,Cyprinidae,carassius,Carassius_auratus,50
Actinopteri,Cypriniformes,Cyprinidae,carassius,Carassius_auratus,50
Actinopteri,Cypriniformes,Cyprinidae,carassius,Carassius_auratus,78
Actinopteri,Cypriniformes,Cyprinidae,carassius,Carassius_auratus,50
Actinopteri,Cypriniformes,Cyprinidae,carassius,Carassius_auratus,50
Actinopteri,Cypriniformes,Cyprinidae,carassius,Carassius_carassius,50
Actinopteri,Cypriniformes,Cyprinidae,carassius,Carassius_carassius,50
Actinopteri,Cypriniformes,Cyprinidae,carassius,Carassius_carassius,50
Actinopteri,Cypriniformes,Cyprinidae,carassius,Carassius_carassius,25
Actinopteri,Cypriniformes,Cyprinidae,carassius,Carassius_carassius,50
Actinopteri,Cypriniformes,Cyprinidae,carassius,Carassius_cuvieri,50
Actinopteri,Cypriniformes,Cyprinidae,carassius,Carassius_cuvieri,50
Actinopteri,Cypriniformes,Cyprinidae,catla,Catla_catla,25
Actinopteri,Cypriniformes,Cyprinidae,catla,Catla_catla,25
Actinopteri,Cypriniformes,Cyprinidae,catla,Catla_catla,25
Actinopteri,Cypriniformes,Cyprinidae,catlocarpio,Catlocarpio_siamensis,49
Actinopteri,Cypriniformes,Cyprinidae,chagunius,Chagunius_chagunio,25
Actinopteri,Cypriniformes,Cyprinidae,chalcalburnus,Chalcalburnus_mossulensis,24
Actinopteri,Cypriniformes,Cyprinidae,chanodichthys,Chanodichthys_dabryi,24
Actinopteri,Cypriniformes,Cyprinidae,chanodichthys,Chanodichthys_dabryi,24
Actinopteri,Cypriniformes,Cyprinidae,chanodichthys,Chanodichthys_erythropterus,24
Actinopteri,Cypriniformes,Cyprinidae,chanodichthys,Chanodichthys_erythropterus,24
Actinopteri,Cypriniformes,Cyprinidae,chanodichthys,Chanodichthys_erythropterus,24
Actinopteri,Cypriniformes,Cyprinidae,chanodichthys,Chanodichthys_mongolicus,24
Actinopteri,Cypriniformes,Cyprinidae,chanodichthys,Chanodichthys_mongolicus,24
Actinopteri,Cypriniformes,Cyprinidae,chela,Chela_cachius,35
Actinopteri,Cypriniformes,Cyprinidae,chela,Chela_caeruleostigmata,24
Actinopteri,Cypriniformes,Cyprinidae,chela,Chela_laubuca,25
Actinopteri,Cypriniformes,Cyprinidae,chondrostoma,Chondrostoma_kneri,25
Actinopteri,Cypriniformes,Cyprinidae,chondrostoma,Chondrostoma_nasus,25
Actinopteri,Cypriniformes,Cyprinidae,chondrostoma,Chondrostoma_nasus,25
Actinopteri,Cypriniformes,Cyprinidae,chondrostoma,Chondrostoma_phoxinus,25
Actinopteri,Cypriniformes,Cyprinidae,chondrostoma,Chondrostoma_soetta,25
Actinopteri,Cypriniformes,Cyprinidae,chrosomus,Chrosomus_cumberlandensis,25
Actinopteri,Cypriniformes,Cyprinidae,chrosomus,Chrosomus_eos,25
Actinopteri,Cypriniformes,Cyprinidae,chrosomus,Chrosomus_erythrogaster,25
Actinopteri,Cypriniformes,Cyprinidae,chrosomus,Chrosomus_neogaeus,25
Actinopteri,Cypriniformes,Cyprinidae,cirrhinus,Cirrhinus_jullieni,25
Actinopteri,Cypriniformes,Cyprinidae,cirrhinus,Cirrhinus_molitorella,25
Actinopteri,Cypriniformes,Cyprinidae,cirrhinus,Cirrhinus_molitorella,25
Actinopteri,Cypriniformes,Cyprinidae,cirrhinus,Cirrhinus_mrigala,25
Actinopteri,Cypriniformes,Cyprinidae,cirrhinus,Cirrhinus_mrigala,25
Actinopteri,Cypriniformes,Cyprinidae,cirrhinus,Cirrhinus_mrigala,25
Actinopteri,Cypriniformes,Cyprinidae,cirrhinus,Cirrhinus_mrigala,25
Actinopteri,Cypriniformes,Cyprinidae,cirrhinus,Cirrhinus_reba,25
Actinopteri,Cypriniformes,Cyprinidae,cirrhinus,Cirrhinus_reba,24
Actinopteri,Cypriniformes,Cyprinidae,coreoleuciscus,Coreoleuciscus_splendidus,50
Actinopteri,Cypriniformes,Cyprinidae,couesius,Couesius_plumbeus,25
Actinopteri,Cypriniformes,Cyprinidae,crossocheilus,Crossocheilus_latius,24
Actinopteri,Cypriniformes,Cyprinidae,crossocheilus,Crossocheilus_latius,25
Actinopteri,Cypriniformes,Cyprinidae,crossocheilus,Crossocheilus_latius,25
Actinopteri,Cypriniformes,Cyprinidae,ctenopharyngodon,Ctenopharyngodon_idellus,24
Actinopteri,Cypriniformes,Cyprinidae,ctenopharyngodon,Ctenopharyngodon_idellus,24
Actinopteri,Cypriniformes,Cyprinidae,ctenopharyngodon,Ctenopharyngodon_idellus,24
Actinopteri,Cypriniformes,Cyprinidae,ctenopharyngodon,Ctenopharyngodon_idellus,24
Actinopteri,Cypriniformes,Cyprinidae,ctenopharyngodon,Ctenopharyngodon_idellus,24
Actinopteri,Cypriniformes,Cyprinidae,ctenopharyngodon,Ctenopharyngodon_idellus,24
Actinopteri,Cypriniformes,Cyprinidae,cyclocheilichthys,Cyclocheilichthys_apogon,25
Actinopteri,Cypriniformes,Cyprinidae,cyclocheilichthys,Cyclocheilichthys_enoplos,25
Actinopteri,Cypriniformes,Cyprinidae,cyprinella,Cyprinella_callistia,25
Actinopteri,Cypriniformes,Cyprinidae,cyprinella,Cyprinella_camura,25
Actinopteri,Cypriniformes,Cyprinidae,cyprinella,Cyprinella_camura,25
Actinopteri,Cypriniformes,Cyprinidae,cyprinella,Cyprinella_galactura,25
Actinopteri,Cypriniformes,Cyprinidae,cyprinella,Cyprinella_lutrensis,25
Actinopteri,Cypriniformes,Cyprinidae,cyprinella,Cyprinella_lutrensis,25
Actinopteri,Cypriniformes,Cyprinidae,cyprinella,Cyprinella_lutrensis,25
Actinopteri,Cypriniformes,Cyprinidae,cyprinella,Cyprinella_proserpina,25
Actinopteri,Cypriniformes,Cyprinidae,cyprinella,Cyprinella_spiloptera,25
Actinopteri,Cypriniformes,Cyprinidae,cyprinella,Cyprinella_venusta,25
Actinopteri,Cypriniformes,Cyprinidae,cyprinella,Cyprinella_venusta,25
Actinopteri,Cypriniformes,Cyprinidae,cyprinella,Cyprinella_whipplei,25
Actinopteri,Cypriniformes,Cyprinidae,cyprinion,Cyprinion_macrostomus,25
Actinopteri,Cypriniformes,Cyprinidae,cyprinus,Cyprinus_carpio,49.5
Actinopteri,Cypriniformes,Cyprinidae,cyprinus,Cyprinus_carpio,49.5
Actinopteri,Cypriniformes,Cyprinidae,cyprinus,Cyprinus_carpio,50
Actinopteri,Cypriniformes,Cyprinidae,cyprinus,Cyprinus_carpio,75
Actinopteri,Cypriniformes,Cyprinidae,cyprinus,Cyprinus_carpio,50
Actinopteri,Cypriniformes,Cyprinidae,cyprinus,Cyprinus_carpio,50
Actinopteri,Cypriniformes,Cyprinidae,cyprinus,Cyprinus_carpio,50
Actinopteri,Cypriniformes,Cyprinidae,cyprinus,Cyprinus_carpio,50
Actinopteri,Cypriniformes,Cyprinidae,cyprinus,Cyprinus_carpio,50
Actinopteri,Cypriniformes,Cyprinidae,cyprinus,Cyprinus_carpio,50
Actinopteri,Cypriniformes,Cyprinidae,cyprinus,Cyprinus_carpio,49
Actinopteri,Cypriniformes,Cyprinidae,cyprinus,Cyprinus_carpio,50
Actinopteri,Cypriniformes,Cyprinidae,cyprinus,Cyprinus_carpio,50
Actinopteri,Cypriniformes,Cyprinidae,cyprinus,Cyprinus_carpio,50
Actinopteri,Cypriniformes,Cyprinidae,cyprinus,Cyprinus_carpio,50
Actinopteri,Cypriniformes,Cyprinidae,cyprinus,Cyprinus_carpio,50
Actinopteri,Cypriniformes,Cyprinidae,cyprinus,Cyprinus_carpio,49.5
Actinopteri,Cypriniformes,Cyprinidae,cyprinus,Cyprinus_carpio,50
Actinopteri,Cypriniformes,Cyprinidae,cyprinus,Cyprinus_carpio,52
Actinopteri,Cypriniformes,Cyprinidae,cyprinus,Cyprinus_carpio,50
Actinopteri,Cypriniformes,Cyprinidae,cyprinus,Cyprinus_carpio,50
Actinopteri,Cypriniformes,Cyprinidae,cyprinus,Cyprinus_carpio,50
Actinopteri,Cypriniformes,Cyprinidae,cyprinus,Cyprinus_carpio,50
Actinopteri,Cypriniformes,Cyprinidae,cyprinus,Cyprinus_carpio,49
Actinopteri,Cypriniformes,Cyprinidae,cyprinus,Cyprinus_carpio,50
Actinopteri,Cypriniformes,Cyprinidae,cyprinus,Cyprinus_carpio,49.5
Actinopteri,Cypriniformes,Cyprinidae,cyprinus,Cyprinus_carpio,49.5
Actinopteri,Cypriniformes,Cyprinidae,cyprinus,Cyprinus_carpio,49.5
Actinopteri,Cypriniformes,Cyprinidae,cyprinus,Cyprinus_daliensis,50
Actinopteri,Cypriniformes,Cyprinidae,cyprinus,Cyprinus_longipectoralis,50
Actinopteri,Cypriniformes,Cyprinidae,cyprinus,Cyprinus_megalophthalmus,50
Actinopteri,Cypriniformes,Cyprinidae,cyprinus,Cyprinus_micristius,50
Actinopteri,Cypriniformes,Cyprinidae,cyprinus,Cyprinus_pellegrini,50
Actinopteri,Cypriniformes,Cyprinidae,cyprinus,Cyprinus_pellegrini,50
Actinopteri,Cypriniformes,Cyprinidae,delminichthys,Delminichthys_adspersus,25
Actinopteri,Cypriniformes,Cyprinidae,delminichthys,Delminichthys_ghetaldii,25
Actinopteri,Cypriniformes,Cyprinidae,devario,Devario_aequipinnatus,25
Actinopteri,Cypriniformes,Cyprinidae,devario,Devario_aequipinnatus,25
Actinopteri,Cypriniformes,Cyprinidae,devario,Devario_malabaricus,25
Actinopteri,Cypriniformes,Cyprinidae,dionda,Dionda_argentosa,25
Actinopteri,Cypriniformes,Cyprinidae,dionda,Dionda_diaboli,25
Actinopteri,Cypriniformes,Cyprinidae,dionda,Dionda_episcopa,25
Actinopteri,Cypriniformes,Cyprinidae,dionda,Dionda_serena,25
Actinopteri,Cypriniformes,Cyprinidae,discogobio,Discogobio_tetrabarbatus,25
Actinopteri,Cypriniformes,Cyprinidae,distoechodon,Distoechodon_tumirostris,24
Actinopteri,Cypriniformes,Cyprinidae,elopichthys,Elopichthys_bambusa,24
Actinopteri,Cypriniformes,Cyprinidae,esomus,Esomus_danrica,25
Actinopteri,Cypriniformes,Cyprinidae,esomus,Esomus_danrica,25
Actinopteri,Cypriniformes,Cyprinidae,eupallasella,Eupallasella_perenurus,25
Actinopteri,Cypriniformes,Cyprinidae,exoglossum,Exoglossum_maxillingua,24
Actinopteri,Cypriniformes,Cyprinidae,folifer,Folifer_brevifilis,25
Actinopteri,Cypriniformes,Cyprinidae,garra,Garra_dembeensis,25
Actinopteri,Cypriniformes,Cyprinidae,garra,Garra_gotyla,25
Actinopteri,Cypriniformes,Cyprinidae,garra,Garra_gotyla,25
Actinopteri,Cypriniformes,Cyprinidae,garra,Garra_gotyla,25
Actinopteri,Cypriniformes,Cyprinidae,garra,Garra_imberba,25
Actinopteri,Cypriniformes,Cyprinidae,garra,Garra_imberba,25
Actinopteri,Cypriniformes,Cyprinidae,garra,Garra_kempi,25
Actinopteri,Cypriniformes,Cyprinidae,garra,Garra_lamta,25
Actinopteri,Cypriniformes,Cyprinidae,garra,Garra_lamta,25
Actinopteri,Cypriniformes,Cyprinidae,garra,Garra_lissorhynchus,25
Actinopteri,Cypriniformes,Cyprinidae,garra,Garra_makiensis,25
Actinopteri,Cypriniformes,Cyprinidae,garra,Garra_mullya,25
Actinopteri,Cypriniformes,Cyprinidae,garra,Garra_orientalis,25
Actinopteri,Cypriniformes,Cyprinidae,garra,Garra_ornata,25
Actinopteri,Cypriniformes,Cyprinidae,garra,Garra_quadrimaculata,25
Actinopteri,Cypriniformes,Cyprinidae,garra,Garra_rufa,22-26
Actinopteri,Cypriniformes,Cyprinidae,garra,Garra_rufa,22-26
Actinopteri,Cypriniformes,Cyprinidae,garra,Garra_rufa,22
Actinopteri,Cypriniformes,Cyprinidae,garra,Garra_surendranathanii,25
Actinopteri,Cypriniformes,Cyprinidae,gila,Gila_bicolor,25
Actinopteri,Cypriniformes,Cyprinidae,gila,Gila_elegans,25
Actinopteri,Cypriniformes,Cyprinidae,gila,Gila_nigrescens,25
Actinopteri,Cypriniformes,Cyprinidae,gila,Gila_orcutti,25
Actinopteri,Cypriniformes,Cyprinidae,gila,Gila_pandora,25
Actinopteri,Cypriniformes,Cyprinidae,gila,Gila_purpurea,25
Actinopteri,Cypriniformes,Cyprinidae,gnathopogon,Gnathopogon_caerulescens,25
Actinopteri,Cypriniformes,Cyprinidae,gnathopogon,Gnathopogon_caerulescens,25
Actinopteri,Cypriniformes,Cyprinidae,gnathopogon,Gnathopogon_caerulescens,25
Actinopteri,Cypriniformes,Cyprinidae,gnathopogon,Gnathopogon_elongatus,25
Actinopteri,Cypriniformes,Cyprinidae,gnathopogon,Gnathopogon_elongatus,25
Actinopteri,Cypriniformes,Cyprinidae,gnathopogon,Gnathopogon_elongatus,25
Actinopteri,Cypriniformes,Cyprinidae,gnathopogon,Gnathopogon_imberbis,25
Actinopteri,Cypriniformes,Cyprinidae,gnathopogon,Gnathopogon_strigatus,25
Actinopteri,Cypriniformes,Cyprinidae,gobio,Gobio_delyamurei,25
Actinopteri,Cypriniformes,Cyprinidae,gobio,Gobio_gobio,25
Actinopteri,Cypriniformes,Cyprinidae,gobio,Gobio_gobio,25
Actinopteri,Cypriniformes,Cyprinidae,gobio,Gobio_gobio,25
Actinopteri,Cypriniformes,Cyprinidae,gobio,Gobio_gobio,25
Actinopteri,Cypriniformes,Cyprinidae,gobio,Gobio_gobio,25
Actinopteri,Cypriniformes,Cyprinidae,gobio,Gobio_kubanicus,25
Actinopteri,Cypriniformes,Cyprinidae,gobio,Gobio_soldatovi,25
Actinopteri,Cypriniformes,Cyprinidae,gobio,Gobio_tenuicorpus,25
Actinopteri,Cypriniformes,Cyprinidae,gobiobotia,Gobiobotia_abbreviata,25
Actinopteri,Cypriniformes,Cyprinidae,gobiobotia,Gobiobotia_boulengeri,25
Actinopteri,Cypriniformes,Cyprinidae,gobiobotia,Gobiobotia_boulengeri,25
Actinopteri,Cypriniformes,Cyprinidae,gobiobotia,Gobiobotia_brevibarba,25
Actinopteri,Cypriniformes,Cyprinidae,gobiobotia,Gobiobotia_ichangensis,25
Actinopteri,Cypriniformes,Cyprinidae,gobiobotia,Gobiobotia_longibarba,25
Actinopteri,Cypriniformes,Cyprinidae,hemibarbus,Hemibarbus_barbus,25
Actinopteri,Cypriniformes,Cyprinidae,hemibarbus,Hemibarbus_barbus,25
Actinopteri,Cypriniformes,Cyprinidae,hemibarbus,Hemibarbus_labeo,25
Actinopteri,Cypriniformes,Cyprinidae,hemibarbus,Hemibarbus_labeo,25
Actinopteri,Cypriniformes,Cyprinidae,hemibarbus,Hemibarbus_labeo,25
Actinopteri,Cypriniformes,Cyprinidae,hemibarbus,Hemibarbus_longirostris,25
Actinopteri,Cypriniformes,Cyprinidae,hemibarbus,Hemibarbus_longirostris,25
Actinopteri,Cypriniformes,Cyprinidae,hemibarbus,Hemibarbus_longirostris,25
Actinopteri,Cypriniformes,Cyprinidae,hemibarbus,Hemibarbus_longirostris,25
Actinopteri,Cypriniformes,Cyprinidae,hemibarbus,Hemibarbus_maculatus,25
Actinopteri,Cypriniformes,Cyprinidae,hemibarbus,Hemibarbus_maculatus,25
Actinopteri,Cypriniformes,Cyprinidae,hemibarbus,Hemibarbus_mylodon,25
Actinopteri,Cypriniformes,Cyprinidae,hemiculter,Hemiculter_bleekeri,24
Actinopteri,Cypriniformes,Cyprinidae,hemiculter,Hemiculter_eigenmanni,24
Actinopteri,Cypriniformes,Cyprinidae,hemiculter,Hemiculter_leucisculus,24
Actinopteri,Cypriniformes,Cyprinidae,hemiculter,Hemiculter_nigromarginis,24
Actinopteri,Cypriniformes,Cyprinidae,hemiculterella,Hemiculterella_sauvagei,24
Actinopteri,Cypriniformes,Cyprinidae,hemigrammocypris,Hemigrammocypris_rasborella,24
Actinopteri,Cypriniformes,Cyprinidae,hemitremia,Hemitremia_flammea,25
Actinopteri,Cypriniformes,Cyprinidae,hesperoleucus,Hesperoleucus_symmetricus,25
Actinopteri,Cypriniformes,Cyprinidae,hesperoleucus,Hesperoleucus_symmetricus,25
Actinopteri,Cypriniformes,Cyprinidae,huigobio,Huigobio_chenhsienensis,25
Actinopteri,Cypriniformes,Cyprinidae,hybognathus,Hybognathus_hayi,25
Actinopteri,Cypriniformes,Cyprinidae,hybognathus,Hybognathus_nuchalis,25
Actinopteri,Cypriniformes,Cyprinidae,hybognathus,Hybognathus_placitus,25
Actinopteri,Cypriniformes,Cyprinidae,hypophthalmichthys,Hypophthalmichthys_molitrix,24
Actinopteri,Cypriniformes,Cyprinidae,hypophthalmichthys,Hypophthalmichthys_molitrix,24
Actinopteri,Cypriniformes,Cyprinidae,hypophthalmichthys,Hypophthalmichthys_molitrix,24
Actinopteri,Cypriniformes,Cyprinidae,hypophthalmichthys,Hypophthalmichthys_molitrix,24
Actinopteri,Cypriniformes,Cyprinidae,hypophthalmichthys,Hypophthalmichthys_molitrix,24
Actinopteri,Cypriniformes,Cyprinidae,hypselobarbus,Hypselobarbus_curmuca,50
Actinopteri,Cypriniformes,Cyprinidae,hypsibarbus,Hypsibarbus_wetmorei,25
Actinopteri,Cypriniformes,Cyprinidae,labeo,Labeo_alluaudi,25
Actinopteri,Cypriniformes,Cyprinidae,labeo,Labeo_bata,25
Actinopteri,Cypriniformes,Cyprinidae,labeo,Labeo_bata,25
Actinopteri,Cypriniformes,Cyprinidae,labeo,Labeo_behri,25
Actinopteri,Cypriniformes,Cyprinidae,labeo,Labeo_caeruleus,24
Actinopteri,Cypriniformes,Cyprinidae,labeo,Labeo_calbasu,25
Actinopteri,Cypriniformes,Cyprinidae,labeo,Labeo_calbasu,25
Actinopteri,Cypriniformes,Cyprinidae,labeo,Labeo_calbasu,25
Actinopteri,Cypriniformes,Cyprinidae,labeo,Labeo_coubie,25
Actinopteri,Cypriniformes,Cyprinidae,labeo,Labeo_dero,24
Actinopteri,Cypriniformes,Cyprinidae,labeo,Labeo_dero,25
Actinopteri,Cypriniformes,Cyprinidae,labeo,Labeo_diplostomus,25
Actinopteri,Cypriniformes,Cyprinidae,labeo,Labeo_dussumieri,25
Actinopteri,Cypriniformes,Cyprinidae,labeo,Labeo_gonius,27
Actinopteri,Cypriniformes,Cyprinidae,labeo,Labeo_pangusia,25
Actinopteri,Cypriniformes,Cyprinidae,labeo,Labeo_parvus,25
Actinopteri,Cypriniformes,Cyprinidae,labeo,Labeo_parvus,25
Actinopteri,Cypriniformes,Cyprinidae,labeo,Labeo_rohita,25
Actinopteri,Cypriniformes,Cyprinidae,labeo,Labeo_rohita,25
Actinopteri,Cypriniformes,Cyprinidae,labeo,Labeo_rohita,25
Actinopteri,Cypriniformes,Cyprinidae,labeo,Labeo_rohita,25
Actinopteri,Cypriniformes,Cyprinidae,labeo,Labeo_rohita,25
Actinopteri,Cypriniformes,Cyprinidae,labeo,Labeo_rohita,25
Actinopteri,Cypriniformes,Cyprinidae,labeo,Labeo_roseopunctatus,25
Actinopteri,Cypriniformes,Cyprinidae,labeo,Labeo_rouaneti,25
Actinopteri,Cypriniformes,Cyprinidae,labeo,Labeo_senegalensis,25
Actinopteri,Cypriniformes,Cyprinidae,labeobarbus,Labeobarbus_aeneus,74
Actinopteri,Cypriniformes,Cyprinidae,labeobarbus,Labeobarbus_capensis,75
Actinopteri,Cypriniformes,Cyprinidae,labeobarbus,Labeobarbus_capensis,75
Actinopteri,Cypriniformes,Cyprinidae,labeobarbus,Labeobarbus_intermedius,75
Actinopteri,Cypriniformes,Cyprinidae,labeobarbus,Labeobarbus_intermedius,75
Actinopteri,Cypriniformes,Cyprinidae,labeobarbus,Labeobarbus_kimberleyensis,74
Actinopteri,Cypriniformes,Cyprinidae,labeobarbus,Labeobarbus_marequensis,75
Actinopteri,Cypriniformes,Cyprinidae,labeobarbus,Labeobarbus_natalensis,75
Actinopteri,Cypriniformes,Cyprinidae,labeobarbus,Labeobarbus_polylepis,75
Actinopteri,Cypriniformes,Cyprinidae,labeobarbus,Labeobarbus_polylepis,75
Actinopteri,Cypriniformes,Cyprinidae,labeobarbus,Labeobarbus_polylepis,74
Actinopteri,Cypriniformes,Cyprinidae,labiobarbus,Labiobarbus_lineatus,25
Actinopteri,Cypriniformes,Cyprinidae,leptobarbus,Leptobarbus_hoevenii,25
Actinopteri,Cypriniformes,Cyprinidae,leptobarbus,Leptobarbus_hoevenii,25
Actinopteri,Cypriniformes,Cyprinidae,leptocypris,Leptocypris_niloticus,25
Actinopteri,Cypriniformes,Cyprinidae,leucaspius,Leucaspius_delineatus,25
Actinopteri,Cypriniformes,Cyprinidae,leucaspius,Leucaspius_delineatus,25
Actinopteri,Cypriniformes,Cyprinidae,leucaspius,Leucaspius_delineatus,25
Actinopteri,Cypriniformes,Cyprinidae,leuciscus,Leuciscus_bergi,25
Actinopteri,Cypriniformes,Cyprinidae,leuciscus,Leuciscus_idus,25
Actinopteri,Cypriniformes,Cyprinidae,leuciscus,Leuciscus_idus,25
Actinopteri,Cypriniformes,Cyprinidae,leuciscus,Leuciscus_leuciscus,25
Actinopteri,Cypriniformes,Cyprinidae,leuciscus,Leuciscus_leuciscus,25
Actinopteri,Cypriniformes,Cyprinidae,leuciscus,Leuciscus_leuciscus,25
Actinopteri,Cypriniformes,Cyprinidae,leuciscus,Leuciscus_baicalensis,25
Actinopteri,Cypriniformes,Cyprinidae,leuciscus,Leuciscus_schmidti,25
Actinopteri,Cypriniformes,Cyprinidae,leuciscus,Leuciscus_waleckii,25
Actinopteri,Cypriniformes,Cyprinidae,luciobarbus,Luciobarbus_bocagei,50
Actinopteri,Cypriniformes,Cyprinidae,luciobarbus,Luciobarbus_brachycephalus,50
Actinopteri,Cypriniformes,Cyprinidae,luciobarbus,Luciobarbus_comizo,50
Actinopteri,Cypriniformes,Cyprinidae,luciobarbus,Luciobarbus_microcephalus,50
Actinopteri,Cypriniformes,Cyprinidae,luciobarbus,Luciobarbus_sclateri,50
Actinopteri,Cypriniformes,Cyprinidae,luciobarbus,Luciobarbus_steindachneri,50
Actinopteri,Cypriniformes,Cyprinidae,luciobrama,Luciobrama_macrocephalus,24
Actinopteri,Cypriniformes,Cyprinidae,lythrurus,Lythrurus_roseipinnis,25
Actinopteri,Cypriniformes,Cyprinidae,macrhybopsis,Macrhybopsis_aestivalis,25
Actinopteri,Cypriniformes,Cyprinidae,margariscus,Margariscus_margarita,25
Actinopteri,Cypriniformes,Cyprinidae,meda,Meda_fulgida,25
Actinopteri,Cypriniformes,Cyprinidae,megalobrama,Megalobrama_amblycephala,24
Actinopteri,Cypriniformes,Cyprinidae,megalobrama,Megalobrama_amblycephala,24
Actinopteri,Cypriniformes,Cyprinidae,megalobrama,Megalobrama_amblycephala,24
Actinopteri,Cypriniformes,Cyprinidae,megalobrama,Megalobrama_amblycephala,24
Actinopteri,Cypriniformes,Cyprinidae,megalobrama,Megalobrama_amblycephala,24
Actinopteri,Cypriniformes,Cyprinidae,megalobrama,Megalobrama_terminalis,24
Actinopteri,Cypriniformes,Cyprinidae,megalobrama,Megalobrama_terminalis,24
Actinopteri,Cypriniformes,Cyprinidae,microphysogobio,Microphysogobio_longidorsalis,25
Actinopteri,Cypriniformes,Cyprinidae,microphysogobio,Microphysogobio_yaluensis,25
Actinopteri,Cypriniformes,Cyprinidae,microphysogobio,Microphysogobio_yaluensis,25
Actinopteri,Cypriniformes,Cyprinidae,morulius,Morulius_chrysophekadion,25
Actinopteri,Cypriniformes,Cyprinidae,mylopharodon,Mylopharodon_conocephalus,25
Actinopteri,Cypriniformes,Cyprinidae,mylopharyngodon,Mylopharyngodon_piceus,24
Actinopteri,Cypriniformes,Cyprinidae,mylopharyngodon,Mylopharyngodon_piceus,24
Actinopteri,Cypriniformes,Cyprinidae,mylopharyngodon,Mylopharyngodon_piceus,24
Actinopteri,Cypriniformes,Cyprinidae,mylopharyngodon,Mylopharyngodon_piceus,24
Actinopteri,Cypriniformes,Cyprinidae,mystacoleucus,Mystacoleucus_marginatus,25
Actinopteri,Cypriniformes,Cyprinidae,neolissochilus,Neolissochilus_dukai,50
Actinopteri,Cypriniformes,Cyprinidae,nocomis,Nocomis_leptocephalus,25
Actinopteri,Cypriniformes,Cyprinidae,nocomis,Nocomis_micropogon,25
Actinopteri,Cypriniformes,Cyprinidae,notropis,Notropis_amabilis,25
Actinopteri,Cypriniformes,Cyprinidae,notropis,Notropis_atherinoides,25
Actinopteri,Cypriniformes,Cyprinidae,notropis,Notropis_atrocaudalis,25
Actinopteri,Cypriniformes,Cyprinidae,notropis,Notropis_baileyi,25
Actinopteri,Cypriniformes,Cyprinidae,notropis,Notropis_boops,25
Actinopteri,Cypriniformes,Cyprinidae,notropis,Notropis_braytoni,25
Actinopteri,Cypriniformes,Cyprinidae,notropis,Notropis_buccatus,25
Actinopteri,Cypriniformes,Cyprinidae,notropis,Notropis_buchanani,25
Actinopteri,Cypriniformes,Cyprinidae,notropis,Notropis_chrosomus,25
Actinopteri,Cypriniformes,Cyprinidae,notropis,Notropis_dorsalis,25
Actinopteri,Cypriniformes,Cyprinidae,notropis,Notropis_jemezanus,25
Actinopteri,Cypriniformes,Cyprinidae,notropis,Notropis_longirostris,25
Actinopteri,Cypriniformes,Cyprinidae,cyprinella,Cyprinella_lep,25
Actinopteri,Cypriniformes,Cyprinidae,notropis,Notropis_maculatus,25
Actinopteri,Cypriniformes,Cyprinidae,notropis,Notropis_nubilus,25
Actinopteri,Cypriniformes,Cyprinidae,notropis,Notropis_oxyrhynchus,25
Actinopteri,Cypriniformes,Cyprinidae,notropis,Notropis_petersoni,25
Actinopteri,Cypriniformes,Cyprinidae,notropis,Notropis_potteri,25
Actinopteri,Cypriniformes,Cyprinidae,notropis,Notropis_sabinae,25
Actinopteri,Cypriniformes,Cyprinidae,notropis,Notropis_shumardi,25
Actinopteri,Cypriniformes,Cyprinidae,notropis,Notropis_stilbius,25
Actinopteri,Cypriniformes,Cyprinidae,notropis,Notropis_stramineus,25
Actinopteri,Cypriniformes,Cyprinidae,notropis,Notropis_stramineus,25
Actinopteri,Cypriniformes,Cyprinidae,notropis,Notropis_texanus,25
Actinopteri,Cypriniformes,Cyprinidae,notropis,Notropis_texanus,25
Actinopteri,Cypriniformes,Cyprinidae,notropis,Notropis_volucellus,25
Actinopteri,Cypriniformes,Cyprinidae,notropis,Notropis_volucellus,25
Actinopteri,Cypriniformes,Cyprinidae,ochetobius,Ochetobius_elongatus,24
Actinopteri,Cypriniformes,Cyprinidae,opsariichthys,Opsariichthys_bidens,38
Actinopteri,Cypriniformes,Cyprinidae,opsariichthys,Opsariichthys_bidens,37
Actinopteri,Cypriniformes,Cyprinidae,opsariichthys,Opsariichthys_bidens,38
Actinopteri,Cypriniformes,Cyprinidae,opsariichthys,Opsariichthys_uncirostris,38
Actinopteri,Cypriniformes,Cyprinidae,opsariichthys,Opsariichthys_uncirostris,37
Actinopteri,Cypriniformes,Cyprinidae,opsariichthys,Opsariichthys_uncirostris,39
Actinopteri,Cypriniformes,Cyprinidae,opsopoeodus,Opsopoeodus_emiliae,24
Actinopteri,Cypriniformes,Cyprinidae,opsopoeodus,Opsopoeodus_emiliae,25
Actinopteri,Cypriniformes,Cyprinidae,orthodon,Orthodon_microlepidotus,25
Actinopteri,Cypriniformes,Cyprinidae,osteobrama,Osteobrama_belangeri,25
Actinopteri,Cypriniformes,Cyprinidae,osteobrama,Osteobrama_cotio,24
Actinopteri,Cypriniformes,Cyprinidae,osteobrama,Osteobrama_cotio,24
Actinopteri,Cypriniformes,Cyprinidae,osteobrama,Osteobrama_cotio,24
Actinopteri,Cypriniformes,Cyprinidae,osteochilus,Osteochilus_hasselti,25
Actinopteri,Cypriniformes,Cyprinidae,osteochilus,Osteochilus_vittatus,25
Actinopteri,Cypriniformes,Cyprinidae,osteochilus,Osteochilus_waandersi,25
Actinopteri,Cypriniformes,Cyprinidae,pachychilon,Pachychilon_macedonicum,25
Actinopteri,Cypriniformes,Cyprinidae,pachychilon,Pachychilon_pictum,25
Actinopteri,Cypriniformes,Cyprinidae,parabramis,Parabramis_pekinensis,24
Actinopteri,Cypriniformes,Cyprinidae,paracanthobrama,Paracanthobrama_guichenoti,25
Actinopteri,Cypriniformes,Cyprinidae,paracanthobrama,Paracanthobrama_umbrifer,25
Actinopteri,Cypriniformes,Cyprinidae,parachondrostoma,Parachondrostoma_arrigonis,25
Actinopteri,Cypriniformes,Cyprinidae,parachondrostoma,Parachondrostoma_toxostoma,25
Actinopteri,Cypriniformes,Cyprinidae,parachondrostoma,Parachondrostoma_toxostoma,25
Actinopteri,Cypriniformes,Cyprinidae,paraleucogobio,Paraleucogobio_strigatus,25
Actinopteri,Cypriniformes,Cyprinidae,paraleucogobio,Paraleucogobio_strigatus,25
Actinopteri,Cypriniformes,Cyprinidae,parapelecus,Parapelecus_argenteus,24
Actinopteri,Cypriniformes,Cyprinidae,parapelecus,Parapelecus_engraulis,24
Actinopteri,Cypriniformes,Cyprinidae,parasinilabeo,Parasinilabeo_assimilis,25
Actinopteri,Cypriniformes,Cyprinidae,pelecus,Pelecus_cultratus,25
Actinopteri,Cypriniformes,Cyprinidae,petroleuciscus,Petroleuciscus_borysthenicus,25
Actinopteri,Cypriniformes,Cyprinidae,petroleuciscus,Petroleuciscus_persidis,25
Actinopteri,Cypriniformes,Cyprinidae,phenacobius,Phenacobius_mirabilis,25
Actinopteri,Cypriniformes,Cyprinidae,phoxinellus,Phoxinellus_alepidotus,25
Actinopteri,Cypriniformes,Cyprinidae,phoxinus,Phoxinus_keumkang,25
Actinopteri,Cypriniformes,Cyprinidae,phoxinus,Phoxinus_lagowskii,25
Actinopteri,Cypriniformes,Cyprinidae,phoxinus,Phoxinus_lagowskii,25
Actinopteri,Cypriniformes,Cyprinidae,phoxinus,Phoxinus_oxycephalus,25
Actinopteri,Cypriniformes,Cyprinidae,phoxinus,Phoxinus_oxycephalus,25
Actinopteri,Cypriniformes,Cyprinidae,phoxinus,Phoxinus_oxycephalus,25
Actinopteri,Cypriniformes,Cyprinidae,phoxinus,Phoxinus_oxycephalus,25
Actinopteri,Cypriniformes,Cyprinidae,phoxinus,Phoxinus_oxycephalus,25
Actinopteri,Cypriniformes,Cyprinidae,phoxinus,Phoxinus_oxycephalus,25
Actinopteri,Cypriniformes,Cyprinidae,phoxinus,Phoxinus_oxycephalus,25
Actinopteri,Cypriniformes,Cyprinidae,phoxinus,Phoxinus_oxycephalus,25
Actinopteri,Cypriniformes,Cyprinidae,phoxinus,Phoxinus_phoxinus,25
Actinopteri,Cypriniformes,Cyprinidae,phoxinus,Phoxinus_phoxinus,25
Actinopteri,Cypriniformes,Cyprinidae,phoxinus,Phoxinus_phoxinus,25
Actinopteri,Cypriniformes,Cyprinidae,phoxinus,Phoxinus_phoxinus,25
Actinopteri,Cypriniformes,Cyprinidae,phoxinus,Phoxinus_phoxinus,25
Actinopteri,Cypriniformes,Cyprinidae,phoxinus,Phoxinus_phoxinus,25
Actinopteri,Cypriniformes,Cyprinidae,pimephales,Pimephales_notatus,25
Actinopteri,Cypriniformes,Cyprinidae,pimephales,Pimephales_notatus,26
Actinopteri,Cypriniformes,Cyprinidae,pimephales,Pimephales_promelas,25
Actinopteri,Cypriniformes,Cyprinidae,pimephales,Pimephales_vigilax,25
Actinopteri,Cypriniformes,Cyprinidae,plagiognathops,Plagiognathops_microlepis,24
Actinopteri,Cypriniformes,Cyprinidae,plagopterus,Plagopterus_argentissimus,25
Actinopteri,Cypriniformes,Cyprinidae,platysmacheilus,Platysmacheilus_exiguus,25
Actinopteri,Cypriniformes,Cyprinidae,pogonichthys,Pogonichthys_macrolepidotus,25
Actinopteri,Cypriniformes,Cyprinidae,procypris,Procypris_rabaudi,50
Actinopteri,Cypriniformes,Cyprinidae,pseudaspius,Pseudaspius_leptocephalus,25
Actinopteri,Cypriniformes,Cyprinidae,pseudobrama,Pseudobrama_simoni,24
Actinopteri,Cypriniformes,Cyprinidae,pseudochondrostoma,Pseudochondrostoma_duriense,25
Actinopteri,Cypriniformes,Cyprinidae,pseudochondrostoma,Pseudochondrostoma_duriense,25
Actinopteri,Cypriniformes,Cyprinidae,pseudochondrostoma,Pseudochondrostoma_polylepis,25
Actinopteri,Cypriniformes,Cyprinidae,pseudochondrostoma,Pseudochondrostoma_willkommii,25
Actinopteri,Cypriniformes,Cyprinidae,pseudogobio,Pseudogobio_esocinus,25
Actinopteri,Cypriniformes,Cyprinidae,pseudogobio,Pseudogobio_esocinus,25
Actinopteri,Cypriniformes,Cyprinidae,pseudogobio,Pseudogobio_vaillanti,25
Actinopteri,Cypriniformes,Cyprinidae,pseudogobio,Pseudogobio_vaillanti,25
Actinopteri,Cypriniformes,Cyprinidae,pseudohemiculter,Pseudohemiculter_dispar,24
Actinopteri,Cypriniformes,Cyprinidae,pseudolaubuca,Pseudolaubuca_sinensis,24
Actinopteri,Cypriniformes,Cyprinidae,pseudopungtungia,Pseudopungtungia_nigra,25
Actinopteri,Cypriniformes,Cyprinidae,pseudopungtungia,Pseudopungtungia_tenuicorpus,25
Actinopteri,Cypriniformes,Cyprinidae,pseudorasbora,Pseudorasbora_parva,25
Actinopteri,Cypriniformes,Cyprinidae,pseudorasbora,Pseudorasbora_parva,25
Actinopteri,Cypriniformes,Cyprinidae,pseudorasbora,Pseudorasbora_parva,25
Actinopteri,Cypriniformes,Cyprinidae,pseudorasbora,Pseudorasbora_parva,25
Actinopteri,Cypriniformes,Cyprinidae,pseudorasbora,Pseudorasbora_parva,25
Actinopteri,Cypriniformes,Cyprinidae,pseudorasbora,Pseudorasbora_parva,25
Actinopteri,Cypriniformes,Cyprinidae,pseudorasbora,Pseudorasbora_parva,25
Actinopteri,Cypriniformes,Cyprinidae,pseudorasbora,Pseudorasbora_pumila,25
Actinopteri,Cypriniformes,Cyprinidae,pseudorasbora,Pseudorasbora_pumila,25
Actinopteri,Cypriniformes,Cyprinidae,pteronotropis,Pteronotropis_hubbsi,25
Actinopteri,Cypriniformes,Cyprinidae,pteronotropis,Pteronotropis_signipinnis,25
Actinopteri,Cypriniformes,Cyprinidae,pteronotropis,Pteronotropis_welaka,25
Actinopteri,Cypriniformes,Cyprinidae,ptychocheilus,Ptychocheilus_grandis,25
Actinopteri,Cypriniformes,Cyprinidae,ptychocheilus,Ptychocheilus_lucius,25
Actinopteri,Cypriniformes,Cyprinidae,ptychocheilus,Ptychocheilus_oregonensis,25
Actinopteri,Cypriniformes,Cyprinidae,ptychocheilus,Ptychocheilus_umpquae,25
Actinopteri,Cypriniformes,Cyprinidae,puntius,Puntius_arulius,25
Actinopteri,Cypriniformes,Cyprinidae,puntius,Puntius_brevis,25
Actinopteri,Cypriniformes,Cyprinidae,puntius,Puntius_conchonius,25
Actinopteri,Cypriniformes,Cyprinidae,puntius,Puntius_conchonius,25
Actinopteri,Cypriniformes,Cyprinidae,puntius,Puntius_conchonius,25
Actinopteri,Cypriniformes,Cyprinidae,puntius,Puntius_conchonius,25
Actinopteri,Cypriniformes,Cyprinidae,puntius,Puntius_conchonius,24
Actinopteri,Cypriniformes,Cyprinidae,puntius,Puntius_cumingi,25
Actinopteri,Cypriniformes,Cyprinidae,puntius,Puntius_denisonii,25
Actinopteri,Cypriniformes,Cyprinidae,puntius,Puntius_everetti,25
Actinopteri,Cypriniformes,Cyprinidae,puntius,Puntius_fasciatus,25
Actinopteri,Cypriniformes,Cyprinidae,puntius,Puntius_fasciatus,25
Actinopteri,Cypriniformes,Cyprinidae,puntius,Puntius_filamentosus,25
Actinopteri,Cypriniformes,Cyprinidae,puntius,Puntius_filamentosus,25
Actinopteri,Cypriniformes,Cyprinidae,puntius,Puntius_lateristriga,25
Actinopteri,Cypriniformes,Cyprinidae,puntius,Puntius_manipurensis,25
Actinopteri,Cypriniformes,Cyprinidae,puntius,Puntius_melanampyx,25
Actinopteri,Cypriniformes,Cyprinidae,puntius,Puntius_nigrofasciatus,25
Actinopteri,Cypriniformes,Cyprinidae,puntius,Puntius_oligolepis,25
Actinopteri,Cypriniformes,Cyprinidae,puntius,Puntius_orphoides,25
Actinopteri,Cypriniformes,Cyprinidae,puntius,Puntius_orphoides,25
Actinopteri,Cypriniformes,Cyprinidae,puntius,Puntius_partipentazona,25
Actinopteri,Cypriniformes,Cyprinidae,puntius,Puntius_pentazona,25
Actinopteri,Cypriniformes,Cyprinidae,puntius,Puntius_sarana,25
Actinopteri,Cypriniformes,Cyprinidae,puntius,Puntius_sarana,25
Actinopteri,Cypriniformes,Cyprinidae,puntius,Puntius_semifasciolatus,25
Actinopteri,Cypriniformes,Cyprinidae,puntius,Puntius_semifasciolatus,25
Actinopteri,Cypriniformes,Cyprinidae,puntius,Puntius_sophore,25
Actinopteri,Cypriniformes,Cyprinidae,puntius,Puntius_sophore,24
Actinopteri,Cypriniformes,Cyprinidae,puntius,Puntius_sophore,24
Actinopteri,Cypriniformes,Cyprinidae,puntius,Puntius_sophore,24
Actinopteri,Cypriniformes,Cyprinidae,puntius,Puntius_sophore,24
Actinopteri,Cypriniformes,Cyprinidae,puntius,Puntius_sophore,24
Actinopteri,Cypriniformes,Cyprinidae,puntius,Puntius_stoliczkanus,25
Actinopteri,Cypriniformes,Cyprinidae,puntius,Puntius_tetrazona,25
Actinopteri,Cypriniformes,Cyprinidae,puntius,Puntius_tetrazona,25
Actinopteri,Cypriniformes,Cyprinidae,puntius,Puntius_tetrazona,25
Actinopteri,Cypriniformes,Cyprinidae,puntius,Puntius_tetrazona,25
Actinopteri,Cypriniformes,Cyprinidae,puntius,Puntius_ticto,25
Actinopteri,Cypriniformes,Cyprinidae,puntius,Puntius_ticto,25
Actinopteri,Cypriniformes,Cyprinidae,puntius,Puntius_ticto,25
Actinopteri,Cypriniformes,Cyprinidae,puntius,Puntius_titteya,25
Actinopteri,Cypriniformes,Cyprinidae,raiamas,Raiamas_bola,25
Actinopteri,Cypriniformes,Cyprinidae,raiamas,Raiamas_nigeriensis,25
Actinopteri,Cypriniformes,Cyprinidae,raiamas,Raiamas_senegalensis,25
Actinopteri,Cypriniformes,Cyprinidae,raiamas,Raiamas_steindachneri,25
Actinopteri,Cypriniformes,Cyprinidae,rasbora,Rasbora_argyrotaenia,25
Actinopteri,Cypriniformes,Cyprinidae,rhinichthys,Rhinichthys_atratulus,25
Actinopteri,Cypriniformes,Cyprinidae,rhinichthys,Rhinichthys_cataractae,25
Actinopteri,Cypriniformes,Cyprinidae,rhinichthys,Rhinichthys_cataractae,25
Actinopteri,Cypriniformes,Cyprinidae,rhinichthys,Rhinichthys_cobitis,25
Actinopteri,Cypriniformes,Cyprinidae,rhinichthys,Rhinichthys_evermanni,25
Actinopteri,Cypriniformes,Cyprinidae,rhinichthys,Rhinichthys_osculus,25
Actinopteri,Cypriniformes,Cyprinidae,rhinogobio,Rhinogobio_cylindricus,25
Actinopteri,Cypriniformes,Cyprinidae,rhinogobio,Rhinogobio_typus,25
Actinopteri,Cypriniformes,Cyprinidae,rhinogobio,Rhinogobio_ventralis,25
Actinopteri,Cypriniformes,Cyprinidae,rhynchocypris,Rhynchocypris_percnurus,25
Actinopteri,Cypriniformes,Cyprinidae,richardsonius,Richardsonius_balteatus,25
Actinopteri,Cypriniformes,Cyprinidae,richardsonius,Richardsonius_egregius,25
Actinopteri,Cypriniformes,Cyprinidae,romanogobio,Romanogobio_banaticus,25
Actinopteri,Cypriniformes,Cyprinidae,romanogobio,Romanogobio_kessleri,25
Actinopteri,Cypriniformes,Cyprinidae,romanogobio,Romanogobio_uranoscopus,26
Actinopteri,Cypriniformes,Cyprinidae,romanogobio,Romanogobio_uranoscopus,25
Actinopteri,Cypriniformes,Cyprinidae,romanogobio,Romanogobio_vladykovi,25
Actinopteri,Cypriniformes,Cyprinidae,rostrogobio,Rostrogobio_amurensis,25
Actinopteri,Cypriniformes,Cyprinidae,rutilus,Rutilus_aula,25
Actinopteri,Cypriniformes,Cyprinidae,rutilus,Rutilus_frisii,25
Actinopteri,Cypriniformes,Cyprinidae,rutilus,Rutilus_pigus,25
Actinopteri,Cypriniformes,Cyprinidae,rutilus,Rutilus_rubilio,25
Actinopteri,Cypriniformes,Cyprinidae,rutilus,Rutilus_rutilus,25
Actinopteri,Cypriniformes,Cyprinidae,rutilus,Rutilus_rutilus,25.5
Actinopteri,Cypriniformes,Cyprinidae,rutilus,Rutilus_caspicus,25
Actinopteri,Cypriniformes,Cyprinidae,sarcocheilichthys,Sarcocheilichthys_biwaensis,25
Actinopteri,Cypriniformes,Cyprinidae,sarcocheilichthys,Sarcocheilichthys_czerskii,25
Actinopteri,Cypriniformes,Cyprinidae,sarcocheilichthys,Sarcocheilichthys_kiangsiensis,25
Actinopteri,Cypriniformes,Cyprinidae,sarcocheilichthys,Sarcocheilichthys_lacustris,25
Actinopteri,Cypriniformes,Cyprinidae,sarcocheilichthys,Sarcocheilichthys_nigripinnis,25
Actinopteri,Cypriniformes,Cyprinidae,sarcocheilichthys,Sarcocheilichthys_nigripinnis,25
Actinopteri,Cypriniformes,Cyprinidae,sarcocheilichthys,Sarcocheilichthys_nigripinnis,25
Actinopteri,Cypriniformes,Cyprinidae,sarcocheilichthys,Sarcocheilichthys_nigripinnis,25
Actinopteri,Cypriniformes,Cyprinidae,sarcocheilichthys,Sarcocheilichthys_parvus,25
Actinopteri,Cypriniformes,Cyprinidae,sarcocheilichthys,Sarcocheilichthys_sinensis,25
Actinopteri,Cypriniformes,Cyprinidae,sarcocheilichthys,Sarcocheilichthys_variegatus,25
Actinopteri,Cypriniformes,Cyprinidae,sarcocheilichthys,Sarcocheilichthys_variegatus,25
Actinopteri,Cypriniformes,Cyprinidae,saurogobio,Saurogobio_dabryi,25
Actinopteri,Cypriniformes,Cyprinidae,saurogobio,Saurogobio_dumerili,25
Actinopteri,Cypriniformes,Cyprinidae,saurogobio,Saurogobio_gymnocheilus,25
Actinopteri,Cypriniformes,Cyprinidae,scardinius,Scardinius_acarnanicus,25
Actinopteri,Cypriniformes,Cyprinidae,scardinius,Scardinius_erythrophthalmus,25
Actinopteri,Cypriniformes,Cyprinidae,scardinius,Scardinius_erythrophthalmus,25
Actinopteri,Cypriniformes,Cyprinidae,scardinius,Scardinius_erythrophthalmus,24
Actinopteri,Cypriniformes,Cyprinidae,scardinius,Scardinius_erythrophthalmus,24
Actinopteri,Cypriniformes,Cyprinidae,scardinius,Scardinius_erythrophthalmus,25
Actinopteri,Cypriniformes,Cyprinidae,scardinius,Scardinius_erythrophthalmus,25
Actinopteri,Cypriniformes,Cyprinidae,scardinius,Scardinius_erythrophthalmus,25
Actinopteri,Cypriniformes,Cyprinidae,scardinius,Scardinius_erythrophthalmus,25
Actinopteri,Cypriniformes,Cyprinidae,scardinius,Scardinius_graecus,25
Actinopteri,Cypriniformes,Cyprinidae,scardinius,Scardinius_scardafa,25
Actinopteri,Cypriniformes,Cyprinidae,schizothorax,Schizothorax_argentatus,49-75
Actinopteri,Cypriniformes,Cyprinidae,schizothorax,Schizothorax_davidi,49
Actinopteri,Cypriniformes,Cyprinidae,schizothorax,Schizothorax_grahami,74
Actinopteri,Cypriniformes,Cyprinidae,schizothorax,Schizothorax_lissolabiatus,74
Actinopteri,Cypriniformes,Cyprinidae,schizothorax,Schizothorax_macropogon,45-49
Actinopteri,Cypriniformes,Cyprinidae,schizothorax,Schizothorax_prenanti,74
Actinopteri,Cypriniformes,Cyprinidae,schizothorax,Schizothorax_pseudoaksaiensis,49-50
Actinopteri,Cypriniformes,Cyprinidae,schizothorax,Schizothorax_taliensis,74
Actinopteri,Cypriniformes,Cyprinidae,schizothorax,Schizothorax_taliensis,74
Actinopteri,Cypriniformes,Cyprinidae,schizothorax,Schizothorax_waltoni,46
Actinopteri,Cypriniformes,Cyprinidae,semilabeo,Semilabeo_notabilis,25
Actinopteri,Cypriniformes,Cyprinidae,semilabeo,Semilabeo_prochilus,25
Actinopteri,Cypriniformes,Cyprinidae,semilabeo,Semilabeo_prochilus,25
Actinopteri,Cypriniformes,Cyprinidae,semotilus,Semotilus_atromaculatus,25
Actinopteri,Cypriniformes,Cyprinidae,semotilus,Semotilus_corporalis,26
Actinopteri,Cypriniformes,Cyprinidae,sinibrama,Sinibrama_changi,24
Actinopteri,Cypriniformes,Cyprinidae,sinibrama,Sinibrama_melrosei,24
Actinopteri,Cypriniformes,Cyprinidae,sinocyclocheilus,Sinocyclocheilus_grahami,48
Actinopteri,Cypriniformes,Cyprinidae,sinocyclocheilus,Sinocyclocheilus_grahami,48
Actinopteri,Cypriniformes,Cyprinidae,sinocyclocheilus,Sinocyclocheilus_grahami,48
Actinopteri,Cypriniformes,Cyprinidae,sinocyclocheilus,Sinocyclocheilus_grahami,48
Actinopteri,Cypriniformes,Cyprinidae,sinocyclocheilus,Sinocyclocheilus_maculatus,48
Actinopteri,Cypriniformes,Cyprinidae,spinibarbus,Spinibarbus_denticulatus,50
Actinopteri,Cypriniformes,Cyprinidae,spinibarbus,Spinibarbus_hollandi,50
Actinopteri,Cypriniformes,Cyprinidae,spinibarbus,Spinibarbus_sinensis,50
Actinopteri,Cypriniformes,Cyprinidae,squalidus,Squalidus_argentatus,25
Actinopteri,Cypriniformes,Cyprinidae,squalidus,Squalidus_chankaensis,25
Actinopteri,Cypriniformes,Cyprinidae,squalidus,Squalidus_gracilis,25
Actinopteri,Cypriniformes,Cyprinidae,squalidus,Squalidus_gracilis,25
Actinopteri,Cypriniformes,Cyprinidae,squaliobarbus,Squaliobarbus_curriculus,24
Actinopteri,Cypriniformes,Cyprinidae,squalius,Squalius_albus,25
Actinopteri,Cypriniformes,Cyprinidae,squalius,Squalius_aradensis,25
Actinopteri,Cypriniformes,Cyprinidae,squalius,Squalius_carolitertii,25
Actinopteri,Cypriniformes,Cyprinidae,squalius,Squalius_cephalus,25
Actinopteri,Cypriniformes,Cyprinidae,squalius,Squalius_cephalus,25
Actinopteri,Cypriniformes,Cyprinidae,squalius,Squalius_cephalus,25
Actinopteri,Cypriniformes,Cyprinidae,squalius,Squalius_cephalus,25
Actinopteri,Cypriniformes,Cyprinidae,squalius,Squalius_cephalus,25
Actinopteri,Cypriniformes,Cyprinidae,squalius,Squalius_keadicus,25
Actinopteri,Cypriniformes,Cyprinidae,squalius,Squalius_pyrenaicus,25
Actinopteri,Cypriniformes,Cyprinidae,squalius,Squalius_squalus,25
Actinopteri,Cypriniformes,Cyprinidae,squalius,Squalius_squalus,25
Actinopteri,Cypriniformes,Cyprinidae,squalius,Squalius_svallize,25
Actinopteri,Cypriniformes,Cyprinidae,squalius,Squalius_tenellus,25
Actinopteri,Cypriniformes,Cyprinidae,telestes,Telestes_croaticus,25
Actinopteri,Cypriniformes,Cyprinidae,telestes,Telestes_metohiensis,25
Actinopteri,Cypriniformes,Cyprinidae,telestes,Telestes_muticellus,25
Actinopteri,Cypriniformes,Cyprinidae,telestes,Telestes_polylepis,25
Actinopteri,Cypriniformes,Cyprinidae,telestes,Telestes_souffia,25
Actinopteri,Cypriniformes,Cyprinidae,tinca,Tinca_tinca,24
Actinopteri,Cypriniformes,Cyprinidae,tinca,Tinca_tinca,24
Actinopteri,Cypriniformes,Cyprinidae,tinca,Tinca_tinca,24
Actinopteri,Cypriniformes,Cyprinidae,tinca,Tinca_tinca,24
Actinopteri,Cypriniformes,Cyprinidae,tinca,Tinca_tinca,24
Actinopteri,Cypriniformes,Cyprinidae,tinca,Tinca_tinca,24
Actinopteri,Cypriniformes,Cyprinidae,tinca,Tinca_tinca,24
Actinopteri,Cypriniformes,Cyprinidae,tinca,Tinca_tinca,24
Actinopteri,Cypriniformes,Cyprinidae,tinca,Tinca_tinca,24
Actinopteri,Cypriniformes,Cyprinidae,tor,Tor_douronensis,50
Actinopteri,Cypriniformes,Cyprinidae,tor,Tor_khudree,50
Actinopteri,Cypriniformes,Cyprinidae,tor,Tor_khudree,50
Actinopteri,Cypriniformes,Cyprinidae,tor,Tor_khudree,50
Actinopteri,Cypriniformes,Cyprinidae,tor,Tor_khudree,50
Actinopteri,Cypriniformes,Cyprinidae,tor,Tor_mussullah,50
Actinopteri,Cypriniformes,Cyprinidae,tor,Tor_progeneius,50
Actinopteri,Cypriniformes,Cyprinidae,tor,Tor_putitora,50
Actinopteri,Cypriniformes,Cyprinidae,tor,Tor_putitora,50
Actinopteri,Cypriniformes,Cyprinidae,tor,Tor_putitora,50
Actinopteri,Cypriniformes,Cyprinidae,tor,Tor_putitora,50
Actinopteri,Cypriniformes,Cyprinidae,tor,Tor_sinensis,50
Actinopteri,Cypriniformes,Cyprinidae,tor,Tor_soro,50
Actinopteri,Cypriniformes,Cyprinidae,tor,Tor_tor,50
Actinopteri,Cypriniformes,Cyprinidae,tor,Tor_mosal,50
Actinopteri,Cypriniformes,Cyprinidae,tor,Tor_tor,50
Actinopteri,Cypriniformes,Cyprinidae,tor,Tor_tor,50
Actinopteri,Cypriniformes,Cyprinidae,tor,Tor_tor,50
Actinopteri,Cypriniformes,Cyprinidae,tribolodon,Tribolodon_ezoe,25
Actinopteri,Cypriniformes,Cyprinidae,tribolodon,Tribolodon_ezoe,25
Actinopteri,Cypriniformes,Cyprinidae,tribolodon,Tribolodon_hakonensis,25
Actinopteri,Cypriniformes,Cyprinidae,tribolodon,Tribolodon_hakonensis,25
Actinopteri,Cypriniformes,Cyprinidae,tribolodon,Tribolodon_hakonensis,25
Actinopteri,Cypriniformes,Cyprinidae,varicorhinus,Varicorhinus_beso,75
Actinopteri,Cypriniformes,Cyprinidae,varicorhinus,Varicorhinus_nelspruitensis,75
Actinopteri,Cypriniformes,Cyprinidae,vimba,Vimba_vimba,26
Actinopteri,Cypriniformes,Cyprinidae,vimba,Vimba_vimba,25
Actinopteri,Cypriniformes,Cyprinidae,vimba,Vimba_vimba,25
Actinopteri,Cypriniformes,Cyprinidae,xenocypris,Xenocypris_fangi,24
Actinopteri,Cypriniformes,Cyprinidae,acrossocheilus,Acrossocheilus_fasciatus,25
Actinopteri,Cypriniformes,Cyprinidae,acrossocheilus,Acrossocheilus_parallens,25
Actinopteri,Cypriniformes,Cyprinidae,balantiocheilos,Balantiocheilos_melanopterus,25
Actinopteri,Cypriniformes,Cyprinidae,barbonymus,Barbonymus_schwanenfeldii,25
Actinopteri,Cypriniformes,Cyprinidae,nealissochilus,Nealissochilus_hexagonolepis,50
Actinopteri,Cypriniformes,Cyprinidae,nealissochilus,Nealissochilus_sumatranus,49
Actinopteri,Cypriniformes,Cyprinidae,puntius,Puntius_sophoroides,25
Actinopteri,Cypriniformes,Cyprinidae,microphysogobio,Microphysogobio_longidorsalis,25
Actinopteri,Cypriniformes,Cyprinidae,garra,Garra_variabilis,37
Actinopteri,Cypriniformes,Cyprinidae,pachychilon,Pachychilon_pictum,25
Actinopteri,Cypriniformes,Cyprinidae,rhynchocypris,Rhynchocypris_lagowskii,25
Actinopteri,Cypriniformes,Cyprinidae,rutilus,Rutilus_aula,25
Actinopteri,Cypriniformes,Cyprinidae,rutilus,Rutilus_macrolepidotus,25
Actinopteri,Cypriniformes,Cyprinidae,rutilus,Rutilus_prespensis,25
Actinopteri,Cypriniformes,Cyprinidae,rutilus,Rutilus_rubilio,25
Actinopteri,Cypriniformes,Cyprinidae,rutilus,Rutilus_rutilus,25
Actinopteri,Cypriniformes,Cyprinidae,rutilus,Rutilus_rutilus,25
Actinopteri,Cypriniformes,Cyprinidae,rutilus,Rutilus_rutilus,25
Actinopteri,Cypriniformes,Cyprinidae,rutilus,Rutilus_rutilus,25
Actinopteri,Cypriniformes,Cyprinidae,rutilus,Rutilus_rutilus,26
Actinopteri,Cypriniformes,Cyprinidae,rutilus,Rutilus_ylikiensis,25
Actinopteri,Cypriniformes,Cyprinidae,cyprinella,Cyprinella_formosa,25
Actinopteri,Cypriniformes,Cyprinidae,cyprinella,Cyprinella_gibbsi,25
Actinopteri,Cypriniformes,Cyprinidae,semotilus,Semotilus_atromaculatus,26
Actinopteri,Cypriniformes,Cyprinidae,chelaethiops,Chelaethiops_bibie,25
Actinopteri,Cypriniformes,Cyprinidae,tor,Tor_chelynoides,50
Actinopteri,Cypriniformes,Cyprinidae,culter,Culter_oxycephaloides,24
Actinopteri,Cypriniformes,Cyprinidae,ischikauia,Ischikauia_steenackeri,24
Actinopteri,Cypriniformes,Cyprinidae,iberochondrostoma,Iberochondrostoma_almacai,25
Actinopteri,Cypriniformes,Cyprinidae,iberochondrostoma,Iberochondrostoma_lemmingii,25
Actinopteri,Cypriniformes,Cyprinidae,iberochondrostoma,Iberochondrostoma_lusitanicum,25
Actinopteri,Cypriniformes,Cyprinidae,iberochondrostoma,Iberochondrostoma_lusitanicum,25
Actinopteri,Cypriniformes,Cyprinidae,iberocypris,Iberocypris_alburnoides,25
Actinopteri,Cypriniformes,Cyprinidae,iberocypris,Iberocypris_alburnoides,37.5
Actinopteri,Cypriniformes,Cyprinidae,iberocypris,Iberocypris_alburnoides,25
Actinopteri,Cypriniformes,Cyprinidae,iberocypris,Iberocypris_alburnoides,50
Actinopteri,Cypriniformes,Cyprinidae,iberocypris,Iberocypris_palaciosi,25
Actinopteri,Cypriniformes,Cyprinidae,iberocypris,Iberocypris_palaciosi,37.5
Actinopteri,Cypriniformes,Cyprinidae,iberocypris,Iberocypris_palaciosi,50
Actinopteri,Cypriniformes,Cyprinidae,lythrurus,Lythrurus_umbratilis,25
Actinopteri,Cypriniformes,Cyprinidae,osteochilichthys,Osteochilichthys_longidorsalis,50
Actinopteri,Cypriniformes,Cyprinidae,albumoides,Albumoides_bipunctatus,25
Actinopteri,Cypriniformes,Cyprinidae,albumus,Albumus_albidus,25
Actinopteri,Cypriniformes,Cyprinidae,albumus,Albumus_arborella,25
Actinopteri,Cypriniformes,Cyprinidae,alburnus,Alburnus_albumus,25
Actinopteri,Cypriniformes,Cyprinidae,alburnus,Alburnus_albumus,25
Actinopteri,Cypriniformes,Cyprinidae,anabarilius,Anabarilius_albumops,24
Actinopteri,Cypriniformes,Cyprinidae,anabarilius,Anabarilius_albumops,24
Actinopteri,Cypriniformes,Cyprinidae,barilius,Barilius_bama,25
Actinopteri,Cypriniformes,Cyprinidae,barilius,Barilius_banla,25
Actinopteri,Cypriniformes,Cyprinidae,barilius,Barilius_tilea,25
Actinopteri,Cypriniformes,Cyprinidae,carasobarbus,Carasobarbus_cams,75
Actinopteri,Cypriniformes,Cyprinidae,chalcalbumus,Chalcalbumus_mossulensis,25
Actinopteri,Cypriniformes,Cyprinidae,chrosomus,Chrosomus_areas,25
Actinopteri,Cypriniformes,Cyprinidae,dania,Dania_albolineatus,25
Actinopteri,Cypriniformes,Cyprinidae,fohfer,Fohfer_brevifilis,25
Actinopteri,Cypriniformes,Cyprinidae,garra,Garra_cambodgigensis,25
Actinopteri,Cypriniformes,Cyprinidae,hemiculterella,Hemiculterella_sp,24
Actinopteri,Cypriniformes,Cyprinidae,nealissachilus,Nealissachilus_hexaganalepis,50
Actinopteri,Cypriniformes,Cyprinidae,nealissachilus,Nealissachilus_hexaganalepis,50
Actinopteri,Cypriniformes,Cyprinidae,notemigonus,Notemigonus_crysoleucus,25
Actinopteri,Cypriniformes,Cyprinidae,notemigonus,Notemigonus_crysoleucus,25
Actinopteri,Cypriniformes,Cyprinidae,onychastama,Onychastama_elangatus,25
Actinopteri,Cypriniformes,Cyprinidae,onychastama,Onychastama_gerlachi,25
Actinopteri,Cypriniformes,Cyprinidae,onychastama,Onychastama_sima,25
Actinopteri,Cypriniformes,Cyprinidae,parapuntius,Parapuntius_changlingchungi,25
Actinopteri,Cypriniformes,Cyprinidae,parapuntius,Parapuntius_sinensis,25
Actinopteri,Cypriniformes,Cyprinidae,percacypris,Percacypris_pingi,49
Actinopteri,Cypriniformes,Cyprinidae,percacypris,Percacypris_pingi,49
Actinopteri,Cypriniformes,Cyprinidae,prabarbus,Prabarbus_jullieni,49
Actinopteri,Cypriniformes,Cyprinidae,pseudabarbus,Pseudabarbus_afer,50
Actinopteri,Cypriniformes,Cyprinidae,pseudabarbus,Pseudabarbus_afer,50
Actinopteri,Cypriniformes,Cyprinidae,pseudabarbus,Pseudabarbus_asper,50
Actinopteri,Cypriniformes,Cyprinidae,pseudabarbus,Pseudabarbus_burchelli,50
Actinopteri,Cypriniformes,Cyprinidae,pseudabarbus,Pseudabarbus_burchelli,50
Actinopteri,Cypriniformes,Cyprinidae,pseudabarbus,Pseudabarbus_burgi,50
Actinopteri,Cypriniformes,Cyprinidae,pseudabarbus,Pseudabarbus_phlegethan,50
Actinopteri,Cypriniformes,Cyprinidae,pseudabarbus,Pseudabarbus_quathlambae,50
Actinopteri,Cypriniformes,Cyprinidae,pseudabarbus,Pseudabarbus_tenuis,50
Actinopteri,Cypriniformes,Cyprinidae,ptychocheilus,Ptychocheilus_cf,25
Actinopteri,Cypriniformes,Cyprinidae,pungtungia,Pungtungia_helzi,25
Actinopteri,Cypriniformes,Cyprinidae,pungtungia,Pungtungia_helzi,25
Actinopteri,Cypriniformes,Cyprinidae,pungtungia,Pungtungia_helzi,25
Actinopteri,Cypriniformes,Cyprinidae,pungtungia,Pungtungia_helzi,25
Actinopteri,Cypriniformes,Cyprinidae,puntiaplites,Puntiaplites_proctozysron,25
Actinopteri,Cypriniformes,Cyprinidae,puntius,Puntius_binatatus,25
Actinopteri,Cypriniformes,Cyprinidae,puntius,Puntius_chala,25
Actinopteri,Cypriniformes,Cyprinidae,puntius,Puntius_chala,25
Actinopteri,Cypriniformes,Cyprinidae,puntius,Puntius_chala,25
Actinopteri,Cypriniformes,Cyprinidae,rhinichthys,Rhinichthys_cf,25
Actinopteri,Cypriniformes,Cyprinidae,schizothorax,Schizothorax_sp,74
Actinopteri,Cypriniformes,Cyprinidae,schizothorax,Schizothorax_sp,74
Actinopteri,Cypriniformes,Cyprinidae,simbrama,Simbrama_macrops,24
Actinopteri,Cypriniformes,Cyprinidae,simlabeo,Simlabeo_rendahli,25
Actinopteri,Cypriniformes,Cyprinidae,sinilabeo,Sinilabeo_decoratus,25
Actinopteri,Cypriniformes,Cyprinidae,squalidus,Squalidus_japonicus,25
Actinopteri,Cypriniformes,Cyprinidae,squahdus,Squahdus_biwae,25
Actinopteri,Cypriniformes,Cyprinidae,squahdus,Squahdus_chankaensis,25
Actinopteri,Cypriniformes,Cyprinidae,squahdus,Squahdus_chankaensis,25
Actinopteri,Cypriniformes,Cyprinidae,squahdus,Squahdus_gracilis,25
Actinopteri,Cypriniformes,Cyprinidae,squahdus,Squahdus_nitens,25
Actinopteri,Cypriniformes,Cyprinidae,lberocypris,Lberocypris_alburnoides,25-37.5
Actinopteri,Cypriniformes,Cyprinidae,lberocypris,Lberocypris_alburnoides,37.5
Actinopteri,Cypriniformes,Cyprinidae,vimba,Vimba_elongatus,25
Actinopteri,Cypriniformes,Cyprinidae,vimba,Vimba_elongatus,25
Actinopteri,Cypriniformes,Cyprinidae,xenocypris,Xenocypris_argentea,24
Actinopteri,Cypriniformes,Cyprinidae,xenocypris,Xenocypris_dav,24
Actinopteri,Cypriniformes,Cyprinidae,xenocypris,Xenocypris_sechuanensis,24
Actinopteri,Cypriniformes,Cyprinidae,garra,Garra_rufa,22
Actinopteri,Cypriniformes,Cyprinidae,hypophthalmichthys,Hypophthalmichthys_molitrix,24
Actinopteri,Cypriniformes,Cyprinidae,ischikauia,Ischikauia_steenackeri,24
Actinopteri,Cypriniformes,Cyprinidae,osteobrama,Osteobrama_cotio,24
Actinopteri,Cypriniformes,Cyprinidae,zacco,Zacco_temmincki,24
Actinopteri,Cypriniformes,Cyprinidae,zacco,Zacco_platypus,24
Actinopteri,Cypriniformes,Cyprinidae,tinca,Tinca_tinca,24
Actinopteri,Cypriniformes,Cyprinidae,puntius,Puntius_stigma,24
Actinopteri,Cypriniformes,Cyprinidae,puntius,Puntius_conchonius,24
Actinopteri,Cypriniformes,Cyprinidae,puntius,Puntius_chrysopterus,24
Actinopteri,Cypriniformes,Cyprinidae,puntius,Puntius_sophore,24
Actinopteri,Cypriniformes,Cyprinidae,anabarilius,Anabarilius_macrolepis,24
Actinopteri,Cypriniformes,Cyprinidae,anabarilius,Anabarilius_grahami,24
Actinopteri,Cypriniformes,Cyprinidae,anabarilius,Anabarilius_andersoni,24
Actinopteri,Cypriniformes,Cyprinidae,anabarilius,Anabarilius_alburnops,24
Actinopteri,Cypriniformes,Cyprinidae,aspidoparia,Aspidoparia_morar,24
Actinopteri,Cypriniformes,Cyprinidae,cirrhina,Cirrhina_reba,24
Actinopteri,Cypriniformes,Cyprinidae,ctenopharyngodon,Ctenopharyngodon_idellus,24
Actinopteri,Cypriniformes,Cyprinidae,notropis,Notropis_lutrensis,25
Actinopteri,Cypriniformes,Cyprinidae,mystacoleucus,Mystacoleucus_chilopterus,25
Actinopteri,Cypriniformes,Cyprinidae,mystacoleucus,Mystacoleucus_ectypus,25
Actinopteri,Cypriniformes,Cyprinidae,notemigonus,Notemigonus_crysoleucas,25
Actinopteri,Cypriniformes,Cyprinidae,phoxinus,Phoxinus_phoxinus,25
Actinopteri,Cypriniformes,Cyprinidae,osteobrama,Osteobrama_belangeri,25
Actinopteri,Cypriniformes,Cyprinidae,osteochilus,Osteochilus_waandersii,25
Actinopteri,Cypriniformes,Cyprinidae,pethia,Pethia_meingangbii,25
Actinopteri,Cypriniformes,Cyprinidae,pethia,Pethia_stoliczkana,25
Actinopteri,Cypriniformes,Cyprinidae,plagopterus,Plagopterus_argentissimus,25
Actinopteri,Cypriniformes,Cyprinidae,poropuntius,Poropuntius_laoensis,25
Actinopteri,Cypriniformes,Cyprinidae,moroco,Moroco_jouyi,25
Actinopteri,Cypriniformes,Cyprinidae,pseudaspius,Pseudaspius_leptocephalus,25
Actinopteri,Cypriniformes,Cyprinidae,onychostoma,Onychostoma_lini,25
Actinopteri,Cypriniformes,Cyprinidae,labeo,Labeo_dussumieri,25
Actinopteri,Cypriniformes,Cyprinidae,pseudophoxinus,Pseudophoxinus_crassus,25
Actinopteri,Cypriniformes,Cyprinidae,hypsibarbus,Hypsibarbus_malcomi,25
Actinopteri,Cypriniformes,Cyprinidae,hypsibarbus,Hypsibarbus_wetmorei,25
Actinopteri,Cypriniformes,Cyprinidae,labeo,Labeo_bata,25
Actinopteri,Cypriniformes,Cyprinidae,labeo,Labeo_calbasu,25
Actinopteri,Cypriniformes,Cyprinidae,labeo,Labeo_chrysophekadion,25
Actinopteri,Cypriniformes,Cyprinidae,labeo,Labeo_dero,25
Actinopteri,Cypriniformes,Cyprinidae,labeo,Labeo_diplostomus,25
Actinopteri,Cypriniformes,Cyprinidae,labeo,Labeo_pangusia,25
Actinopteri,Cypriniformes,Cyprinidae,labeo,Labeo_rohita,25
Actinopteri,Cypriniformes,Cyprinidae,lepidomeda,Lepidomeda_albivallis,25
Actinopteri,Cypriniformes,Cyprinidae,lepidomeda,Lepidomeda_mollispinis,25
Actinopteri,Cypriniformes,Cyprinidae,lepidomeda,Lepidomeda_vittata,25
Actinopteri,Cypriniformes,Cyprinidae,leuciscus,Leuciscus_cephalus,25
Actinopteri,Cypriniformes,Cyprinidae,leuciscus,Leuciscus_cephalus,25
Actinopteri,Cypriniformes,Cyprinidae,leuciscus,Leuciscus_cephalus,25
Actinopteri,Cypriniformes,Cyprinidae,leuciscus,Leuciscus_idus,25
Actinopteri,Cypriniformes,Cyprinidae,leuciscus,Leuciscus_leuciscus,25
Actinopteri,Cypriniformes,Cyprinidae,leuciscus,Leuciscus_souffia,25
Actinopteri,Cypriniformes,Cyprinidae,meda,Meda_fulgida,25
Actinopteri,Cypriniformes,Cyprinidae,microphysogobio,Microphysogobio_longidorsalis,25
Actinopteri,Cypriniformes,Cyprinidae,microphysogobio,Microphysogobio_yaluensis,25
Actinopteri,Cypriniformes,Cyprinidae,pseudophoxinus,Pseudophoxinus_firati,25
Actinopteri,Cypriniformes,Cyprinidae,pseudorasbora,Pseudorasbora_parva,25
Actinopteri,Cypriniformes,Cyprinidae,puntius,Puntius_titteya,25
Actinopteri,Cypriniformes,Cyprinidae,rasbora,Rasbora_aurotaenia,25
Actinopteri,Cypriniformes,Cyprinidae,rasbora,Rasbora_paviana,25
Actinopteri,Cypriniformes,Cyprinidae,rasbora,Rasbora_rasbora,25
Actinopteri,Cypriniformes,Cyprinidae,romanogobio,Romanogobio_belingi,25
Actinopteri,Cypriniformes,Cyprinidae,rutilus,Rutilus_rubilio,25
Actinopteri,Cypriniformes,Cyprinidae,sarcocheilichthys,Sarcocheilichthys_czerskii,25
Actinopteri,Cypriniformes,Cyprinidae,sarcocheilichthys,Sarcocheilichthys_variegatus,25
Actinopteri,Cypriniformes,Cyprinidae,sarcocheilichthys,Sarcocheilichthys_variegatus,25
Actinopteri,Cypriniformes,Cyprinidae,scaphognathops,Scaphognathops_bandanensis,25
Actinopteri,Cypriniformes,Cyprinidae,scardinius,Scardinius_erythrophtalmus,25
Actinopteri,Cypriniformes,Cyprinidae,sikukia,Sikukia_stejnegeri,25
Actinopteri,Cypriniformes,Cyprinidae,squalius,Squalius_lucumonis,25
Actinopteri,Cypriniformes,Cyprinidae,squalius,Squalius_squalus,25
Actinopteri,Cypriniformes,Cyprinidae,systomus,Systomus_rubripinnis,25
Actinopteri,Cypriniformes,Cyprinidae,telestes,Telestes_muticellus,25
Actinopteri,Cypriniformes,Cyprinidae,telestes,Telestes_ukliva,25
Actinopteri,Cypriniformes,Cyprinidae,thynnichthys,Thynnichthys_thynnoides,25
Actinopteri,Cypriniformes,Cyprinidae,puntius,Puntius_ticto,25
Actinopteri,Cypriniformes,Cyprinidae,pseudophoxinus,Pseudophoxinus_hittitorum,25
Actinopteri,Cypriniformes,Cyprinidae,puntius,Puntius_tetrazona,25
Actinopteri,Cypriniformes,Cyprinidae,puntius,Puntius_sophoroides,25
Actinopteri,Cypriniformes,Cyprinidae,puntigrus,Puntigrus_partipentazona,25
Actinopteri,Cypriniformes,Cyprinidae,puntioplites,Puntioplites_proctozystron,25
Actinopteri,Cypriniformes,Cyprinidae,puntioplties,Puntioplties_proctozysron,25
Actinopteri,Cypriniformes,Cyprinidae,puntius,Puntius_altus,25
Actinopteri,Cypriniformes,Cyprinidae,puntius,Puntius_arulius,25
Actinopteri,Cypriniformes,Cyprinidae,puntius,Puntius_binotatus,25
Actinopteri,Cypriniformes,Cyprinidae,puntius,Puntius_brevis,25
Actinopteri,Cypriniformes,Cyprinidae,puntius,Puntius_chola,25
Actinopteri,Cypriniformes,Cyprinidae,puntius,Puntius_conchonius,25
Actinopteri,Cypriniformes,Cyprinidae,puntius,Puntius_cumingi,25
Actinopteri,Cypriniformes,Cyprinidae,puntius,Puntius_daruphani,25
Actinopteri,Cypriniformes,Cyprinidae,puntius,Puntius_denisonii,25
Actinopteri,Cypriniformes,Cyprinidae,puntius,Puntius_everetti,25
Actinopteri,Cypriniformes,Cyprinidae,puntius,Puntius_fasciatus,25
Actinopteri,Cypriniformes,Cyprinidae,puntius,Puntius_filamentosus,25
Actinopteri,Cypriniformes,Cyprinidae,puntius,Puntius_gonionotus,25
Actinopteri,Cypriniformes,Cyprinidae,puntius,Puntius_japonicus,25
Actinopteri,Cypriniformes,Cyprinidae,puntius,Puntius_lateristriga,25
Actinopteri,Cypriniformes,Cyprinidae,puntius,Puntius_melanampyx,25
Actinopteri,Cypriniformes,Cyprinidae,puntius,Puntius_nigrofasciatus,25
Actinopteri,Cypriniformes,Cyprinidae,puntius,Puntius_oligolepis,25
Actinopteri,Cypriniformes,Cyprinidae,puntius,Puntius_orphoides,25
Actinopteri,Cypriniformes,Cyprinidae,puntius,Puntius_partipentazona,25
Actinopteri,Cypriniformes,Cyprinidae,puntius,Puntius_pentazona,25
Actinopteri,Cypriniformes,Cyprinidae,puntius,Puntius_sahyadriensis,25
Actinopteri,Cypriniformes,Cyprinidae,puntius,Puntius_sarana,25
Actinopteri,Cypriniformes,Cyprinidae,puntius,Puntius_schwanenfeldi,25
Actinopteri,Cypriniformes,Cyprinidae,puntius,Puntius_sophore,25
Actinopteri,Cypriniformes,Cyprinidae,puntius,Puntius_stoliczkanus,25
Actinopteri,Cypriniformes,Cyprinidae,barbonymus,Barbonymus_gonionotus,25
Actinopteri,Cypriniformes,Cyprinidae,barbonymus,Barbonymus_schwanenfeldii,25
Actinopteri,Cypriniformes,Cyprinidae,barbus,Barbus_anema,25
Actinopteri,Cypriniformes,Cyprinidae,barbus,Barbus_kerstenii,25
Actinopteri,Cypriniformes,Cyprinidae,barbus,Barbus_paludinosus,25
Actinopteri,Cypriniformes,Cyprinidae,barilius,Barilius_bakeri,25
Actinopteri,Cypriniformes,Cyprinidae,barilius,Barilius_barila,25
Actinopteri,Cypriniformes,Cyprinidae,barilius,Barilius_bendelisis,25
Actinopteri,Cypriniformes,Cyprinidae,barilius,Barilius_bola,25
Actinopteri,Cypriniformes,Cyprinidae,barilius,Barilius_gatensis,25
Actinopteri,Cypriniformes,Cyprinidae,barilius,Barilius_ngawa,25
Actinopteri,Cypriniformes,Cyprinidae,barilius,Barilius_tileo,25
Actinopteri,Cypriniformes,Cyprinidae,barilius,Barilius_vagra,25
Actinopteri,Cypriniformes,Cyprinidae,barbonymus,Barbonymus_altus,25
Actinopteri,Cypriniformes,Cyprinidae,blicca,Blicca_bjoerkna,25
Actinopteri,Cypriniformes,Cyprinidae,catla,Catla_catla,25
Actinopteri,Cypriniformes,Cyprinidae,chagunius,Chagunius_chagunio,25
Actinopteri,Cypriniformes,Cyprinidae,chalcalburnus,Chalcalburnus_mossulensis,25
Actinopteri,Cypriniformes,Cyprinidae,abramis,Abramis_brama,25
Actinopteri,Cypriniformes,Cyprinidae,acanthalburnus,Acanthalburnus_microlepis,25
Actinopteri,Cypriniformes,Cyprinidae,alburnoides,Alburnoides_bipunctatus,25
Actinopteri,Cypriniformes,Cyprinidae,alburnus,Alburnus_alburnus,25
Actinopteri,Cypriniformes,Cyprinidae,alburnus,Alburnus_alborella,25
Actinopteri,Cypriniformes,Cyprinidae,alburnus,Alburnus_escherichii,25
Actinopteri,Cypriniformes,Cyprinidae,alburnus,Alburnus_filippii,25
Actinopteri,Cypriniformes,Cyprinidae,amblypharyngodon,Amblypharyngodon_mola,25
Actinopteri,Cypriniformes,Cyprinidae,amblyrhynchichthys,Amblyrhynchichthys_micracanthus,25
Actinopteri,Cypriniformes,Cyprinidae,aspidoparia,Aspidoparia_morar,25
Actinopteri,Cypriniformes,Cyprinidae,aspius,Aspius_aspius,25
Actinopteri,Cypriniformes,Cyprinidae,chondrostoma,Chondrostoma_soetta,25
Actinopteri,Cypriniformes,Cyprinidae,epalzeorhynchos,Epalzeorhynchos_bicolor,25
Actinopteri,Cypriniformes,Cyprinidae,epalzeorhynchos,Epalzeorhynchos_frenatum,25
Actinopteri,Cypriniformes,Cyprinidae,epalzeorhynchos,Epalzeorhynchos_munense,25
Actinopteri,Cypriniformes,Cyprinidae,esomus,Esomus_danricus,25
Actinopteri,Cypriniformes,Cyprinidae,esomus,Esomus_metalicus,25
Actinopteri,Cypriniformes,Cyprinidae,eupallasella,Eupallasella_percnurus,25
Actinopteri,Cypriniformes,Cyprinidae,eupallasella,Eupallasella_perenurus,25
Actinopteri,Cypriniformes,Cyprinidae,garra,Garra_annandalei,25
Actinopteri,Cypriniformes,Cyprinidae,garra,Garra_gotyla,25
Actinopteri,Cypriniformes,Cyprinidae,garra,Garra_gotyla,25
Actinopteri,Cypriniformes,Cyprinidae,chondrostoma,Chondrostoma_toxostoma,25
Actinopteri,Cypriniformes,Cyprinidae,garra,Garra_mullya,25
Actinopteri,Cypriniformes,Cyprinidae,garra,Garra_surendranathanii,25
Actinopteri,Cypriniformes,Cyprinidae,gobio,Gobio_gobio,25
Actinopteri,Cypriniformes,Cyprinidae,gobiobotia,Gobiobotia_brevibarba,25
Actinopteri,Cypriniformes,Cyprinidae,gonoproktopterus,Gonoproktopterus_mylodon,25
Actinopteri,Cypriniformes,Cyprinidae,hampala,Hampala_dispar,25
Actinopteri,Cypriniformes,Cyprinidae,hampala,Hampala_macrolepidota,25
Actinopteri,Cypriniformes,Cyprinidae,hemibarbus,Hemibarbus_longirostris,25
Actinopteri,Cypriniformes,Cyprinidae,henicorhynchus,Henicorhynchus_siamensis,25
Actinopteri,Cypriniformes,Cyprinidae,devario,Devario_yuensis,25
Actinopteri,Cypriniformes,Cyprinidae,devario,Devario_regina,25
Actinopteri,Cypriniformes,Cyprinidae,garra,Garra_lamta,25
Actinopteri,Cypriniformes,Cyprinidae,devario,Devario_aequipinnatus,25
Actinopteri,Cypriniformes,Cyprinidae,devario,Devario_laoensis,25
Actinopteri,Cypriniformes,Cyprinidae,cirrhina,Cirrhina_mrigala,25
Actinopteri,Cypriniformes,Cyprinidae,cirrhinus,Cirrhinus_jullieni,25
Actinopteri,Cypriniformes,Cyprinidae,cirrhinus,Cirrhinus_mrigala,25
Actinopteri,Cypriniformes,Cyprinidae,cosmochilus,Cosmochilus_harmandi,25
Actinopteri,Cypriniformes,Cyprinidae,coreoleuciscus,Coreoleuciscus_splendidus,25
Actinopteri,Cypriniformes,Cyprinidae,danio,Danio_rerio,25
Actinopteri,Cypriniformes,Cyprinidae,danio,Danio_devario,25
Actinopteri,Cypriniformes,Cyprinidae,danio,Danio_dangila,25
Actinopteri,Cypriniformes,Cyprinidae,cyprinion,Cyprinion_semiplotus,25
Actinopteri,Cypriniformes,Cyprinidae,cyprinion,Cyprinion_kais,25
Actinopteri,Cypriniformes,Cyprinidae,desmopuntius,Desmopuntius_hexazona,25
Actinopteri,Cypriniformes,Cyprinidae,cyclocheilichthys,Cyclocheilichthys_repasson,25
Actinopteri,Cypriniformes,Cyprinidae,cyclocheilichthys,Cyclocheilichthys_enoplos,25
Actinopteri,Cypriniformes,Cyprinidae,cyclocheilichthys,Cyclocheilichthys_armatus,25
Actinopteri,Cypriniformes,Cyprinidae,cyclocheilichthys,Cyclocheilichthys_apogon,25
Actinopteri,Cypriniformes,Cyprinidae,crossocheilus,Crossocheilus_latius,25
Actinopteri,Cypriniformes,Cyprinidae,cyclocheilos,Cyclocheilos_enoplos,25
Actinopteri,Cypriniformes,Cyprinidae,pethia,Pethia_setnai,26
Actinopteri,Cypriniformes,Cyprinidae,pethia,Pethia_shalynius,26
Actinopteri,Cypriniformes,Cyprinidae,barilius,Barilius_shacra,26
Actinopteri,Cypriniformes,Cyprinidae,chondrostoma,Chondrostoma_regium,26
Actinopteri,Cypriniformes,Cyprinidae,chela,Chela_cachius,35
Actinopteri,Cypriniformes,Cyprinidae,schizothorax,Schizothorax_curvifrons,47
Actinopteri,Cypriniformes,Cyprinidae,schizothorax,Schizothorax_plagiostomus,48
Actinopteri,Cypriniformes,Cyprinidae,schizothorax,Schizothorax_zarudnyi,48
Actinopteri,Cypriniformes,Cyprinidae,schizothorax,Schizothorax_niger,49
Actinopteri,Cypriniformes,Cyprinidae,schizothorax,Schizothorax_labiatus,49
Actinopteri,Cypriniformes,Cyprinidae,schizothorax,Schizothorax_esocinus,49
Actinopteri,Cypriniformes,Cyprinidae,schizothoraichthys,Schizothoraichthys_progastus,49
Actinopteri,Cypriniformes,Cyprinidae,probarbus,Probarbus_jullieni,49
Actinopteri,Cypriniformes,Cyprinidae,catlocarpio,Catlocarpio_siamensis,49
Actinopteri,Cypriniformes,Cyprinidae,pseudobarbus,Pseudobarbus_afer,50
Actinopteri,Cypriniformes,Cyprinidae,pseudobarbus,Pseudobarbus_asper,50
Actinopteri,Cypriniformes,Cyprinidae,pseudobarbus,Pseudobarbus_burchelli,50
Actinopteri,Cypriniformes,Cyprinidae,pseudobarbus,Pseudobarbus_burgi,50
Actinopteri,Cypriniformes,Cyprinidae,pseudobarbus,Pseudobarbus_phlegethon,50
Actinopteri,Cypriniformes,Cyprinidae,pseudobarbus,Pseudobarbus_tenuis,50
Actinopteri,Cypriniformes,Cyprinidae,tor,Tor_chelynoides,50
Actinopteri,Cypriniformes,Cyprinidae,tor,Tor_mussullah,50
Actinopteri,Cypriniformes,Cyprinidae,tor,Tor_mosal,50
Actinopteri,Cypriniformes,Cyprinidae,tor,Tor_progeneius,50
Actinopteri,Cypriniformes,Cyprinidae,tor,Tor_putitora,50
Actinopteri,Cypriniformes,Cyprinidae,tor,Tor_soro,50
Actinopteri,Cypriniformes,Cyprinidae,tor,Tor_tor,50
Actinopteri,Cypriniformes,Cyprinidae,tor,Tor_khudree,50
Actinopteri,Cypriniformes,Cyprinidae,osteochilichthys,Osteochilichthys_longidorsalis,50
Actinopteri,Cypriniformes,Cyprinidae,cyprinus,Cyprinus_megalophthalmus,50
Actinopteri,Cypriniformes,Cyprinidae,barbus,Barbus_plebejus,50
Actinopteri,Cypriniformes,Cyprinidae,barbus,Barbus_meridionalis,50
Actinopteri,Cypriniformes,Cyprinidae,barbus,Barbus_mursa,50
Actinopteri,Cypriniformes,Cyprinidae,carassius,Carassius_carassius,50
Actinopteri,Cypriniformes,Cyprinidae,cyprinus,Cyprinus_carpio,50
Actinopteri,Cypriniformes,Cyprinidae,cyprinus,Cyprinus_longipectoralis,50
Actinopteri,Cypriniformes,Cyprinidae,neolissochilus,Neolissochilus_hexastichus,50
Actinopteri,Cypriniformes,Cyprinidae,cyprinus,Cyprinus_micristius,50
Actinopteri,Cypriniformes,Cyprinidae,cyprinus,Cyprinus_pellegrini,50
Actinopteri,Cypriniformes,Cyprinidae,gonoproktopterus,Gonoproktopterus_curmuca,50
Actinopteri,Cypriniformes,Cyprinidae,luciobarbus,Luciobarbus_escherichii,50
Actinopteri,Cypriniformes,Cyprinidae,neolissocheilus,Neolissocheilus_hexagonolepis,50
Actinopteri,Cypriniformes,Cyprinidae,neolissochilus,Neolissochilus_hexagonolepis,50
Actinopteri,Cypriniformes,Cyprinidae,barbodes,Barbodes_carnaticus,50
Actinopteri,Cypriniformes,Cyprinidae,garra,Garra_variabilis,51
Actinopteri,Cypriniformes,Cyprinidae,barbus,Barbus_intermedius,75
Actinopteri,Cypriniformes,Cyprinidae,carassius,Carassius_auratus,75
Actinopteri,Cypriniformes,Cyprinidae,barbus,Barbus_bynni,75
Actinopteri,Cypriniformes,Cyprinidae,barbus,Barbus_ethiopicus,75
Actinopteri,Cypriniformes,Cyprinidae,varicorhinus,Varicorhinus_beso,75
Actinopteri,Cypriniformes,Cyprinidae,carassius,Carassius_gibelio,77