Family,Genus,species,haploid
Eriococcidae,Apiomorpha,Apiomorpha_densispinosa,2
Eriococcidae,Apiomorpha,Apiomorpha_sessilis,2
Monophlebidae,Auloicerya ,Auloicerya_acaciae,2
Monophlebidae,Crypticerya,Crypticerya_rosae,2
Monophlebidae,Crypticerya,Crypticerya_sp.,2
Monophlebidae,Echinicerya,Echinicerya_anomala,2
Monophlebidae,Gigantococcus,Gigantococcus_maximus,2
Monophlebidae,Icerya,Icerya_aegyptiaca,2
Monophlebidae,Icerya,Icerya_aegyptiaca,2
Monophlebidae,Icerya,Icerya_bimaculata,2
Monophlebidae,Icerya,Icerya_brasiliensis,2
Monophlebidae,Icerya,Icerya_littoralis,2
Monophlebidae,Icerya,Icerya_montserratensis,2
Monophlebidae,Icerya,Icerya_purchasi,2
Monophlebidae,Icerya,Icerya_similis,2
Monophlebidae,Icerya,Icerya_tremae,2
Monophlebidae,Steatococcus,Steatococcus_tuberculatus,2
Astrolecaniidae,Mycetococcus ,Mycetococcus_ehrhorni,3
Diaspididae,Ancepaspis,Ancepaspis_tridentata,3
Diaspididae,Protodiaspis,Protodiaspis_infidelis,3
Eriococcidae,Cylindrococcus,Cylindrococcus_casuarinae,3
Monophlebidae,Aspidoproctus,Aspidoproctus_maximus_,3
Monophlebidae,Gueriniella,Gueriniella_serratulae,3
Monophlebidae,Llaveia ,Llaveia_axin_,3
Monophlebidae,Llaveia ,Llaveia_oaxacoensis_,3
Monophlebidae,Llaveiella  ,Llaveiella__taenechina,3
Monophlebidae,Nautococcus  ,Nautococcus__schraderae,3
Monophlebidae,Protortonia,Protortonia_primitiva,3
Pol Yctenidae,Hesperoctenes,Hesperoctenes_fumarius,3
Pentatomidae,Rhytidolomia,Rhytidolomia_senilis,3
Diaspididae,Abgrallaspis,Abgrallaspis_cyanophylli,4
Diaspididae,Abgrallaspis,Abgrallaspis_flavida,4
Diaspididae,Acutaspis,Acutaspis_paulista,4
Diaspididae,Acutaspis,Acutaspis_perseae,4
Diaspididae,Africaspis,Africaspis_chionaspiformis,4
Diaspididae,Ancepaspis,Ancepaspis_edentata,4
Diaspididae,Aonidia,Aonidia_lauri,4
Diaspididae,Aonidia,Aonidia_shastae,4
Diaspididae,Aonidiella,Aonidiella_aurantii,4
Diaspididae,Aonidiella,Aonidiella_citrina,4
Diaspididae,Aonidiella,Aonidiella_orientalis,4
Diaspididae,Aonidiella,Aonidiella_simplex,4
Diaspididae,Aspidaspis,Aspidaspis_arctostaphyli,4
Diaspididae,Aspidaspis,Aspidaspis_densiflorae,4
Diaspididae,Aspidiella,Aspidiella_hartii,4
Diaspididae,Aspidiella,Aspidiella_sacchari,4
Diaspididae,Aspidiotus,Aspidiotus_cryptomeriae,4
Diaspididae,Aspidiotus,Aspidiotus_destructor,4
Diaspididae,Aspidiotus,Aspidiotus_hedericola,4
Diaspididae,Aspidiotus,Aspidiotus_nerii,4
Diaspididae,Aspidiotus,Aspidiotus_nerii,4
Diaspididae,Aspidiotus,Aspidiotus_simulans,4
Diaspididae,Aulacaspis,Aulacaspis_rosae,4
Diaspididae,Aulacaspis,Aulacaspis_spinosa,4
Diaspididae,Aulacaspis,Aulacaspis_tubercularis,4
Diaspididae,Carulaspis,Carulaspis_minima,4
Diaspididae,Chionaspis,Chionaspis_ortholobis,4
Diaspididae,Chionaspis,Chionaspis_pinifoliae,4
Diaspididae,Chionaspis,Chionaspis_pinifoliae,4
Diaspididae,Chionaspis,Chionaspis_platani,4
Diaspididae,Chionaspis,Chionaspis_salicis,4
Diaspididae,Chrysomphalus,Chrysomphalus_aonidum,4
Diaspididae,Chrysomphalus,Chrysomphalus_bifasciculatus,4
Diaspididae,Chrysomphalus,Chrysomphalus_dictyospermi,4
Diaspididae,Chrysomphalus,Chrysomphalus_pinnulifer,4
Diaspididae,Clavaspis,Clavaspis_coursetiae,4
Diaspididae,Clavaspis,Clavaspis_texana,4
Diaspididae,Crassaspis,Crassaspis_multipora,4
Diaspididae,Diaspidiotus,Diaspidiotus_aesculi,4
Diaspididae,Diaspidiotus,Diaspidiotus_ancylus,4
Diaspididae,Diaspidiotus,Diaspidiotus_gigas,4
Diaspididae,Diaspidiotus,Diaspidiotus_lenticularis,4
Diaspididae,Diaspidiotus,Diaspidiotus_ostreaeformis,4
Diaspididae,Diaspidiotus,Diaspidiotus_perniciosus,4
Diaspididae,Diaspidiotus,Diaspidiotus_zonatus,4
Diaspididae,Diaspis,Diaspis_boisduvalii,4
Diaspididae,Diaspis,Diaspis_bromeliae,4
Diaspididae,Duplachionaspis,Duplachionaspis_sicula,4
Diaspididae,Dynaspidiotus,Dynaspidiotus_pseudomeyeri,4
Diaspididae,Dynaspidiotus,Dynaspidiotus_apacheca,4
Diaspididae,Epidiaspis,Epidiaspis_leperii,4
Diaspididae,Epidiaspis,Epidiaspis_persimilis,4
Diaspididae,Fiorinia,Fiorinia_fioriniae,4
Diaspididae,Fiorinia,Fiorinia_japonica,4
Diaspididae,Froggattiella,Froggattiella_penicillata,4
Diaspididae,Furcaspis,Furcaspis_biformis,4
Diaspididae,Furcaspis ,Furcaspis_capensis,4
Diaspididae,Greenaspis,Greenaspis_decurvata,4
Diaspididae,Hemiberlesia,Hemiberlesia_cupressi,4
Diaspididae,Hemiberlesia,Hemiberlesia_lataniae,4
Diaspididae,Hemiberlesia,Hemiberlesia_lataniae,4
Diaspididae,Hemiberlesia,Hemiberlesia_palmae,4
Diaspididae,Hemiberlesia,Hemiberlesia_quercicola,4
Diaspididae,Hemiberlesia,Hemiberlesia_rapax,4
Diaspididae,Ischnaspis,Ischnaspis_longirostris,4
Diaspididae,Kuwanaspis,Kuwanaspis_pseudoleucaspis,4
Diaspididae,Ledaspis,Ledaspis_reticulata,4
Diaspididae,Lepidosaphes,Lepidosaphes_beckii,4
Diaspididae,Lepidosaphes,Lepidosaphes_conchiformis,4
Diaspididae,Leucaspis,Leucaspis_pusilla,4
Diaspididae,Lindingaspis,Lindingaspis_ferrisi,4
Diaspididae,Lindingaspis,Lindingaspis_opima,4
Diaspididae,Lindingaspis,Lindingaspis_rossi,4
Diaspididae,Melanaspis,Melanaspis_glomerata,4
Diaspididae,Melanaspis,Melanaspis_inopinata,4
Diaspididae,Melanaspis,Melanaspis_lilacina,4
Diaspididae,Morganella,Morganella_longispina,4
Diaspididae,Mycetaspis,Mycetaspis_juventinae,4
Diaspididae,Mycetaspis,Mycetaspis_personata,4
Diaspididae,Neomorgania,Neomorgania_eucalypti,4
Diaspididae,Neoselenaspidus,Neoselenaspidus_kenyae,4
Diaspididae,Neoselenaspidus,Neoselenaspidus_silvaticus,4
Diaspididae,Nicholiella,Nicholiella_bumeliae,4
Diaspididae,Nikkoaspis,Nikkoaspis_shiranensis,4
Diaspididae,Odonaspis,Odonaspis_ruthae,4
Diaspididae,Odonaspis,Odonaspis_saccharicaulis,4
Diaspididae,Opuntiaspis,Opuntiaspis_philococcus,4
Diaspididae,Parlatoria,Parlatoria_crotonis,4
Diaspididae,Parlatoria,Parlatoria_oleae,4
Diaspididae,Parlatoria,Parlatoria_proteus,4
Diaspididae,Parlatoria,Parlatoria_proteus,4
Diaspididae,Parlatoria,Parlatoria_ziziphi,4
Diaspididae,Pinnaspis,Pinnaspis_aspidistrae,4
Diaspididae,Pinnaspis,Pinnaspis_buxi,4
Diaspididae,Pinnaspis,Pinnaspis_strachani,4
Diaspididae,Poliaspoides,Poliaspoides_formosana,4
Diaspididae,Protodiaspis,Protodiaspis_agrifoliae,4
Diaspididae,Protodiaspis,Protodiaspis_chichi,4
Diaspididae,Protodiaspis,Protodiaspis_didymus,4
Diaspididae,Protodiaspis,Protodiaspis_signata,4
Diaspididae,Pseudaonidia,Pseudaonidia_baikeae,4
Diaspididae,Pseudaonidia,Pseudaonidia_trilobitiformis,4
Diaspididae,Pseudischnaspis,Pseudischnaspis_bowreyi,4
Diaspididae,Pseudoparlatoria,Pseudoparlatoria_browni,4
Diaspididae,Radionaspis,Radionaspis_indica,4
Diaspididae,Rhizaspidiotus,Rhizaspidiotus_dearnessi,4
Diaspididae,Selenaspidus,Selenaspidus_articulatus,4
Diaspididae,Selenaspidus,Selenaspidus_incisus,4
Diaspididae,Spinaspidiotus,Spinaspidiotus_fissidens,4
Diaspididae,Targionia,Targionia_bigeloviae,4
Diaspididae,Targionia,Targionia_nigra,4
Diaspididae,Targionia,Targionia_vitis,4
Diaspididae,Targionia,Targionia_yuccarum,4
Diaspididae,Trischnaspis,Trischnaspis_bipindensis,4
Diaspididae,Unachionaspis,Unachionaspis_bambusae,4
Diaspididae,Unaspis,Unaspis_citri,4
Diaspididae,Unaspis,Unaspis_euonymi,4
Diaspididae,Xerophilaspis,Xerophilaspis_prosopidis,4
Monophlebidae,Drosicha ,Drosicha_sp.,4
Phenacoleachiidae,Phenacoleachia ,Phenacoleachia_zealandica,4
Pol Yctenidae,Eotenes,Eotenes_intermedius,4
Pseudococcidae,Palmicultor,Palmicultor_browni_,4
Pseudococcidae,Pedronia ,Pedronia_strobilanthis_,4
Pseudococcidae,Pseudococcus,Pseudococcus_longispinus,4
Pseudococcidae,Rhizoecus,Rhizoecus_mexicanus_,4
Pseudococcidae,Trionymus ,Trionymus_caricis,4
Psyllidae,Anoeconeossa,Anoeconeossa_communis,4
Psyllidae,Anoeconeossa,Anoeconeossa_unicornuta,4
Psyllidae,Cryptoneossa,Cryptoneossa_vulgaris,4
Cimicidae,Aphrania,Aphrania_vishnou,5
Cimicidae,Cacodmus,Cacodmus_vicinus,5
Cimicidae,Loxaspis,Loxaspis_malayensis,5
Cimicidae,Ornithocoris,Ornithocoris_pallidus,5
Cimicidae,Ornithocoris,Ornithocoris_toledoi,5
Coccidae,Vinsonia,Vinsonia_stellifera,5
Dactylopiidae,Dactylopius ,Dactylopius_ceylonicus,5
Dactylopiidae,Dactylopius ,Dactylopius_confusus,5
Dactylopiidae,Dactylopius ,Dactylopius_opuntiae,5
Diaspididae,Aonidomytilus,Aonidomytilus_variabilis,5
Diaspididae,Comstockiella,Comstockiella_sabalis,5
Diaspididae,Gymnaspis,Gymnaspis_aechmeae,5
Diaspididae,Howardia,Howardia_biclavis,5
Diaspididae,Kuwanaspis,Kuwanaspis_bambusicola,5
Diaspididae,Pseudoparlatoria,Pseudoparlatoria_ostreata,5
Diaspididae,Pseudoparlatoria,Pseudoparlatoria_parlatorioides,5
Diaspididae,Situlaspis,Situlaspis_yuccae,5
Halimococcidae,Colobopyga,Colobopyga_pritchardiae,5
Halimococcidae,Colobopyga,Colobopyga_browni_,5
Halimococcidae,Halimococcus,Halimococcus_borassi_,5
Halimococcidae,Platycoccus,Platycoccus_tylocephalus,5
Halimococcidae,Thysanococcus,Thysanococcus_calami_,5
Halimococcidae,Thysanococcus,Thysanococcus_pandani,5
Lygaeidae,Graphoraglius,Graphoraglius_novitus,5
Phoenicococcidae,Colobopyga,Colobopyga_browni_,5
Phoenicococcidae,Colobopyga,Colobopyga_pritchardiae,5
Phoenicococcidae,Halimococcus,Halimococcus_borassi_,5
Phoenicococcidae,Platycoccus ,Platycoccus_tylocephalus_,5
Phoenicococcidae,Thysanococcus,Thysanococcus_calami,5
Phoenicococcidae,Thysanococcus,Thysanococcus_pandani,5
Pseudococcidae,Atrococcus,Atrococcus_paludinus,5
Pseudococcidae,Balanococcus ,Balanococcus_singularis,5
Pseudococcidae,Chaetococcus ,Chaetococcus_bambusae,5
Pseudococcidae,Chorizococcus,Chorizococcus_pusillus,5
Pseudococcidae,Chorizococcus,Chorizococcus_rostellum_,5
Pseudococcidae,Coccura ,Coccura_suwakoensis,5
Pseudococcidae,Dysmicoccus,Dysmicoccus_brevipes,5
Pseudococcidae,Dysmicoccus,Dysmicoccus_brevipes,5
Pseudococcidae,Dysmicoccus,Dysmicoccus_multivorus_,5
Pseudococcidae,Dysmicoccus,Dysmicoccus_neobrevipes,5
Pseudococcidae,Dysmicoccus,Dysmicoccus_wistariae,5
Pseudococcidae,Erium  ,Erium__pygmaeum,5
Pseudococcidae,Ferrisia ,Ferrisia_virgata_,5
Pseudococcidae,Ferrisia ,Ferrisia_virgata_,5
Pseudococcidae,Fonscolombia ,Fonscolombia_butorinae,5
Pseudococcidae,Fonscolombia ,Fonscolombia_tomlinii_,5
Pseudococcidae,Formicococcus,Formicococcus_ireneus,5
Pseudococcidae,Formicococcus,Formicococcus_robustus,5
Pseudococcidae,Heterococcus  ,Heterococcus__nudus,5
Pseudococcidae,Laminicoccus,Laminicoccus_pandani_,5
Pseudococcidae,Maconellicoccus,Maconellicoccus_hirsutus,5
Pseudococcidae,Maconellicoccus,Maconellicoccus_ugandae,5
Pseudococcidae,Mirococcopsis,Mirococcopsis_subterranea,5
Pseudococcidae,Mirococcus,Mirococcus_inermis,5
Pseudococcidae,Nesopedronia ,Nesopedronia_dura,5
Pseudococcidae,Nesopedronia ,Nesopedronia_hawaiiensis_,5
Pseudococcidae,Nipaecoccus ,Nipaecoccus_aurilanatus,5
Pseudococcidae,Nipaecoccus ,Nipaecoccus_graminis,5
Pseudococcidae,Nipaecoccus ,Nipaecoccus_nipae,5
Pseudococcidae,Nipaecoccus ,Nipaecoccus_viridis,5
Pseudococcidae,Palmicultor,Palmicultor_palmarum,5
Pseudococcidae,Paracoccus,Paracoccus_bruguierae,5
Pseudococcidae,Paracoccus,Paracoccus_burnerae_,5
Pseudococcidae,Paracoccus,Paracoccus_diversus,5
Pseudococcidae,Paraputo,Paraputo_leveri,5
Pseudococcidae,Phenacoccus,Phenacoccus_aceris_,5
Pseudococcidae,Phenacoccus,Phenacoccus_defectus,5
Pseudococcidae,Phenacoccus,Phenacoccus_dicoriae,5
Pseudococcidae,Phenacoccus,Phenacoccus_graminicola,5
Pseudococcidae,Phenacoccus,Phenacoccus_helianthi_,5
Pseudococcidae,Phenacoccus,Phenacoccus_infernalis,5
Pseudococcidae,Phenacoccus,Phenacoccus_phenacoccoides,5
Pseudococcidae,Phenacoccus,Phenacoccus_pumilus,5
Pseudococcidae,Phenacoccus,Phenacoccus_solani_,5
Pseudococcidae,Phenacoccus,Phenacoccus_solenopsis,5
Pseudococcidae,Planococcoides ,Planococcoides_crassus_,5
Pseudococcidae,Planococcus,Planococcus_citri,5
Pseudococcidae,Planococcus,Planococcus_lilacinus_,5
Pseudococcidae,Planococcus,Planococcus_vovae,5
Pseudococcidae,Pseudococcus,Pseudococcus_swezeyi,5
Pseudococcidae,Pseudococcus,Pseudococcus_origer_,5
Pseudococcidae,Pseudococcus,Pseudococcus_antricolens,5
Pseudococcidae,Pseudococcus,Pseudococcus_calceolariae,5
Pseudococcidae,Pseudococcus,Pseudococcus_comstocki,5
Pseudococcidae,Pseudococcus,Pseudococcus_kikuyuensis,5
Pseudococcidae,Pseudococcus,Pseudococcus_lycopodii,5
Pseudococcidae,Pseudococcus,Pseudococcus_maritimus,5
Pseudococcidae,Pseudococcus,Pseudococcus_nudus,5
Pseudococcidae,Pseudococcus,Pseudococcus_occidius_,5
Pseudococcidae,Pseudococcus,Pseudococcus_pipturicolus,5
Pseudococcidae,Pseudococcus,Pseudococcus_viburni_,5
Pseudococcidae,Rastrococcus ,Rastrococcus_iceryoides,5
Pseudococcidae,Rhizoecus,Rhizoecus_mayanus,5
Pseudococcidae,Saccharicoccus ,Saccharicoccus_sacchari_,5
Pseudococcidae,Trionymus ,Trionymus_insularis,5
Pseudococcidae,Trionymus ,Trionymus_longipilosus,5
Pseudococcidae,Vryburgia ,Vryburgia_amaryllidis,5
Pseudococcidae,Vryburgia ,Vryburgia_transvaalensis,5
Steingeliidae,Steingelia,Steingelia_gorodetskia,5
Steingeliidae,Steingelia,Steingelia_gorodetskia,5
Psyllidae,Blastopsylla,Blastopsylla_adnatariae,5
Psyllidae,Blastopsylla,Blastopsylla_moorei,5
Psyllidae,Cardiaspina,Cardiaspina_retator,5
Psyllidae,Cryptoneossa,Cryptoneossa_sp.,5
Psyllidae,Glyscaspis,Glyscaspis_brimblecombei,5
Cimicidae,Cacodmus,Cacodmus_sumatrensis,6
Conchaspididae,Conchaspis ,Conchaspis_lepagei,6
Cydnidae,Cydnus,Cydnus_maurus,6
Cydnidae,Cydnus,Cydnus_nitritus,6
Cydnidae,Cydnus,Cydnus_varians,6
Cydnidae,Macroscytus,Macroscytus_subaeneus,6
Diaspididae,Africaspis,Africaspis_fici,6
Diaspididae,Aonidomytilus,Aonidomytilus_concolor,6
Diaspididae,Costalimaspis,Costalimaspis_eugeniae,6
Diaspididae,Helaspis,Helaspis_mexicana,6
Diaspididae,Lepidosaphes,Lepidosaphes_tokionis,6
Eriococcidae,Apiomorpha,Apiomorpha_intermedia,6
Eriococcidae,Casuarinaloma,Casuarinaloma_leaii_,6
Lygaeidae,Cryphula,Cryphula_nitens,6
Lygaeidae,Cryphula,Cryphula_trimaculata,6
Lygaeidae,Dieuches,Dieuches_sp.,6
Lygaeidae,Dieuches,Dieuches_sp._(69-17),6
Lygaeidae,Dieuches,Dieuches_sp._(PDA-14),6
Lygaeidae,Elasmolomus,Elasmolomus_sordidus,6
Lygaeidae,Lachnesthus,Lachnesthus_singalensis,6
Lygaeidae,Lethaeus,Lethaeus_barberi,6
Lygaeidae,Methochus,Methochus_uniguttatus,6
Lygaeidae,Paradieuches,Paradieuches_dissimilis,6
Lygaeidae,Paromius,Paromius_pallidus,6
Lygaeidae,Tropistethus,Tropistethus_holosericus,6
Plataspidae,Brachyplatys,Brachyplatys_pauper,6
Plataspidae,Brachyplatys,Brachyplatys_subaenus,6
Plataspidae,Coptosoma,Coptosoma_biguttulum,6
Plataspidae,Coptosoma,Coptosoma_cribrarium,6
Plataspidae,Coptosoma,Coptosoma_punctatissimum,6
Plataspidae,Coptosoma,Coptosoma_scutellatum,6
Plataspidae,Coptosoma,Coptosoma_siamicum,6
Plataspidae,Coptosoma,Coptosoma_sp.,6
Plataspidae,Coptosoma,Coptosoma_variegatu.m,6
Pol Yctenidae,Hesperoctenes,Hesperoctenes_setosus,6
Pseudococcidae,Antonina,Antonina_crawi,6
Pseudococcidae,Antonina,Antonina_evelynae,6
Pseudococcidae,Coccidohystrix,Coccidohystrix_insolita_,6
Pseudococcidae,Dysmicoccus,Dysmicoccus_boninsis,6
Pseudococcidae,Nesococcus ,Nesococcus_pipturi,6
Pseudococcidae,Phenacoccus,Phenacoccus_acericola,6
Pseudococcidae,Phenacoccus,Phenacoccus_gossypii_,6
Pseudococcidae,Rhizoecus,Rhizoecus_dianthi,6
Pseudococcidae,Rhizoecus,Rhizoecus_falcifer,6
Scutelleridae,Acanthilomidea,Acanthilomidea_porosa,6
Scutelleridae,Cantao,Cantao_ocellatus,6
Scutelleridae,Chrysocoris,Chrysocoris_purpureus,6
Scutelleridae,Chrysocoris,Chrysocoris_stollii,6
Scutelleridae,Eurygaster,Eurygaster_amerinda,6
Scutelleridae,Eurygaster,Eurygaster_austriaca,6
Scutelleridae,Eurygaster,Eurygaster_hottentotta_maroccana,6
Scutelleridae,Eurygaster,Eurygaster_maura,6
Scutelleridae,Eurygaster,Eurygaster_testudinaria,6
Scutelleridae,Hotea,Hotea_curc1i1-lionoides,6
Scutelleridae,Odontotarsus,Odontotarsus_caudatus,6
Scutelleridae,Odontotarsus,Odontotarsus_purpureolineatus,6
Scutelleridae,Odontotarsus,Odontotarsus_robustus,6
Scutelleridae,Phimodera,Phimodera_lapponica,6
Scutelleridae,Scutellera,Scutellera_nobilis,6
Scutelleridae,Scutellera,Scutellera_preplexa,6
Scutelleridae,Solonostethium,Solonostethium_rubropunctatum,6
Tesseratomidae,Eusthenes,Eusthenes_saevus,6
Tingidae,Acalypta,Acalypta_parvula,6
Pentatomidae,Acledra,Acledra_bonariensis,6
Pentatomidae,Dichelops,Dichelops_melacanthus,6
Pentatomidae,Dichelops,Dichelops_sp.,6
Pentatomidae,Euschistus,Euschistus_crassus,6
Pentatomidae,Mecocephala,Mecocephala_maldonadensis,6
Pentatomidae,Oechalia,Oechalia_patruelis,6
Pentatomidae,Scotinophara,Scotinophara_coarctata,6
Pentatomidae,Scotinophara,Scotinophara_sp.,6
Pentatomidae,Stagonomus,Stagonomus_bipunctatus,6
Psyllidae,Australopsylla,Australopsylla_sp.,6
Psyllidae,Boreioglycaspis,Boreioglycaspis_melaleucae,6
Psyllidae,Cardiaspina,Cardiaspina_albitextura,6
Psyllidae,Creiis,Creiis_sp.,6
Psyllidae,Platyobria,Platyobria_lewisi,6
Psyllidae,Rhinocola,Rhinocola_aceris,6
Psyllidae,Spondyliaspis,Spondyliaspis_plicatudoides,6
Alydidae,Akbaratus,Akbaratus_fisheri,7
Alydidae,Alydus,Alydus_calcaratus,7
Alydidae,Alydus,Alydus_eurinus,7
Alydidae,Alydus,Alydus_pilosulus,7
Alydidae,Camptopus,Camptopus_lateralis,7
Alydidae,Darmist11s,Darmist11s_subvittatus,7
Alydidae,Euthetus,"Euthetus_pulche,rrimus",7
Alydidae,Megalotomus,Megalotomus_costalis,7
Alydidae,Protenor,Protenor_belfragei,7
Alydidae,Riptortus,Riptortus_clavatus,7
Alydidae,Riptortus,Riptortus_linearis,7
Alydidae,Riptortus,Riptortus_pedestris,7
Alydidae,Riptortus,Riptortus_sp.,7
Alydidae,Riptortus,Riptortus_sp.,7
Alydidae,Tollius,Tollius_curtulus,7
Astrolecaniidae,Anomalococcus ,Anomalococcus_indicus,7
Callipappidae,Callipappus,Callipappus_rubiginosus,7
Cerococcidae,Cerococcus  ,Cerococcus__indicus,7
Coccidae,Coccus,Coccus_hesperidum,7
Coccidae,Coccus,Coccus_longulus,7
Coccidae,Eriopeltis,Eriopeltis_lichtensteini,7
Coccidae,Eriopeltis,Eriopeltis_stammeri,7
Coccidae,Pulvinaria ,Pulvinaria_psidii,7
Colobathristidae,Phaenachanthx:i,Phaenachanthx:i_sp.,7
Coreidae,Ceraleptus,Ceraleptus_obtusus,7
Coreidae,Coriomeris,Coriomeris_scabricornis,7
Cydnidae,Aethus,Aethus_nigritus,7
Cydnidae,Legnotus,Legnotus_picipes,7
Cydnidae,Macroscytus,Macroscytus_japonensis,7
Cydnidae,Sehirus,Sehirus_bicolor,7
Dinidoridae,Aspongopus,Aspongopus_janus,7
Dinidoridae,Aspongopus,Aspongopus_orientalis,7
Dinidoridae,Aspongopus,Aspongopus_sp.,7
Eriococcidae,Apiomorpha,Apiomorpha_rosaeforma,7
Eriococcidae,Eriococcus,Eriococcus_ericae,7
Eriococcidae,Eriococcus,Eriococcus_rata,7
Eriococcidae,Eriococcus,Eriococcus_williamsi_,7
Eriococcidae,Madarococcus ,Madarococcus_totarae_,7
Eriococcidae,Ourococcus ,Ourococcus_cobbi,7
Eumenotidae,Eumenotes,Eumenotes_obscura,7
Lygaeidae,Afrovertanus,Afrovertanus_elongatus,7
Lygaeidae,Anepsiodes,Anepsiodes_nitudus,7
Lygaeidae,Antillocoris,Antillocoris_minutus,7
Lygaeidae,Aphanus,Aphanus_sp.,7
Lygaeidae,Aphanus,Aphanus_sp._(PDA-33),7
Lygaeidae,Arocatus,Arocatus_rusticus,7
Lygaeidae,Atrademus,Atrademus_capeneri,7
Lygaeidae,Atrademus,Atrademus_sp._#135,7
Lygaeidae,Blissus,Blissus_arenarius_arenarius,7
Lygaeidae,Blissus,Blissus_arenarius_maritimus,7
Lygaeidae,Blissus,Blissus_insularis,7
Lygaeidae,Blissus,Blissus_leucopterus_hirtus,7
Lygaeidae,Blissus,Blissus_leucopterus_leucopterus,7
Lygaeidae,Blissus,Blissus_mixtus,7
Lygaeidae,Blissus,Blissus_omani,7
Lygaeidae,Caprhiobia,Caprhiobia_pallipes,7
Lygaeidae,Caprhiobia,Caprhiobia_sp.,7
Lygaeidae,Cavelerius,Cavelerius_minor,7
Lygaeidae,Cligenes,Cligenes_aethips,7
Lygaeidae,Cligenes,Cligenes_sp._nr_ashanti,7
Lygaeidae,Darwinysius,Darwinysius_marginalis,7
Lygaeidae,Darwinysius,Darwinysius_wenmanensis,7
Lygaeidae,Dieuches,Dieuches_sp._(prob._patruelis),7
Lygaeidae,Dimorphopterus,Dimorphopterus_annulatus,7
Lygaeidae,Dimorphopterus,Dimorphopterus_blissoides,7
Lygaeidae,Dimorphopterus,Dimorphopterus_latus,7
Lygaeidae,Dimorphopterus,Dimorphopterus_oblongus,7
Lygaeidae,Dimorphopterus,Dimorphopterus_sp._#57,7
Lygaeidae,Diniella,Diniella_nitida,7
Lygaeidae,Diniella,Diniella_sp._(GGES-18),7
Lygaeidae,Diniella,Diniella_sp._(GGES-19),7
Lygaeidae,Diniella,Diniella_sp._(GGES-20),7
Lygaeidae,Dinomachellus,Dinomachellus_maculatus,7
Lygaeidae,Dinomachellus,Dinomachellus_marshalli,7
Lygaeidae,Dinomachellus,Dinomachellus_sp._(GGES-23),7
Lygaeidae,Elasmolomus,Elasmolomus_mendicus,7
Lygaeidae,Elasmolomus,Elasmolomus_transversus,7
Lygaeidae,Emblethis,Emblethis_vicarius,7
Lygaeidae,Engistus,Engistus_viduus,7
Lygaeidae,Geoblissus,Geoblissus_mekongensis,7
Lygaeidae,Graptostethus,Graptostethus_manillensis,7
Lygaeidae,Graptostethus,Graptostethus_servus,7
Lygaeidae,Hudsona,Hudsona_anceps,7
Lygaeidae,Ischnodemus,Ischnodemus_brevicornis,7
Lygaeidae,Ischnodemus,Ischnodemus_nigrocephalus,7
Lygaeidae,Ischnodemus,Ischnodemus_noctulus,7
Lygaeidae,Ischnodemus,Ischnodemus_oblongus,7
Lygaeidae,Ischnodemus,Ischnodemus_tibialis,7
Lygaeidae,Kleidocerys,Kleidocerys_franciscanus,7
Lygaeidae,Kleidocerys,Kleidocerys_modestus,7
Lygaeidae,Kleidocerys,Kleidocerys_obovatus,7
Lygaeidae,Kleidocerys,Kleidocerys_resedae,7
Lygaeidae,Lamprocoris,Lamprocoris_nr_sp._(GGES-21),7
Lygaeidae,Lamprocoris,Lamprocoris_sp._(GGES-13),7
Lygaeidae,Lethaeus,Lethaeus_sp._(GGES-11),7
Lygaeidae,Lygaeospilus,Lygaeospilus_tripunctatus,7
Lygaeidae,Lygaeus,Lygaeus_equestris,7
Lygaeidae,Lygaeus,Lygaeus_kalmii,7
Lygaeidae,Lygaeus,Lygaeus_turcicus,7
Lygaeidae,Macchiademus,Macchiademus_diplopterus,7
Lygaeidae,Macropes,Macropes_raja,7
Lygaeidae,Macropes,Macropes_sp._PDA-41,7
Lygaeidae,Macropes,Macropes_uniformis,7
Lygaeidae,Macropes,Macropes_varipennis,7
Lygaeidae,Megalonotus,Megalonotus_antennatus,7
Lygaeidae,Melanocoryphus,Melanocoryphus_albomaculatus,7
Lygaeidae,Melanopleurus,Melanopleurus_bistriangularis,7
Lygaeidae,Melanopleurus,Melanopleurus_pyrrhopterus,7
Lygaeidae,Melanostethus,Melanostethus_marginatus,7
Lygaeidae,Microcoris,Microcoris_sexonotatus,7
Lygaeidae,Naudarensia,Naudarensia_manipurensis,7
Lygaeidae,Neacoryphus,Neacoryphus_bicrucis,7
Lygaeidae,Neacoryphus,Neacoryphus_rubicollis,7
Lygaeidae,Neolethaeus,Neolethaeus_dallasi,7
Lygaeidae,Nesomartis,Nesomartis_psammophila,7
Lygaeidae,Nithicus,Nithicus_jacobaeae,7
Lygaeidae,Nysius,Nysius_abnormis,7
Lygaeidae,Nysius,Nysius_angustatus,7
Lygaeidae,Nysius,Nysius_beardsleyi,7
Lygaeidae,Nysius,Nysius_caledoniae,7
Lygaeidae,Nysius,Nysius_ceylanicus,7
Lygaeidae,Nysius,Nysius_coenosulus,7
Lygaeidae,Nysius,Nysius_communis,7
Lygaeidae,Nysius,Nysius_expressus,7
Lygaeidae,Nysius,Nysius_fullawayi,7
Lygaeidae,Nysius,Nysius_helveticus,7
Lygaeidae,Nysius,Nysius_huttoni,7
Lygaeidae,Nysius,Nysius_lichenicola,7
Lygaeidae,Nysius,Nysius_longicollis,7
Lygaeidae,Nysius,Nysius_natalensis,7
Lygaeidae,Nysius,Nysius_nemorivagus,7
Lygaeidae,Nysius,Nysius_niger,7
Lygaeidae,Nysius,Nysius_raphanus,7
Lygaeidae,Nysius,Nysius_scutellatus,7
Lygaeidae,Nysius,Nysius_sp.,7
Lygaeidae,Nysius,Nysius_stali,7
Lygaeidae,Nysius,Nysius_thymi,7
Lygaeidae,Nysius,Nysius_usitatus,7
Lygaeidae,Nysius,Nysius_vinitor,7
Lygaeidae,Ochrimus,Ochrimus_tripligatus,7
Lygaeidae,Oedancala,Oedancala_dorsalis,7
Lygaeidae,Opistholeptus,Opistholeptus_indicus,7
Lygaeidae,Orbellis,Orbellis_sp.,7
Lygaeidae,Ortholomus,Ortholomus_nevadensis,7
Lygaeidae,Ortholomus,Ortholomus_punctipennis,7
Lygaeidae,Ortholomus,Ortholomus_usingeri,7
Lygaeidae,Pachybrachius,Pachybrachius_basalis,7
Lygaeidae,Pachybrachius,Pachybrachius_capicola,7
Lygaeidae,Pachybrachius,Pachybrachius_inconspicuus,7
Lygaeidae,Pachybrachius,Pachybrachius_pacificus,7
Lygaeidae,Pachygrontha,Pachygrontha_bipunctata,7
Lygaeidae,Pachygrontha,Pachygrontha_compacta,7
Lygaeidae,Pachygrontha,Pachygrontha_lineata,7
Lygaeidae,Pachygrontha,Pachygrontha_nigrovittata,7
Lygaeidae,Pachygrontha,Pachygrontha_similis,7
Lygaeidae,Pachyphlegyas,Pachyphlegyas_modigliani,7
Lygaeidae,Paromius,Paromius_apicatus,7
Lygaeidae,Paromius,Paromius_gracilis,7
Lygaeidae,Paromius,Paromius_longulus,7
Lygaeidae,Paromius,Paromius_paraclypeatus,7
Lygaeidae,Peritrechus,Peritrechus_angusticollis,7
Lygaeidae,Peritrechus,Peritrechus_distinguendus,7
Lygaeidae,Peritrechus,Peritrechus_geniculatus,7
Lygaeidae,Peritrechus,Peritrechus_nubilus,7
Lygaeidae,Peritrechus,Peritrechus_tristis,7
Lygaeidae,Phlegyas,Phlegyas_abbreviatus,7
Lygaeidae,Phorcinus,Phorcinus_albofasciatus,7
Lygaeidae,Poeantius,Poeantius_festivus,7
Lygaeidae,Poeantius,Poeantius_nigropictus,7
Lygaeidae,Poeantius,Poeantius_sp._#128,7
Lygaeidae,Prosomoeus,Prosomoeus_brunneus,7
Lygaeidae,Pylorgus,Pylorgus_colon,7
Lygaeidae,Remaudiereana,Remaudiereana_nigroceps,7
Lygaeidae,Remaudiereana,Remaudiereana_sp._(MLY-3),7
Lygaeidae,Rhyparochromus,Rhyparochromus_angustatus,7
Lygaeidae,Rhyparochromus,Rhyparochromus_phoeniceus,7
Lygaeidae,Rhyparochromus,Rhyparochromus_pini,7
Lygaeidae,Rhypodes,Rhypodes_clavicornis,7
Lygaeidae,Rhypodes,Rhypodes_myersi,7
Lygaeidae,Serranegra,Serranegra_sp.,7
Lygaeidae,Spilostethus,Spilostethus_furculus,7
Lygaeidae,Spilostethus,Spilostethus_hospes,7
Lygaeidae,Spilostethus,Spilostethus_longulus,7
Lygaeidae,Spilostethus,Spilostethus_macilentus,7
Lygaeidae,Spilostethus,Spilostethus_pandurus,7
Lygaeidae,Spilostethus,Spilostethus_saxatilis,7
Lygaeidae,Stenophyella,Stenophyella_macreta,7
Lygaeidae,Tropidothorax,Tropidothorax_leucopterus,7
Lygaeidae,Uttaris,Uttaris_pallidipennis,7
Lygaeidae,Xestocoris,Xestocoris_nitens,7
Margarodidae,Porphyrophora ,Porphyrophora_hamelii,7
Margarodidae,Porphyrophora ,Porphyrophora_polonica,7
Ortheziidae,Newstedia,Newstedia_sp.,7
Pseudococcidae,Clavicoccus ,Clavicoccus_tribulus,7
Pseudococcidae,Nairobia ,Nairobia_bifrons,7
Pseudococcidae,Neochavesia ,Neochavesia_caldasiae,7
Pseudococcidae,Nesopedronia ,Nesopedronia_cibotii,7
Rhopalidae,Arhyssus,Arhyssus_crassus,7
Rhopalidae,Arhyssus,Arhyssus_lateralis,7
Rhopalidae,Chrosoma,Chrosoma_schillingi,7
Rhopalidae,Corizus,Corizus_alternatus,7
Rhopalidae,Corizus,Corizus_bengalensis,7
Rhopalidae,Corizus,Corizus_hyoscyami,7
Rhopalidae,Corizus,Corizus_sp.,7
Rhopalidae,Harmostes,Harmostes_reflexulus,7
Rhopalidae,Jadera,Jadera_haematoloma,7
Rhopalidae,Jadera,Jadera_sanguinolenta,7
Rhopalidae,Leptocoris,Leptocoris_augur,7
Rhopalidae,Leptocoris,Leptocoris_rubrolineatus,7
Rhopalidae,Leptocoris,Leptocoris_trivittatus,7
Rhopalidae,Liorhyssus,Liorhyssus_hyalinus,7
Rhopalidae,Liorhyssus,Liorhyssus_rubicundus,7
Rhopalidae,Lybindus,Lybindus_dichrous,7
Rhopalidae,Macceventhus,Macceventhus_lineola,7
Rhopalidae,Myrmus,Myrmus_miriformis,7
Rhopalidae,Rhopalus,Rhopalus_maculatus,7
Rhopalidae,Rhopalus,Rhopalus_parumpunctatus,7
Rhopalidae,Rhopalus,Rhopalus_sp.,7
Rhopalidae,Rhopalus,Rhopalus_subrufus,7
Rhopalidae,Stictopleurus,Stictopleurus_abutilon,7
Rhopalidae,Stictopleurus,Stictopleurus_crassicornis,7
Stenocephalidae,Dicranocephalus,Dicranocephalus_agilis,7
Tingidae,Agramma,Agramma_nexile,7
Tingidae,Bredenbachius,Bredenbachius_consanguieneus,7
Tingidae,Cochlochila,Cochlochila_lewisi,7
Tingidae,Dasytingis,Dasytingis_rudis,7
Tingidae,Dictyla,Dictyla_humuli,7
Tingidae,Dictyonota,Dictyonota_fuliginosa,7
Tingidae,Leptobyrsa,Leptobyrsa_decora,7
Tingidae,Stephanitis,Stephanitis_nashi,7
Tingidae,Stephanitis,Stephanitis_takeyai,7
Tingidae,Teleonemia,Teleonemia_elata,7
Tingidae,Teleonemia,Teleonemia_scrupulosa,7
Tingidae,Tingis,Tingis_ampliata,7
Tingidae,Tingis,Tingis_cardui,7
Tingidae,Tingis,Tingis_clavata,7
Tingidae,Tingis,Tingis_lasiocera,7
Pentatomidae,Ablaptus,Ablaptus_amazonus,7
Pentatomidae,Acledra,Acledra_kinbergii,7
Pentatomidae,Acledra,Acledra_modesta,7
Pentatomidae,Acrosternum,Acrosternum_armigerum,7
Pentatomidae,Acrosternum,Acrosternum_bellum,7
Pentatomidae,Acrosternum,Acrosternum_graminea,7
Pentatomidae,Acrosternum,Acrosternum_heegeri,7
Pentatomidae,Acrosternum,Acrosternum_herbidum,7
Pentatomidae,Acrosternum,Acrosternum_hilare,7
Pentatomidae,Acrosternum,Acrosternum_marginatum,7
Pentatomidae,Acrosternum,Acrosternum_pennsylvanicum,7
Pentatomidae,Acrosternum,Acrosternum_scutellatum,7
Pentatomidae,Acrosternum,Acrosternum_sp.n.,7
Pentatomidae,Adevoplitus,Adevoplitus_longicomis,7
Pentatomidae,Adria,Adria_parvula,7
Pentatomidae,Aelia,Aelia_acuminata,7
Pentatomidae,Aelia,Aelia_fieberi,7
Pentatomidae,Aelia,Aelia_rostrata,7
Pentatomidae,Aeliomorpha,Aeliomorpha_lineatocollis,7
Pentatomidae,Aeliomorpha,Aeliomorpha_sp.,7
Pentatomidae,Aenaria,Aenaria_lewisi,7
Pentatomidae,Aeptus,Aeptus_singularis,7
Pentatomidae,Aethemenes,Aethemenes_nigropunctata,7
Pentatomidae,Afrius,Afrius_yolofus,7
Pentatomidae,Agaclitus,Agaclitus_dromedarius,7
Pentatomidae,Agonoscelis,Agonoscelis_nubila,7
Pentatomidae,Alitocoris,Alitocoris_parvus,7
Pentatomidae,Alitocoris,Alitocoris_schraderi,7
Pentatomidae,Ancyrosoma,Ancyrosoma_leucogrammes,7
Pentatomidae,Andrallus,Andrallus_spinidens,7
Pentatomidae,Antestia,Antestia_cruciata,7
Pentatomidae,Antestia,Antestia_sp.,7
Pentatomidae,Antestia,Antestia_sp.S.I.,7
Pentatomidae,Antestia,Antestia_versicolor,7
Pentatomidae,Antestiopsis,Antestiopsis_sp.,7
Pentatomidae,Antiteuchus,Antiteuchus_macraspis,7
Pentatomidae,Antiteuchus,Antiteuchus_mixtus,7
Pentatomidae,Antiteuchus,Antiteuchus_panamensis,7
Pentatomidae,Antiteuchus,Antiteuchus_sepulcralis,7
Pentatomidae,Antiteuchus,Antiteuchus_tripterus,7
Pentatomidae,Arma,Arma_custos,7
Pentatomidae,Arvelius,Arvelius_albopunctatus,7
Pentatomidae,Aspavia,Aspavia_acuminata,7
Pentatomidae,Aspavia,Aspavia_armigera,7
Pentatomidae,Aspavia,Aspavia_hastator,7
Pentatomidae,Aspavia,Aspavia_ingens,7
Pentatomidae,Atelocera,Atelocera_serrata,7
Pentatomidae,Bagrada,Bagrada_cruciferarum,7
Pentatomidae,Banasa,Banasa_panamensis,7
Pentatomidae,Bathycoelia,Bathycoelia_rodhaini,7
Pentatomidae,Bathycoelia,Bathycoelia_thalassina,7
Pentatomidae,Benia,Benia_sp.,7
Pentatomidae,Brachystethus,Brachystethus_rubromaculatus,7
Pentatomidae,Brochymena,Brochymena_sp.1,7
Pentatomidae,Brochymena,Brochymena_sp.2,7
Pentatomidae,Cahara,Cahara_jugatoria,7
Pentatomidae,Carbula,Carbula_aspavia,7
Pentatomidae,Carbula,Carbula_biguttata,7
Pentatomidae,Carbula,Carbula_capito,7
Pentatomidae,Carbula,Carbula_carbula,7
Pentatomidae,Carbula,Carbula_humerigera,7
Pentatomidae,Carbula,Carbula_indica,7
Pentatomidae,Carbula,Carbula_limpoponis,7
Pentatomidae,Carbula,Carbula_melacantha,7
Pentatomidae,Carbula,Carbula_scutellata,7
Pentatomidae,Carbula,Carbula_socia,7
Pentatomidae,Carbula,Carbula_sp.,7
Pentatomidae,Carbula,Carbula_sp.aff.sjostedti,7
Pentatomidae,Carpocoris,Carpocoris_fuscispinus,7
Pentatomidae,Carpocoris,Carpocoris_melanocerus,7
Pentatomidae,Carpocoris,Carpocoris_pudicus,7
Pentatomidae,Carpocoris,Carpocoris_purpureipennis,7
Pentatomidae,Cataulax,Cataulax_pudens,7
Pentatomidae,Caura,Caura_pugillator,7
Pentatomidae,Chlorochroa,Chlorochroa_juniperina,7
Pentatomidae,Coenus,Coenus_sp.,7
Pentatomidae,Dalpada,Dalpada_confusa,7
Pentatomidae,Dalpada,Dalpada_consinna,7
Pentatomidae,Dalpada,Dalpada_sp.,7
Pentatomidae,Dalpada,Dalpada_versicolor,7
Pentatomidae,Dinocoris,Dinocoris_prolineatus,7
Pentatomidae,Dinocoris,Dinocoris_rufitarsus,7
Pentatomidae,Diploxys,Diploxys_bipunctata,7
Pentatomidae,Diploxys,Diploxys_Punctata,7
Pentatomidae,Discocephalessa,Discocephalessa_humilis,7
Pentatomidae,Dolycoris,Dolycoris_baccarum,7
Pentatomidae,Dolycoris,Dolycoris_indicus,7
Pentatomidae,Durmia,Durmia_haedula,7
Pentatomidae,Durmia,Durmia_lutulenta,7
Pentatomidae,Durmia,Durmia_sp.,7
Pentatomidae,Dymantis,Dymantis_grisea,7
Pentatomidae,Dyroderes,Dyroderes_umbraculatus,7
Pentatomidae,Edessa,Edessa_caldaria,7
Pentatomidae,Edessa,Edessa_celsa,7
Pentatomidae,Edessa,Edessa_costae,7
Pentatomidae,Edessa,Edessa_fuscidorsata,7
Pentatomidae,Edessa,Edessa_irrorata,7
Pentatomidae,Edessa,Edessa_laticornis,7
Pentatomidae,Edessa,Edessa_meditabunda,7
Pentatomidae,Edessa,Edessa_pictiventris,7
Pentatomidae,Edessa,Edessa_rufomarginata,7
Pentatomidae,Edessa,Edessa_sp.,7
Pentatomidae,Edessa,Edessa_sp.1,7
Pentatomidae,Edessa,Edessa_sp.2,7
Pentatomidae,Edessa,Edessa_vinula,7
Pentatomidae,Erthesina,Erthesina_fullo,7
Pentatomidae,Eurydema,Eurydema_dominulus,7
Pentatomidae,Eurydema,Eurydema_festiva,7
Pentatomidae,Eurydema,Eurydema_fieberi,7
Pentatomidae,Eurydema,Eurydema_gebleri,7
Pentatomidae,Eurydema,Eurydema_lituriferum,7
Pentatomidae,Eurydema,Eurydema_oleracea,7
Pentatomidae,Eurydema,Eurydema_ornatum,7
Pentatomidae,Eurydema,Eurydema_pulchrum,7
Pentatomidae,Eurydema,Eurydema_rugosum,7
Pentatomidae,Eurydema,Eurydema_ventrale,7
Pentatomidae,Euschistus,Euschistus_crenator,7
Pentatomidae,Euschistus,Euschistus_euschistoides,7
Pentatomidae,Euschistus,Euschistus_heros,7
Pentatomidae,Euschistus,Euschistus_ictericus,7
Pentatomidae,Euschistus,Euschistus_servus,7
Pentatomidae,Euschistus,Euschistus_sp.1,7
Pentatomidae,Euschistus,Euschistus_sp.2,7
Pentatomidae,Euschistus,Euschistus_tristigmus,7
Pentatomidae,Euschistus,Euschistus_variolarius,7
Pentatomidae,Eysarcoris,Eysarcoris_capitatus,7
Pentatomidae,Eysarcoris,Eysarcoris_fallax,7
Pentatomidae,Eysarcoris,Eysarcoris_guttiger,7
Pentatomidae,Eysarcoris,Eysarcoris_inconspicuus,7
Pentatomidae,Eysarcoris,Eysarcoris_lewisi,7
Pentatomidae,Eysarcoris,Eysarcoris_montivagus,7
Pentatomidae,Eysarcoris,Eysarcoris_parvus,7
Pentatomidae,Eysarcoris,Eysarcoris_sp.,7
Pentatomidae,Eysarcoris,Eysarcoris_sp.1,7
Pentatomidae,Eysarcoris,Eysarcoris_sp.2,7
Pentatomidae,Eysarcoris,Eysarcoris_ventralis,7
Pentatomidae,Graphosoma,Graphosoma_italicum,7
Pentatomidae,Graphosoma,Graphosoma_rubrolineatum,7
Pentatomidae,Graphosoma,Graphosoma_semipunctatum,7
Pentatomidae,Halyomorpha,Halyomorpha_annulicornis,7
Pentatomidae,Halyomorpha,Halyomorpha_picus,7
Pentatomidae,Halyomorpha,Halyomorpha_reflexa,7
Pentatomidae,Halys,Halys_dentata,7
Pentatomidae,Halys,Halys_serricolis,7
Pentatomidae,Halys,Halys_sp.,7
Pentatomidae,Hermolaus,Hermolaus_amurensis,7
Pentatomidae,Holcostethus,Holcostethus_limbolarius,7
Pentatomidae,Homalogonia,Homalogonia_obtusa,7
Pentatomidae,Ladeaschistus,Ladeaschistus_sp.,7
Pentatomidae,Lelia,Lelia_decempunctata,7
Pentatomidae,Lerida,Lerida_punctata,7
Pentatomidae,Loxa,Loxa_deducta,7
Pentatomidae,Loxa,Loxa_flavicollis,7
Pentatomidae,Loxa,Loxa_sp.,7
Pentatomidae,Loxa,Loxa_viridis,7
Pentatomidae,Macrina,Macrina_juvenca,7
Pentatomidae,Macrorhaphis,Macrorhaphis_acuta,7
Pentatomidae,Mayrinia,Mayrinia_variegata,7
Pentatomidae,Menida,Menida_bengalensis,7
Pentatomidae,Menida,Menida_bengalensis,7
Pentatomidae,Menida,Menida_scotti,7
Pentatomidae,Menida,Menida_violacea,7
Pentatomidae,Moncus,Moncus_obscurus,7
Pentatomidae,Mormidea,Mormidea_lugens,7
Pentatomidae,Mormidea,Mormidea_paupercula,7
Pentatomidae,Mormidea,Mormidea_quinqueluteum,7
Pentatomidae,Mormidea,Mormidea_sp.,7
Pentatomidae,Morna,Morna_sp.,7
Pentatomidae,Murgantia,Murgantia_sp.,7
Pentatomidae,Neottiglossa,Neottiglossa_leporina,7
Pentatomidae,Neottiglossa,Neottiglossa_pusilla,7
Pentatomidae,Nezara,Nezara_antennata,7
Pentatomidae,Nezara,Nezara_antennata,7
Pentatomidae,Nezara,Nezara_viridula,7
Pentatomidae,Niphe,Niphe_subferruginea,7
Pentatomidae,Oebalus,Oebalus_pugnax,7
Pentatomidae,Oechalia,Oechalia_grisea,7
Pentatomidae,Oechalia,Oechalia_pacifica,7
Pentatomidae,Parantestia,Parantestia_immunda,7
Pentatomidae,Pellaea,Pellaea_stictica,7
Pentatomidae,Pentatoma,Pentatoma_japonica,7
Pentatomidae,Pentatoma,Pentatoma_rufipes,7
Pentatomidae,Pentatoma,Pentatoma_semiannulata,7
Pentatomidae,Pentatoma,Pentatoma_sp.1,7
Pentatomidae,Peribalus,Peribalus_sp.,7
Pentatomidae,Perillus,Perillus_bioculatus,7
Pentatomidae,Perillus,Perillus_confluens,7
Pentatomidae,Peromatus,Peromatus_notatus,7
Pentatomidae,Picromerus,Picromerus_bidens,7
Pentatomidae,Picromerus,Picromerus_nigridens,7
Pentatomidae,Picromerus,Picromerus_sp.,7
Pentatomidae,Piezodorus,Piezodorus_guildinii,7
Pentatomidae,Piezodorus,Piezodorus_hybneri,7
Pentatomidae,Piezodorus,Piezodorus_lituratus,7
Pentatomidae,Placosternum,Placosternum_ficusius,7
Pentatomidae,Placosternum,Placosternum_taurus,7
Pentatomidae,Plautia,Plautia_brunnipennis,7
Pentatomidae,Plautia,Plautia_crossota,7
Pentatomidae,Plautia,Plautia_crossota.stali,7
Pentatomidae,Plautia,Plautia_sp.,7
Pentatomidae,Podops,Podops_inuncta,7
Pentatomidae,Priassus,Priassus_exemptus,7
Pentatomidae,Priassus,Priassus_spiniger,7
Pentatomidae,Proxys,Proxys_albopunctulatus,7
Pentatomidae,Rhynchocoris,Rhynchocoris_humeralis,7
Pentatomidae,Rhytidolomia,Rhytidolomia_juniperina,7
Pentatomidae,Rolstoniellus,Rolstoniellus_bhutanicus,7
Pentatomidae,Sabaeus,Sabaeus_humeralis,7
Pentatomidae,Schraderiellus,Schraderiellus_cinctus,7
Pentatomidae,Schraderiellus,Schraderiellus_hughesae,7
Pentatomidae,Sciocoris,Sciocoris_cursitans,7
Pentatomidae,Sciocoris,Sciocoris_helferi,7
Pentatomidae,Sciocoris,Sciocoris_sulcatus,7
Pentatomidae,Scotinophara,Scotinophara_fibulata,7
Pentatomidae,Scotinophara,Scotinophara_horvathi,7
Pentatomidae,Sepontia,Sepontia_misella,7
Pentatomidae,Stalius,Stalius_tartareus,7
Pentatomidae,Staria,Staria_lunata,7
Pentatomidae,Stenozygum,Stenozygum_coloratum,7
Pentatomidae,Stiretrus,Stiretrus_anchorago,7
Pentatomidae,Storthecoris,Storthecoris_nigricepes,7
Pentatomidae,Thyanta,Thyanta_antiguensis,7
Pentatomidae,Thyanta,Thyanta_pallidovirens.pallidovirens,7
Pentatomidae,Thyanta,Thyanta_pallidovirens.spinosa,7
Pentatomidae,Thyanta,Thyanta_perditor,7
Pentatomidae,Thyanta,Thyanta_pseudocasta,7
Pentatomidae,Thyanta,Thyanta_sp.2,7
Pentatomidae,Tolumnia,Tolumnia_latipes,7
Pentatomidae,Trichopepla,Trichopepla_semivittata,7
Pentatomidae,Trichopepla,Trichopepla_sp.1,7
Pentatomidae,Trichopepla,Trichopepla_sp.2,7
Pentatomidae,Troilus,Troilus_luridus,7
Pentatomidae,Tyoma,Tyoma_verrucosa,7
Pentatomidae,Udonga,Udonga_montana,7
Pentatomidae,Veterna,Veterna_sanguineirostris,7
Pentatomidae,Zicrona,Zicrona_caerulea,7
Psyllidae,Agonoscena,Agonoscena_cista,7
Psyllidae,Agonoscena,Agonoscena_targionii,7
Psyllidae,Calposcena,Calposcena_bulgarica,7
Psyllidae,Lisronia,Lisronia_varicicosta,7
Eriococcidae,Apiomorpha,Apiomorpha_munita_,7.5
Pentatomidae,Macropygium,Macropygium_reticulare,7.5
Alydidae,Akbaratus,Akbaratus_fasciatus,8
Alydidae,Megalotomus,Megalotomus_pallescens,8
Berytidae,Acanthophisa,Acanthophisa_echinata,8
Berytidae,Gampsocoris,Gampsocoris_punctipes,8
Berytidae,Jalysus,Jalysus_wickhami,8
Berytidae,Neides,Neides_muticus,8
Coccidae,Eucalymnatus ,Eucalymnatus_euterones,8
Coccidae,Eucalymnatus ,Eucalymnatus_tessellatus,8
Coccidae,Parthenolecanium,Parthenolecanium_cerasifex,8
Coccidae,Parthenolecanium,Parthenolecanium_cerasifex,8
Coccidae,Parthenolecanium,Parthenolecanium_corni,8
Coccidae,Parthenolecanium,Parthenolecanium_putmani,8
Coccidae,Protopulvinaria  ,Protopulvinaria__pyriformis,8
Coccidae,Pulvinaria ,Pulvinaria__occifera,8
Coccidae,Pulvinaria ,Pulvinaria_hydrangeae,8
Coccidae,Pulvinaria ,Pulvinaria_peregrina,8
Coccidae,Pulvinaria ,Pulvinaria_vitis,8
Coccidae,Saissetia ,Saissetia_coffeae,8
Coreidae,Archimerus,Archimerus_alternatus,8
Coreidae,Archimerus,Archimerus_calcarator,8
Coreidae,Pachylis,Pachylis_gigas,8
Coreidae,Pachylis,Pachylis_lateralis,8
Dactylopiidae,Dactylopius ,Dactylopius_coccus,8
Diaspididae,Diaspis,Diaspis_echinocacti,8
Diaspididae,Lepidosaphes,Lepidosaphes_ulmi,8
Diaspididae,Pseudaulacaspis,Pseudaulacaspis_pentagona,8
Diaspididae,Xanthophthalma,Xanthophthalma_concinnum,8
Eriococcidae,Acanthococcus ,Acanthococcus_agropyri,8
Eriococcidae,Acanthococcus ,Acanthococcus_insignis,8
Eriococcidae,Ascelis ,Ascelis_praemollis,8
Eriococcidae,Eriococcus,Eriococcus_abditus_,8
Eriococcidae,Eriococcus,Eriococcus_minus,8
Eriococcidae,Eriococcus,Eriococcus_rhodomyrti,8
Kuwaniidae,Kuwania,Kuwania_oligostigma,8
Largidae,Physopelta,Physopelta_parciceps,8
Lygaeidae,Acompus,Acompus_rufipes,8
Lygaeidae,Arocatus,Arocatus_suboeneus,8
Lygaeidae,Capodemus,Capodemus_rusticus,8
Lygaeidae,Carpilis,Carpilis_consimilis,8
Lygaeidae,Cavelerius,Cavelerius_illustris,8
Lygaeidae,Chauliops,Chauliops_bisontula,8
Lygaeidae,Chauliops,Chauliops_fallax,8
Lygaeidae,Cligenes,Cligenes_subcavicola,8
Lygaeidae,Cnemodus,Cnemodus_albimaculus,8
Lygaeidae,Cnemodus,Cnemodus_mavortius,8
Lygaeidae,Crophius,Crophius_behemani,8
Lygaeidae,Delochilocoris,Delochilocoris_illuminatus,8
Lygaeidae,Diniella,Diniella_sp._(PDA-44),8
Lygaeidae,Exptochiomera,Exptochiomera_dissimilis,8
Lygaeidae,Geocoris,Geocoris_varius,8
Lygaeidae,Germalus,Germalus_sp.,8
Lygaeidae,Glyptonysius,Glyptonysius_amicola,8
Lygaeidae,Glyptonysius,Glyptonysius_hylaeus,8
Lygaeidae,Glyptonysius,Glyptonysius_sp.,8
Lygaeidae,Heraeus,Heraeus_pacificus,8
Lygaeidae,Heterogaster,Heterogaster_berhensii,8
Lygaeidae,Hypogeocoris,Hypogeocoris_piceus,8
Lygaeidae,Ischnocoris,Ischnocoris_hemipterus,8
Lygaeidae,Ischnodemus,Ischnodemus_badius,8
Lygaeidae,Ischnodemus,Ischnodemus_brunnipennis,8
Lygaeidae,Ischnodemus,Ischnodemus_conicus,8
Lygaeidae,Ischnodemus,Ischnodemus_falicus,8
Lygaeidae,Ischnodemus,Ischnodemus_sabuleti,8
Lygaeidae,Ischnodemus,Ischnodemus_slossoni,8
Lygaeidae,Ligyrocoris,Ligyrocoris_diffusus,8
Lygaeidae,Ligyrocoris,Ligyrocoris_latimarginatus,8
Lygaeidae,Ligyrocoris,Ligyrocoris_litigiosus,8
Lygaeidae,Ligyrocoris,Ligyrocoris_sylvestris,8
Lygaeidae,Macropes,Macropes_obnubilis,8
Lygaeidae,Malezonotus,Malezonotus_sodalicius,8
Lygaeidae,Masoas,Masoas_sp._(GGES-22),8
Lygaeidae,Masoas,Masoas_transvaalensis,8
Lygaeidae,Megalonotus,Megalonotus_chiragra,8
Lygaeidae,Meschia,Meschia_sp.,8
Lygaeidae,Metrarga,Metrarga_elinguis,8
Lygaeidae,Micaredemus,Micaredemus_pusillus,8
Lygaeidae,Migdilybs,Migdilybs_furcifer,8
Lygaeidae,Neseis,Neseis_chinai,8
Lygaeidae,Neseis,Neseis_fasciata_convergens,8
Lygaeidae,Neseis,Neseis_fulgida,8
Lygaeidae,Neseis,Neseis_hiloensis_approximata,8
Lygaeidae,Neseis,Neseis_hiloensis_hiloensis,8
Lygaeidae,Neseis,Neseis_hiloensis_interoculata,8
Lygaeidae,Neseis,Neseis_hiloensis_jugata,8
Lygaeidae,Neseis,Neseis_kirkaldyi,8
Lygaeidae,Neseis,Neseis_legnota,8
Lygaeidae,Neseis,Neseis_nitida_consummata,8
Lygaeidae,Neseis,Neseis_nitida_impressicollis,8
Lygaeidae,Neseis,Neseis_nitida_insulicola,8
Lygaeidae,Neseis,Neseis_nitida_nitida,8
Lygaeidae,Neseis,Neseis_ochriasis_baldwini,8
Lygaeidae,Neseis,Neseis_ochriasis_maculiceps,8
Lygaeidae,Neseis,Neseis_ochriasis_ochriasis,8
Lygaeidae,Neseis,Neseis_pallassata,8
Lygaeidae,Neseis,Neseis_pallida,8
Lygaeidae,Neseis,Neseis_saundersiana,8
Lygaeidae,Neseis,Neseis_silvestris,8
Lygaeidae,Neseis,Neseis_sp_near_hiloensis,8
Lygaeidae,Nesoclimacias,Nesoclimacias_contracta,8
Lygaeidae,Ninus,Ninus_insignis,8
Lygaeidae,Oceanides,Oceanides_bimaculatus,8
Lygaeidae,Oceanides,Oceanides_dilatipennis,8
Lygaeidae,Oceanides,Oceanides_euphoribiae,8
Lygaeidae,Oceanides,Oceanides_fosbergi,8
Lygaeidae,Oceanides,Oceanides_gressitti,8
Lygaeidae,Oceanides,Oceanides_montivagus,8
Lygaeidae,Oceanides,Oceanides_nimbatus,8
Lygaeidae,Oceanides,Oceanides_ventralis,8
Lygaeidae,Oceanides,Oceanides_yoshimotoi,8
Lygaeidae,Oncopeltus,Oncopeltus_fasciatus,8
Lygaeidae,Oncopeltus,Oncopeltus_nigriceps,8
Lygaeidae,Ortholomus,Ortholomus_arphnoides,8
Lygaeidae,Ortholomus,Ortholomus_scolopax,8
Lygaeidae,Pachybrachius,Pachybrachius_albocinctus,8
Lygaeidae,Pachybrachius,Pachybrachius_bilobatus,8
Lygaeidae,Pachybrachius,Pachybrachius_fracticollis,8
Lygaeidae,Pachybrachius,Pachybrachius_insularis,8
Lygaeidae,Pachybrachius,Pachybrachius_lateralis,8
Lygaeidae,Pachybrachius,Pachybrachius_limbatus,8
Lygaeidae,Pachybrachius,Pachybrachius_nesovinctus,8
Lygaeidae,Pachybrachius,Pachybrachius_nietneri,8
Lygaeidae,Pachybrachius,Pachybrachius_sp._(GGES-10),8
Lygaeidae,Pachybrachius,Pachybrachius_sp._(GGES-8),8
Lygaeidae,Pachybrachius,Pachybrachius_sp._(GGES-9),8
Lygaeidae,Pachybrachius,Pachybrachius_sp._(MLY-2),8
Lygaeidae,Pachybrachius,Pachybrachius_sp._(PDA-46),8
Lygaeidae,Pachybrachius,Pachybrachius_vinctus,8
Lygaeidae,Plinthisus,Plinthisus_compactus,8
Lygaeidae,Plinthisus,Plinthisus_longisetosus,8
Lygaeidae,Plinthisus,Plinthisus_sp._(C-27),8
Lygaeidae,Plinthisus,Plinthisus_sp._(E-23),8
Lygaeidae,Plinthisus,Plinthisus_sp._(U-120),8
Lygaeidae,Pseudocnemodus,Pseudocnemodus_canadensis,8
Lygaeidae,Ptochiomera,Ptochiomera_nodosa,8
Lygaeidae,Scolopostethus,Scolopostethus_sp.,8
Lygaeidae,Sphaerobius,Sphaerobius_insignis,8
Lygaeidae,Stigmatonotum,Stigmatonotum_capucinum,8
Lygaeidae,Stigmatonotum,Stigmatonotum_rufipes,8
Lygaeidae,Stygnocoris,Stygnocoris_fuligineus,8
Lygaeidae,Stygnocoris,Stygnocoris_pygmaeus,8
Lygaeidae,Stygnocoris,Stygnocoris_sabulosus,8
Lygaeidae,Targarema,Targarema_stali,8
Lygaeidae,Togo,Togo_hemipterus,8
Lygaeidae,Trapezonotus,Trapezonotus_anorus,8
Lygaeidae,Trapezonotus,Trapezonotus_arenarius,8
Lygaeidae,Trichodrymus,Trichodrymus_sp.,8
Lygaeidae,Xyonysius,Xyonysius_basalis,8
Lygaeidae,Xyonysius,Xyonysius_californicus,8
Lygaeidae,Xyonysius,Xyonysius_naso,8
Lygaeidae,Zeridonius,Zeridonius_costalis,8
Ortheziidae,Praelongorthezia,Praelongorthezia_praelonga_,8
Pseudococcidae,Antonina,Antonina_graminis,8
Pseudococcidae,Laminicoccus,Laminicoccus_vitiensis,8
Pseudococcidae,Melanococcus,Melanococcus_viridis,8
Pseudococcidae,Planococcus,Planococcus_minor,8
Pseudococcidae,Trionymus ,Trionymus_aberrans,8
Pseudococcidae,Trionymus ,Trionymus_perrisii,8
Putoidae,Puto,Puto_paci_cus,8
Reduviidae,Empicoris,Empicoris_rubromaculatus,8
Rhopalidae,Liorhyssus,Liorhyssus_hyalinus,8
Stenocephalidae,Dicranocephalus,Dicranocephalus_lateralis,8
Urostylidae,Urostylus,Urostylus_pallida,8
Pentatomidae,Banasa,Banasa_dimidiata,8
Pentatomidae,Banasa,Banasa_euchlora,8
Pentatomidae,Banasa,Banasa_lenticularis,8
Pentatomidae,Banasa,Banasa_rolstoni,8
Pentatomidae,Caystrus,Caystrus_pallipes,8
Pentatomidae,Cosmopepla,Cosmopepla_carnifex,8
Pentatomidae,Dunnius,Dunnius_sp.,8
Pentatomidae,Dynorhynchus,Dynorhynchus_dybowskii,8
Pentatomidae,Eysarcoris,Eysarcoris_aeneus,8
Pentatomidae,Eysarcoris,Eysarcoris_fabricii,8
Pentatomidae,Gynenica,Gynenica_affinis,8
Pentatomidae,Niphe,Niphe_sp.,8
Pentatomidae,Palomena,Palomena_angulosa,8
Pentatomidae,Palomena,Palomena_prasina,8
Pentatomidae,Palomena,Palomena_reuteri,8
Pentatomidae,Palomena,Palomena_viridissima,8
Pentatomidae,Podisus,Podisus_distinctus,8
Pentatomidae,Podisus,Podisus_maculiventris,8
Pentatomidae,Podisus,Podisus_nigrispinus,8
Pentatomidae,Podisus,Podisus_placidus,8
Pentatomidae,Spermatodes,Spermatodes_sp.,8
Pentatomidae,Thyanta,Thyanta_custator,8
Pentatomidae,Thyanta,Thyanta_pallidovirens,8
Pentatomidae,Thyanta,Thyanta_sp.1,8
Psyllidae,Baeopelma,Baeopelma_foersteri,8
Psyllidae,Trioza,Trioza_ilicina,8
Psyllidae,Trioza,Trioza_remota,8
Aclerdidae,Aclerda,Aclerda_sp.,9
Alydidae,Leptocorisa,Leptocorisa_acuta,9
Alydidae,Leptocorisa,Leptocorisa_varicornis,9
Cerococcidae,Cerococcus  ,Cerococcus__quercus,9
Coccidae,Acanthopulvinaria ,Acanthopulvinaria_orientalis,9
Coccidae,Drepanococcus ,Drepanococcus_cajani_,9
Coccidae,Eulecanium,Eulecanium_ciliatum,9
Coccidae,Eulecanium,Eulecanium_douglasi_,9
Coccidae,Eulecanium,Eulecanium_tiliae,9
Coccidae,Lichtensia ,Lichtensia_viburni,9
Coccidae,Luzulaspis  ,Luzulaspis__dactylis,9
Coccidae,Pulvinaria ,Pulvinaria_polygonata,9
Coccidae,Pulvinaria ,Pulvinaria_ribesiae,9
Coccidae,Sphaerolecanium ,Sphaerolecanium_prunastri,9
Coreidae,Cletus,Cletus_punctiger,9
Coreidae,Cletus,Cletus_rusticus,9
Coreidae,Haploprocta,Haploprocta_sulcicornis,9
Coreidae,Pachylis,Pachylis_pharaonis,9
Diaspididae,Cooleyaspis,Cooleyaspis_praelonga,9
Diaspididae,Ledaspis,Ledaspis_tenuiloba,9
Diaspididae,Rolaspis,Rolaspis_anacantha,9
Eriococcidae,Apiomorpha,Apiomorpha_dipsaciformis,9
Eriococcidae,Apiomorpha,Apiomorpha_excupula,9
Eriococcidae,Apiomorpha,Apiomorpha_maliformis,9
Eriococcidae,Ascelis ,Ascelis_schraderi,9
Eriococcidae,Capulinia,Capulinia_jaboticabae,9
Eriococcidae,Capulinia,Capulinia_orbiculata,9
Eriococcidae,Cylindrococcus,Cylindrococcus_spiniferus_,9
Eriococcidae,Eriococcus,Eriococcus_araucariae,9
Eriococcidae,Eriococcus,Eriococcus_cavellii,9
Eriococcidae,Eriococcus,Eriococcus_coriaceus,9
Eriococcidae,Eriococcus,Eriococcus_detectus,9
Eriococcidae,Eriococcus,Eriococcus_hakeae,9
Eriococcidae,Eriococcus,Eriococcus_lecanioides,9
Eriococcidae,Eriococcus,Eriococcus_leptospermi,9
Eriococcidae,Lachnodius,Lachnodius_eucalypti_,9
Eriococcidae,Lachnodius,Lachnodius_lectularius,9
Eriococcidae,Madarococcus ,Madarococcus_viridulus,9
Eriococcidae,Opisthoscelis ,Opisthoscelis_convexa_,9
Eriococcidae,Opisthoscelis ,Opisthoscelis_maculata,9
Eriococcidae,Opisthoscelis ,Opisthoscelis_subrotunda,9
Eriococcidae,Phacelococcus,Phacelococcus_subcorticalis,9
Eriococcidae,Phloeococcus ,Phloeococcus_loriceus,9
Eriococcidae,Sisyrococcus ,Sisyrococcus_intermedius,9
Eriococcidae,Sphaerococcus,Sphaerococcus_socialis,9
Kerriidae,Kerria,Kerria_lacca,9
Lygaeidae,Appolonicus,Appolonicus_quadratus,9
Lygaeidae,Drymus,Drymus_pilicornis,9
Lygaeidae,Drymus,Drymus_sylvaticus,9
Lygaeidae,Hypogeocoris,Hypogeocoris_itonis,9
Lygaeidae,Ischnodemus,Ischnodemus_notandus,9
Lygaeidae,Macrodema,Macrodema_microptera,9
Lygaeidae,Neseis,Neseis_hiloensis_approximata,9
Lygaeidae,Oxycarenus,Oxycarenus_hyalinipennis,9
Lygaeidae,Oxycarenus,Oxycarenus_lactus,9
Lygaeidae,Oxycarenus,Oxycarenus_luctuosus,9
Lygaeidae,Pachygrontha,Pachygrontha_longiceps,9
Lygaeidae,Philomyrmex,Philomyrmex_insignis,9
Lygaeidae,Pionosomus,Pionosomus_varius,9
Lygaeidae,Pterotmetus,Pterotmetus_staphyliniformis,9
Lygaeidae,Sphragisticus,Sphragisticus_nebulosus,9
Lygaeidae,Stygnocoris,Stygnocoris_rusticus,9
Marchalinidae,Marchalina ,Marchalina_hellenica,9
Miridae,Helopeltis,Helopeltis_corbisieri,9
Nabidae,Dolichonabis,Dolichonabis_limbatus,9
Nabidae,Dolichonabis,Dolichonabis_lineatus,9
Nabidae,Himacerus,Himacerus_apterus,9
Nabidae,Lasiomerus,Lasiomerus_annulatus,9
Nabidae,Nabis,Nabis_americoferus,9
Nabidae,Nabis,Nabis_brevis,9
Nabidae,Nabis,Nabis_ericetorum,9
Nabidae,Nabis,Nabis_feroides,9
Nabidae,Nabis,Nabis_ferus,9
Nabidae,Nabis,Nabis_flavomarginatus,9
Nabidae,Nabis,Nabis_pseudoferus,9
Nabidae,Nabis,Nabis_reuteri,9
Nabidae,Nabis,Nabis_stenoferus,9
Ortheziidae,Orthezia,Orthezia_urticae_,9
Phoenicococcidae,Phoenicococcus ,Phoenicococcus_marlatti,9
Pseudococcidae,Nesopedronia ,Nesopedronia_acanthocauda,9
Pseudococcidae,Porococcus ,Porococcus_tinctorius_,9
Pseudococcidae,Pseudococcus,Pseudococcus_montanus,9
Pseudococcidae,Pseudotrionymus,Pseudotrionymus_multiductus,9
Coreidae,Cletus,Cletus_bipunctatus,10
Coreidae,Cletus,Cletus_punctiger,10
Coreidae,Cletus,Cletus_punctulatus,10
Coreidae,Cletus,Cletus_pungnator,10
Coreidae,Cletus,Cletus_rusticus,10
Coreidae,Cletus,Cletus_sp.,10
Coreidae,Cletus,Cletus_trigonus,10
Coreidae,Gonocerus,Gonocerus_acuteangulatus,10
Coreidae,Gonocerus,Gonocerus_juniperi_triquetricoris,10
Coreidae,Homoeocerus,Homoeocerus_unipunctatus,10
Dinidoridae,Megymenum,Megymenum_brevicorne,10
Dinidoridae,Megymenum,Megymenum_gracilicorne,10
Gerridae,Gerris,Gerris_gracilicornis,10
Hebridae,Hebrus,Hebrus_ruficeps,10
Hydrometridae,Hydrometra,Hydrometra_lineata,10
Hydrometridae,Hydrometra,Hydrometra_procera,10
Hydrometridae,Hydrometra,Hydrometra_sp.,10
Kerriidae,Tachardiella,Tachardiella_sp.,10
Lygaeidae,Drymus,Drymus_brunneus,10
Lygaeidae,Drymus,Drymus_unus,10
Lygaeidae,Eremocoris,Eremocoris_abietis,10
Lygaeidae,Eremocoris,Eremocoris_dimidiatus,10
Lygaeidae,Eremocoris,Eremocoris_ferus,10
Lygaeidae,Eremocoris,Eremocoris_inquilinus,10
Lygaeidae,Eremocoris,Eremocoris_opacus,10
Lygaeidae,Eremocoris,Eremocoris_plebejus,10
Lygaeidae,Gastrodes,Gastrodes_grossipes,10
Lygaeidae,Geocoris,Geocoris_ater,10
Lygaeidae,Geocoris,Geocoris_atricolor,10
Lygaeidae,Geocoris,Geocoris_bullatus,10
Lygaeidae,Geocoris,Geocoris_lapponicus,10
Lygaeidae,Geocoris,Geocoris_megacephalus,10
Lygaeidae,Geocoris,Geocoris_pallens,10
Lygaeidae,Geocoris,Geocoris_sp.,10
Lygaeidae,Geocoris,Geocoris_sp._(PDA-43),10
Lygaeidae,Piocoris,Piocoris_stellatus,10
Lygaeidae,Scolopostethus,Scolopostethus_affinis,10
Lygaeidae,Scolopostethus,Scolopostethus_decoratus,10
Lygaeidae,Scolopostethus,Scolopostethus_pacificus,10
Lygaeidae,Scolopostethus,Scolopostethus_pictus,10
Lygaeidae,Scolopostethus,Scolopostethus_thomsoni,10
Lygaeidae,Stilbocoris,Stilbocoris_sp._(GGES-14),10
Lygaeidae,Stilbocoris,Stilbocoris_sp._(GGES-15),10
Lygaeidae,Stilbocoris,Stilbocoris_sp._(GGES-16),10
Lygaeidae,Stilbocoris,Stilbocoris_sp._(PDA-34),10
Miridae,Adelophocoris,Adelophocoris_rubripes,10
Miridae,Helopeltis,Helopeltis_schoutedeni,10
Nabidae,Nabis,Nabis_ericetorum,10
Nabidae,Nabis,Nabis_rugosus,10
Pseudococcidae,Spilococcus ,Spilococcus_mamillariae,10
Pseudococcidae,Spilococcus ,Spilococcus_mamillariae,10
Putoidae,Puto,Puto_albicans,10
Putoidae,Puto,Puto_arctostaphyli,10
Putoidae,Puto,Puto_yuccae,10
Reduviidae,Brace,Brace_fraterna,10
Reduviidae,Ectrychotes,Ectrychotes_dispar,10
Saldidae,Chiloxanthus,Chiloxanthus_pilosus,10
Aleyrodidae,Bemisia,Bemisia_tabaci,11
Aleyrodidae,Trialeurodes,Trialeurodes_vaporarium,11
Cimicidae,Cimex,Cimex_incrassatus,11
Coreidae,Acanthocephala,Acanthocephala_granulosa,11
Coreidae,Acanthocephala,Acanthocephala_terminalis,11
Coreidae,Anacanthocoris,Anacanthocoris_concoloratus,11
Coreidae,Anasa,Anasa_sp.,11
Coreidae,Anasa,Anasa_tristis,11
Coreidae,Centrocoris,Centrocoris_spiniger,11
Coreidae,Centrocoris,Centrocoris_variegatus,11
Coreidae,Chelinidea,Chelinidea_vittiger,11
Coreidae,Coreus,Coreus_marginatus,11
Coreidae,Crinocerus,Crinocerus_sanctus,11
Coreidae,Diactor,Diactor_bilineatus,11
Coreidae,Elasmomia,Elasmomia_granulipes,11
Coreidae,Enoplops,Enoplops_cornutus,11
Coreidae,Euthochtha,Euthochtha_galeator,11
Coreidae,Homoeocerus,Homoeocerus_borealis,11
Coreidae,Homoeocerus,Homoeocerus_dilatatus,11
Coreidae,Homoeocerus,Homoeocerus_indus,11
Coreidae,Homoeocerus,Homoeocerus_lacertorsis,11
Coreidae,Homoeocerus,Homoeocerus_prominulus,11
Coreidae,Homoeocerus,Homoeocerus_signatus,11
Coreidae,Homoeocerus,Homoeocerus_simidus,11
Coreidae,Homoeocerus,Homoeocerus_sp.,11
Coreidae,Homoeocerus,Homoeocerus_sp.,11
Coreidae,Hygia,Hygia_opaca,11
Coreidae,Leptoglossus,Leptoglossus_dilatiocollis,11
Coreidae,Leptoglossus,Leptoglossus_gonagra,11
Coreidae,Leptoglossus,Leptoglossus_phyllopus,11
Coreidae,Leptoglossus,Leptoglossus_stigma,11
Coreidae,Molipteryx,Molipteryx_fuliginosa,11
Coreidae,Ochrochira,Ochrochira_albiditarsis,11
Coreidae,Phthia,Phthia_picta,11
Dinidoridae,Dinidor,Dinidor_rufocinctus,11
Dipsocoridae,Pachycoleus,Pachycoleus_rufescens,11
Gerridae,Gerris,Gerris_asper,11
Gerridae,Gerris,Gerris_costai,11
Gerridae,Gerris,Gerris_gibbifer,11
Gerridae,Gerris,Gerris_lacustris,11
Gerridae,Gerris,Gerris_lateralis,11
Gerridae,Gerris,Gerris_marginatus,11
Gerridae,Gerris,Gerris_najas,11
Gerridae,Gerris,Gerris_sp.,11
Lygaeidae,Cymoninus,Cymoninus_notabilis,11
Lygaeidae,Cymoninus,Cymoninus_turaensis,11
Lygaeidae,Lygaeus,Lygaeus_simlus,11
Lygaeidae,Nesocymus,Nesocymus_calvus,11
Lygaeidae,Ninomimus,Ninomimus_flavipes,11
Lygaeidae,Nysius,Nysius_tenellus,11
Lygaeidae,Oncopeltus,Oncopeltus_famelicus,11
Lygaeidae,Thylochromus,Thylochromus_nitidulus,11
Miridae,Adelophocoris,Adelophocoris_variabilis,11
Miridae,Malacocoris,Malacocoris_chlorizana,11
Reduviidae,Androclus,Androclus_pictus,11
Reduviidae,Ectomocoris,Ectomocoris_atrox,11
Reduviidae,Reduvius,Reduvius_personatus,11
Veliidae,Hebrovelia,Hebrovelia_sp.,11
Veliidae,Microvelia,Microvelia_douglasi,11
Veliidae,Microvelia,Microvelia_reticulata,11
Psyllidae,Ctenoneossa,Ctenoneossa_eucalypti,11
Psyllidae,Livia,Livia_juncorum,11
Psyllidae,Livilla,Livilla_radiata,11
Psyllidae,Pachypsylla,Pachypsylla_celtidisgemma,11
Psyllidae,Psylla,Psylla_corcontum,11
Psyllidae,Psyllopsis,Psyllopsis_discrepans,11
Psyllidae,Psyllopsis,Psyllopsis_fraxini,11
Psyllidae,Psyllopsis,Psyllopsis_fraxinicola,11
Psyllidae,Psyllopsis,Psyllopsis_meliphila,11
Anthocoridae,Orius,Orius_sp.,12
Aradidae,Isodermus,Isodermus_gayi,12
Asterolecaniidae,Asterodiaspis ,Asterodiaspis_quercicola_,12
Cimicidae,Cimex,Cimex_antennatus,12
Cimicidae,Latrocimex,Latrocimex_spectans,12
Cimicidae,Leptocimex,Leptocimex_duplicatus,12
Cimicidae,Leptocimex,Leptocimex_inordinatus,12
Cimicidae,Stricticimex,Stricticimex_antennatus,12
Coreidae,Acanthocephala,Acanthocephala_femorata,12
Coreidae,Cletomorpha,Cletomorpha_hastata,12
Coreidae,Coreus,Coreus_marginatus,12
Coreidae,Coreus,Coreus_marginatus,12
Coreidae,Coriomeris,Coriomeris_denticulatus,12
Coreidae,Enoplops,Enoplops_scapha,12
Coreidae,Hygia,Hygia_sp.,12
Coreidae,Margus,Margus_inconspicuus,12
Coreidae,Syromastus,Syromastus_rhombeus_quadrata,12
Corixidae,Arctocorisa,Arctocorisa_carinata,12
Corixidae,Arctocorisa,Arctocorisa_germari,12
Corixidae,Callicorixa,Callicorixa_concinna,12
Corixidae,Callicorixa,Callicorixa_praeusta,12
Corixidae,Callicorixa,Callicorixa_wollastorni,12
Corixidae,Corixa,Corixa_dentipes,12
Corixidae,Corixa,Corixa_puntata,12
Corixidae,Glaenocorisa,Glaenocorisa_cavifrons,12
Corixidae,Hesperocorixa,Hesperocorixa_castanea,12
Corixidae,Hesperocorixa,Hesperocorixa_linnei,12
Corixidae,Hesperocorixa,Hesperocorixa_sahlbergi,12
Corixidae,Krizousacorixa,Krizousacorixa_femorata,12
Corixidae,Micronecta,Micronecta_griseola,12
Corixidae,Micronecta,Micronecta_poweri,12
Corixidae,Micronecta,Micronecta_scholtzi,12
Corixidae,Sigara,Sigara_distincta,12
Corixidae,Sigara,Sigara_dorsalis,12
Corixidae,Sigara,Sigara_falleni,12
Corixidae,Sigara,Sigara_fossarum,12
Corixidae,Sigara,Sigara_lateralis,12
Corixidae,Sigara,Sigara_nigrolineata,12
Corixidae,Sigara,Sigara_scotti,12
Corixidae,Sigara,Sigara_semistriata,12
Corixidae,Sigara,Sigara_sp.,12
Corixidae,Sigara,Sigara_striata,12
Eriococcidae,Scutare ,Scutare_lanuginosa,12
Gerridae,Gerris,Gerris_adelaidis,12
Gerridae,Gerris,Gerris_paludum,12
Gerridae,Gerris,Gerris_paludum,12
Gerridae,Limnogonus,Limnogonus_fossarum,12
Gerridae,Neogerris,Neogerris_parvulus,12
Joppeicidae,Joppeicus,Joppeicus_paradoxus,12
Lygaeidae,Clerada,Clerada_apicicornis,12
Lygaeidae,Pachygrontha,Pachygrontha_barberi,12
Miridae,Adelophocoris,Adelophocoris_sturalis,12
Miridae,Adelophocoris,Adelophocoris_triannulatus,12
Miridae,Blepharidopterus,Blepharidopterus_angulatus,12
Miridae,Cyllecoris,Cyllecoris_histrionicus,12
Miridae,Orthops,Orthops_campestris,12
Miridae,Orthotylus,Orthotylus_ericetorum,12
Naucoridae,Ambrysus,Ambrysus_mormon,12
Naucoridae,Ambrysus,Ambrysus_pulchellus,12
Notonectidae,Notonecta,Notonecta_glauca,12
Notonectidae,Notonecta,Notonecta_insulata,12
Notonectidae,Notonecta,Notonecta_irrorata,12
Notonectidae,Notonecta,Notonecta_karbyi,12
Notonectidae,Notonecta,Notonecta_maculata,12
Notonectidae,Notonecta,Notonecta_triguttata,12
Pleidae,Plea,Plea_atomaria,12
Pleidae,Plea,Plea_frontalis,12
Pleidae,Plea,Plea_matidusa,12
Pseudococcidae,Antonina,Antonina_pretiosa,12
Pseudococcidae,Spilococcus ,Spilococcus_sequoiae_,12
Reduviidae,Apiomeris,Apiomeris_crassipes,12
Reduviidae,Apiomeris,Apiomeris_flacicentris,12
Reduviidae,Apiomeris,Apiomeris_sp.,12
Reduviidae,Apiomeris,Apiomeris_spissipes,12
Reduviidae,Ectomocoris,Ectomocoris_cordiger,12
Reduviidae,Ectomocoris,Ectomocoris_ochropterus,12
Reduviidae,Heniartes,Heniartes_huacapistana,12
Reduviidae,Oncocephalus,Oncocephalus_impudicus,12
Reduviidae,Pygolampis,Pygolampis_foeda,12
Reduviidae,Rasahus,Rasahus_thoracicus,12
Psyllidae,Cacopsylla,Cacopsylla_mali,12
Psyllidae,Pachypsylla,Pachypsylla_venusta,12
Aleyrodidae,Aleurotulus ,Aleurotulus_nephrolepidis,13
Cimicidae,Afrocimex,Afrocimex_leleupi,13
Coccidae,Pulvinaria ,Pulvinaria_aurantii_,13
Coreidae,Acanthocoris,Acanthocoris_scabrator,13
Coreidae,Acanthocoris,Acanthocoris_sordidus,13
Coreidae,Catorintha,Catorintha_sp.,13
Coreidae,Chareiesterus,Chareiesterus_antennator,13
Coreidae,Chareiesterus,Chareiesterus_armatus,13
Coreidae,Corynocoris,Corynocoris_distinctus,13
Corixidae,Cymatia,Cymatia_borsdorffi,13
Cydnidae,Scaptocoris,Scaptocoris_castaneus,13
Eriococcidae,Apiomorpha,Apiomorpha_duplex,13
Kermesidae,Kermes ,Kermes_quercus,13
Miridae,Adelophocoris,Adelophocoris_sp.,13
Miridae,Hallodapus,Hallodapus_linnaevuori,13
Miridae,Orthotylus,Orthotylus_flavosparsus,13
Miridae,Orthotylus,Orthotylus_nassatus,13
Notonectidae,Notonecta,Notonecta_indica,13
Notonectidae,Notonecta,Notonecta_shooteri,13
Notonectidae,Notonecta,Notonecta_undulata,13
Reduviidae,Bactrodes,Bactrodes_femoratus,13
Reduviidae,Pygolampis,Pygolampis_foeda,13
Reduviidae,Staliastes,Staliastes_rufus,13
Reduviidae,Zelus,Zelus_exsanguis,13
Veliidae,Velia,Velia_caprai,13
Veliidae,Velia,Velia_sp.,13
Pentatomidae,Banasa,Banasa_alboapicata,13
Pentatomidae,Banasa,Banasa_angulobata,13
Pentatomidae,Banasa,Banasa_bidens,13
Pentatomidae,Banasa,Banasa_calva,13
Pentatomidae,Banasa,Banasa_centralis,13
Pentatomidae,Banasa,Banasa_derivata,13
Pentatomidae,Banasa,Banasa_excavata,13
Pentatomidae,Banasa,Banasa_minor,13
Pentatomidae,Banasa,Banasa_packardii,13
Pentatomidae,Banasa,Banasa_salvini,13
Pentatomidae,Banasa,Banasa_sordida,13
Pentatomidae,Banasa,Banasa_subcarnea,13
Pentatomidae,Banasa,Banasa_zeteki,13
Psyllidae,Aacanthocnema,Aacanthocnema_dobsoni,13
Psyllidae,Acizzia,Acizzia_acaciaebaileyanae,13
Psyllidae,Acizzia,Acizzia_jamatonica,13
Psyllidae,Acizzia,Acizzia_loranthacae,13
Psyllidae,Acizzia,Acizzia_uncatoides,13
Psyllidae,Aphalara,Aphalara_calthae,13
Psyllidae,Aphalara,Aphalara_exilis,13
Psyllidae,Aphalara,Aphalara_maculipennis,13
Psyllidae,Aphalara,Aphalara_osmanica,13
Psyllidae,Aphalara,Aphalara_polygoni,13
Psyllidae,Aphalara,Aphalara_rumicicola,13
Psyllidae,Arytaina,Arytaina_genistae,13
Psyllidae,Arytainilla,Arytainilla_cystisi,13
Psyllidae,Bactericera,Bactericera_acutipennis,13
Psyllidae,Bactericera,Bactericera_curvatinervis,13
Psyllidae,Bactericera,Bactericera_femoralis,13
Psyllidae,Bactericera,Bactericera_maura,13
Psyllidae,Bactericera,Bactericera_rueteri,13
Psyllidae,Bactericera,Bactericera_salicivora,13
Psyllidae,Bactericera,Bactericera_striola,13
Psyllidae,Cacopsylla,Cacopsylla_alaterni,13
Psyllidae,Cacopsylla,Cacopsylla_ambigua,13
Psyllidae,Cacopsylla,Cacopsylla_coccinea,13
Psyllidae,Cacopsylla,Cacopsylla_crataegi,13
Psyllidae,Cacopsylla,Cacopsylla_elaeagnicola,13
Psyllidae,Cacopsylla,Cacopsylla_hippophaes,13
Psyllidae,Cacopsylla,Cacopsylla_koreana,13
Psyllidae,Cacopsylla,Cacopsylla_melanoneura,13
Psyllidae,Cacopsylla,Cacopsylla_moscovita,13
Psyllidae,Cacopsylla,Cacopsylla_nebulosa,13
Psyllidae,Cacopsylla,Cacopsylla_palmeni,13
Psyllidae,Cacopsylla,Cacopsylla_parvipennis,13
Psyllidae,Cacopsylla,Cacopsylla_peregrina,13
Psyllidae,Cacopsylla,Cacopsylla_permixta,13
Psyllidae,Cacopsylla,Cacopsylla_pruni,13
Psyllidae,Cacopsylla,Cacopsylla_pulchella,13
Psyllidae,Cacopsylla,Cacopsylla_pulchra,13
Psyllidae,Cacopsylla,Cacopsylla_pyri,13
Psyllidae,Cacopsylla,Cacopsylla_pyricola,13
Psyllidae,Cacopsylla,Cacopsylla_saliceti,13
Psyllidae,Cacopsylla,Cacopsylla_sorbi,13
Psyllidae,Cacopsylla,Cacopsylla_ulmi,13
Psyllidae,Cacopsylla,Cacopsylla_zetterstedi,13
Psyllidae,Calophyla,Calophyla_nigripennis,13
Psyllidae,Calophyla,Calophyla_rubra,13
Psyllidae,Camarotoscena,Camarotoscena_speciosa,13
Psyllidae,Craspedolepta,Craspedolepta_flavipennus,13
Psyllidae,Craspedolepta,Craspedolepta_latior,13
Psyllidae,Craspedolepta,Craspedolepta_malachitica,13
Psyllidae,Craspedolepta,Craspedolepta_nebulosa,13
Psyllidae,Craspedolepta,Craspedolepta_nervosa,13
Psyllidae,Craspedolepta,Craspedolepta_omissia,13
Psyllidae,Craspedolepta,Craspedolepta_sonchi,13
Psyllidae,Craspedolepta,Craspedolepta_subpunctata,13
Psyllidae,Cyamophila,Cyamophila_caraganae,13
Psyllidae,Cyamophila,Cyamophila_cinnamomea,13
Psyllidae,Cyamophila,Cyamophila_willieti,13
Psyllidae,Diaphorina,Diaphorina_chobauti,13
Psyllidae,Diaphorina,Diaphorina_lamproptera,13
Psyllidae,Dynopsylla,Dynopsylla_pinnativena,13
Psyllidae,Euphalerus,Euphalerus_robinae,13
Psyllidae,Euphyllura,Euphyllura_olivina,13
Psyllidae,Heteropsylla,Heteropsylla_cubana,13
Psyllidae,Homotoma,Homotoma_ficus,13
Psyllidae,Lauritrioza,Lauritrioza_alacris,13
Psyllidae,Leptynoptera,Leptynoptera_sulfurea,13
Psyllidae,Livilla,Livilla_variegata,13
Psyllidae,Macrohomotoma,Macrohomotoma_gladiata,13
Psyllidae,Megatrioza,Megatrioza_hirsuta,13
Psyllidae,Mycopsylla,Mycopsylla_fici,13
Psyllidae,Pachypsylla,Pachypsylla_celtidisasterica,13
Psyllidae,Pachypsylla,Pachypsylla_celtidismamma,13
Psyllidae,Pachypsylla,Pachypsylla_cestisdisvesiculum,13
Psyllidae,Paurocephala,Paurocephala_chonchoinensis,13
Psyllidae,Paurocephala,Paurocephala_sauteri,13
Psyllidae,Paurocephala,Paurocephala_trematos,13
Psyllidae,Protyora,Protyora_sterculiae,13
Psyllidae,Psylla,Psylla_alni,13
Psyllidae,Psylla,Psylla_alpina,13
Psyllidae,Psylla,Psylla_betulae,13
Psyllidae,Psylla,Psylla_betulananae,13
Psyllidae,Psylla,Psylla_buxi,13
Psyllidae,Psylla,Psylla_fasciata,13
Psyllidae,Psylla,Psylla_fusca,13
Psyllidae,Psylla,Psylla_hartigii,13
Psyllidae,Psylla,Psylla_ledi,13
Psyllidae,Psylla,Psylla_sp.,13
Psyllidae,Psylla,Psylla_sp.,13
Psyllidae,Psyllopsis,Psyllopsis_avicularis,13
Psyllidae,Strophingia,Strophingia_ericae,13
Psyllidae,Strophingia,Strophingia_hispanica,13
Psyllidae,Sympauropsylla,Sympauropsylla_triozoneura,13
Psyllidae,Tenaphalara,Tenaphalara_acutipennis,13
Psyllidae,Tretragonocephala,Tretragonocephala_flava,13
Psyllidae,Trichochermes,Trichochermes_walkeri,13
Psyllidae,Trioza,Trioza_abdominalis,13
Psyllidae,Trioza,Trioza_anthrisci,13
Psyllidae,Trioza,Trioza_chenopodii,13
Psyllidae,Trioza,Trioza_cirsii,13
Psyllidae,Trioza,Trioza_dispar,13
Psyllidae,Trioza,Trioza_eugeninae,13
Psyllidae,Trioza,Trioza_flavipennis,13
Psyllidae,Trioza,Trioza_fletcheri,13
Psyllidae,Trioza,Trioza_munda,13
Psyllidae,Trioza,Trioza_rumicis,13
Psyllidae,Trioza,Trioza_senecionis,13
Psyllidae,Trioza,Trioza_urticae,13
Psyllidae,Trioza,Trioza_vitiensis,13
Aleyrodidae,Aleyrodes,Aleyrodes_proletella_,14
Aradidae,Mezira,Mezira_pacifica,14
Berytidae,Berytimus,Berytimus_minor,14
Cimicidae,Bucimex,Bucimex_chilensis,14
Coccidae,Rhizopulvinaria ,Rhizopulvinaria_variabilis,14
Coreidae,Anisocelis,Anisocelis_faliacea,14
Coreidae,Holymenia,Holymenia_clavigera,14
Coreidae,Ochrochira,Ochrochira_sp.,14
Eriococcidae,Gossyparia,Gossyparia_spuria,14
Hebridae,Merragata,Merragata_hebroides,14
Leptopodidae,Leptopus,Leptopus_marmoratus,14
Lygaeidae,Cymus,Cymus_claviculus,14
Lygaeidae,Cymus,Cymus_glandicolor,14
Lygaeidae,Cymus,Cymus_sp.,14
Miridae,Adelophocoris,Adelophocoris_tenebrosis,14
Miridae,Distantiella,Distantiella_theobroma,14
Miridae,Orthocephalus,Orthocephalus_sp.,14
Miridae,Orthotylus,Orthotylus_marginalis,14
Miridae,Pilophorus,Pilophorus_setulosus,14
Miridae,Sahlbergella,Sahlbergella_singularis,14
Notonectidae,Anisops,Anisops_fieberi,14
Notonectidae,Anisops,Anisops_nivea,14
Notonectidae,Anisops,Anisops_sardea,14
Reduviidae,Fitchia,Fitchia_spinulosa,14
Reduviidae,Macrocephalus,Macrocephalus_barberi,14
Reduviidae,Oncocephalus,Oncocephalus_nubilus,14
Reduviidae,Pnirontis,Pnirontis_modesta,14
Reduviidae,Prionidus,Prionidus_cristatus,14
Reduviidae,Reduvius,Reduvius_senilis,14
Reduviidae,Rocconota,Rocconota_anulicornis,14
Reduviidae,Sirthenea,Sirthenea_sp.,14
Anthocoridae,Anthocoris,Anthocoris_gallarum-ulmi,15
Anthocoridae,Anthocoris,Anthocoris_nemoralis,15
Anthocoridae,Anthocoris,Anthocoris_nemorum,15
Belostomatidae,Abedus,Abedus_indentatus,15
Cimicidae,Cimex,Cimex_columbarius,15
Cimicidae,Cimex,Cimex_latipennis,15
Cimicidae,Primicimex,Primicimex_cavernis,15
Coreidae,Petillia,Petillia_calcar,15
Coreidae,Petillia,Petillia_notatipes,15
Lygaeidae,Cymodema,Cymodema_sp.,15
Lygaeidae,Cymus,Cymus_angustatus,15
Lygaeidae,Cymus,Cymus_coriacipennis,15
Lygaeidae,Cymus,Cymus_luridus,15
Lygaeidae,Cymus,Cymus_sp.,15
Miridae,Adelophocoris,Adelophocoris_rapidus,15
Miridae,Orthocephalus,Orthocephalus_funestus,15
Miridae,Orthotylus,Orthotylus_adenocarpi,15
Miridae,Plagiognathus,Plagiognathus_chrysanthemi,15
Miridae,Psallus,Psallus_ambiguus,15
Miridae,Psallus,Psallus_betuleti,15
Miridae,Psallus,Psallus_variabilis,15
Naucoridae,Limnocoris,Limnocoris_sp.,15
Reduviidae,Acholla,Acholla_multispinosa,15
Reduviidae,Pselliopus,Pselliopus_cinctus,15
Reduviidae,Sinea,Sinea_complexa,15
Reduviidae,Sinea,Sinea_confusa,15
Reduviidae,Sinea,Sinea_diadema,15
Reduviidae,Sinea,Sinea_spinipes,15
Anthocoridae,Amphiareus,Amphiareus_obscuriceps,16
Aradidae,Dysodius,Dysodius_lunatus,16
Cimicidae,Cimex,Cimex_hemipterus,16
Cimicidae,Cimex,Cimex_insuetus,16
Cimicidae,Cimex,Cimex_japonicus,16
Cimicidae,Cimex,Cimex_pilosellus,16
Cimicidae,Cimex,Cimex_pipistrelli,16
Cimicidae,Cimex,Cimex_stadleri,16
Cimicidae,Haematosiphon,Haematosiphon_inodorus,16
Cimicidae,Oeciacus,Oeciacus_hirundinis,16
Cimicidae,Oeciacus,Oeciacus_vicarius,16
Cimicidae,Psitticimex,Psitticimex_uritui,16
Cimicidae,Synxenoderus,Synxenoderus_comosus,16
Coccidae,Ceroplastes,Ceroplastes_actiniformes,16
Cydnidae,Stibaropus,Stibaropus_molginus,16
Eriococcidae,Apiomorpha,Apiomorpha_malleeacola,16
Miridae,Adelophocoris,Adelophocoris_lineolatus,16
Miridae,Amblytylus,Amblytylus_nasutus,16
Miridae,Atractotomus,Atractotomus_mali,16
Miridae,Calocoris,Calocoris_norvegicus,16
Miridae,Calocoris,Calocoris_sexguttatus,16
Miridae,Chlamydatus,Chlamydatus_evanescens,16
Miridae,Chlamydatus,Chlamydatus_pullus,16
Miridae,Chlamydatus,Chlamydatus_wilkinsoni,16
Miridae,Conostethus,Conostethus_brevis,16
Miridae,Creontiades,Creontiades_tricolor,16
Miridae,Eurystylus,Eurystylus_coelestialium,16
Miridae,Lopus,Lopus_decolor,16
Miridae,Megacoelum,Megacoelum_infusum,16
Miridae,Megalocoleus,Megalocoleus_molliculus,16
Miridae,Megalocoleus,Megalocoleus_pilosus,16
Miridae,Oncotylus,Oncotylus_viridiflavus,16
Miridae,Onomaus,Onomaus_lautus,16
Miridae,Phylus,Phylus_melacocephalus,16
Miridae,Phytocoris,Phytocoris_ulmi,16
Miridae,Plagiognathus,Plagiognathus_albipennis,16
Miridae,Plagiognathus,Plagiognathus_arbustorum,16
Miridae,Plagiognathus,Plagiognathus_chrysanthemi,16
Miridae,Plagiognathus,Plagiognathus_sp.,16
Miridae,Plagiognathus,Plagiognathus_yomogi,16
Miridae,Psallus,Psallus_perrisi,16
Miridae,Psallus,Psallus_sp.,16
Miridae,Psallus,Psallus_varians,16
Miridae,Psallus,Psallus_wagneri,16
Miridae,Stenodema,Stenodema_laevigatum,16
Miridae,Stenotus,Stenotus_binotatus,16
Reduviidae,Pasiropsis,Pasiropsis_sp.,16
Cimicidae,Caminicimex,Caminicimex_furnarii,17
Coccidae,Neolecanium,Neolecanium_cornuparvum,17
Miridae,Apolygus,Apolygus_adustus_hilaris,17
Miridae,Apolygus,Apolygus_sp.,17
Miridae,Bryocoropsis,Bryocoropsis_laticollis,17
Miridae,Calocoris,Calocoris_fulvomaculatus,17
Miridae,Calocoris,Calocoris_norvegicus,17
Miridae,Camptobrochis,Camptobrochis_lutescens,17
Miridae,Camptozygum,Camptozygum_pinastri,17
Miridae,Capsus,Capsus_ater,17
Miridae,Charagochilus,Charagochilus_angusticolis,17
Miridae,Deraeocoris,Deraeocoris_lutescens,17
Miridae,Deraeocoris,Deraeocoris_olivaceus,17
Miridae,Heterotoma,Heterotoma_merioptera,17
Miridae,Horicias,Horicias_dislocatus,17
Miridae,Leptopterna,Leptopterna_dolabratus,17
Miridae,Lygocoris,Lygocoris_contaminatus,17
Miridae,Lygocoris,Lygocoris_honshuensis,17
Miridae,Lygocoris,Lygocoris_lucorum,17
Miridae,Lygocoris,Lygocoris_pabulinus,17
Miridae,Lygocoris,Lygocoris_viridis,17
Miridae,Lygus,Lygus_pratensis,17
Miridae,Lygus,Lygus_rugulipennis,17
Miridae,Lygus,Lygus_sp.,17
Miridae,Lygus,Lygus_tripustulatus,17
Miridae,Macrotylus,Macrotylus_paykulli,17
Miridae,Megaloceroea,Megaloceroea_recticornis,17
Miridae,Monalocoris,Monalocoris_filicis,17
Miridae,Orthops,Orthops_saundersi,17
Miridae,Phytocoris,Phytocoris_longipennis,17
Miridae,Phytocoris,Phytocoris_reuteri,17
Miridae,Phytocoris,Phytocoris_tiliae,17
Miridae,Phytocoris,Phytocoris_varipes,17
Miridae,Plagiognathus,Plagiognathus_arbustorum,17
Miridae,Polymerus,Polymerus_palustris,17
Miridae,Stenodema,Stenodema_calcarata,17
Miridae,Stenotus,Stenotus_binotatus,17
Miridae,Trigonotylus,Trigonotylus_coelestialiurri,17
Nabidae,Himacerus,Himacerus_myrmicoides,17
Naucoridae,Naucoris,Naucoris_conspersus,17
Reduviidae,Bagauda,Bagauda_lucifugus,17
Reduviidae,Sinea,Sinea_rileyi,17
Saldidae,Salda,Salda_littoralis,17
Cimicidae,Cimex,Cimex_adjunctus,18
Cimicidae,Cimex,Cimex_brevis,18
Coccidae,Ceroplastes,Ceroplastes_oridensis,18
Coccidae,Ceroplastes,Ceroplastes_ceriferus,18
Coccidae,Ceroplastes,Ceroplastes_japonicus,18
Coccidae,Ceroplastes,Ceroplastes_pseudoceriferus,18
Coccidae,Ceroplastes,Ceroplastes_rubens,18
Miridae,Deraeocoris,Deraeocoris_pallidus,18
Nepidae,Nepa,Nepa_rubra,18
Nepidae,Nepa,Nepa_rubra,18
Saldidae,Saldula,Saldula_album,18
Saldidae,Saldula,Saldula_comatula,18
Saldidae,Saldula,Saldula_pallipes,18
Saldidae,Saldula,Saldula_pulustris,18
Saldidae,Saldula,Saldula_saltatoria,18
Saldidae,Saldula,Saldula_saltatoria,18
Eriococcidae,Apiomorpha,Apiomorpha_pedunculata,19
Gelastocoridae,Gelastocoris,Gelastocoris_oculatus,19
Mesoveliidae,Mesovelia,Mesovelia_furcata,19
Miridae,Dryophilocoris,Dryophilocoris_flavoquadrimaculatus,19
Pseudococcidae,Cataenococcus ,Cataenococcus_olivaceus,19
Pseudococcidae,Chlorococcus ,Chlorococcus_straussiae_,19
Cimicidae,Crassicimex,Crassicimex_pilosus,20
Cimicidae,Hesperocimex,Hesperocimex_cochimiensis,20
Cimicidae,Paracimex,Paracimex_caledoniae,20
Cimicidae,Paracimex,Paracimex_capitatus,20
Cimicidae,Paracimex,Paracimex_gerdheinrichi,20
Cimicidae,Paracimex,Paracimex_setosus,20
Cimicidae,Stricticimex,Stricticimex_parvus,20
Eriococcidae,Apiomorpha,Apiomorpha_withersi,20
Matsucoccidae,Matsucoccus ,Matsucoccus_gallicolus,20
Nabidae,Himacerus,Himacerus_apterus,20
Nepidae,Ranatra,Ranatra_sp.,20
Cimicidae,Hesperocimex,Hesperocimex_sonorensis,21
Cimicidae,Paracimex,Paracimex_inflatus,21
Cimicidae,Paracimex,Paracimex_philippinensis,21
Eriococcidae,Apiomorpha,Apiomorpha_hilli,21
Miridae,Stenotus,Stenotus_rubrovittatus,21
Nepidae,Laccotrephes,Laccotrephes_griseus,21
Nepidae,Laccotrephes,Laccotrephes_maculatus,21
Nepidae,Laccotrephes,Laccotrephes_maculatus,21
Cimicidae,Hesperocimex,Hesperocimex_coloradensis,22
Cimicidae,Paracimex,Paracimex_capitatus,22
Nepidae,Ranatra,Ranatra_elongata,22
Nepidae,Ranatra,Ranatra_filiformis,22
Nepidae,Laccotrephes,Laccotrephes_kohlii,23
Nepidae,Laccotrephes,Laccotrephes_maculatus,23
Nepidae,Ranatra,Ranatra_chinensis,23
Nepidae,Ranatra,Ranatra_chinensis,23
Nepidae,Ranatra,Ranatra_elongata,23
Nepidae,Ranatra,Ranatra_linearis,23
Miridae,Dicyphus,Dicyphus_epilobii,24
Miridae,Dicyphus,Dicyphus_globulifer,24
Miridae,Dicyphus,Dicyphus_stachydis,24
Saldidae,Saldula,Saldula_scotica,24
Miridae,Dicyphus,Dicyphus_stachydis,25
Cimicidae,Paracimex,Paracimex_borneensis,26
Naucoridae,Illyocoris,Illyocoris_cimicoides,26
Eriococcidae,Apiomorpha,Apiomorpha_attenuata,28
Eriococcidae,Apiomorpha,Apiomorpha_ovicola,31
Eriococcidae,Apiomorpha,Apiomorpha_tepperi_,32
Eriococcidae,Apiomorpha,Apiomorpha_variabilis,40
Eriococcidae,Apiomorpha,Apiomorpha_calycina,46
Eriococcidae,Apiomorpha,Apiomorpha_helmsii_,49
Eriococcidae,Apiomorpha,Apiomorpha_regularis_,54
Eriococcidae,Apiomorpha,Apiomorpha_sloanei,64
Eriococcidae,Apiomorpha,Apiomorpha_spinifer_,74
Eriococcidae,Apiomorpha,Apiomorpha_munita,77
Eriococcidae,Apiomorpha,Apiomorpha_longiloba,89
Eriococcidae,Apiomorpha,Apiomorpha_macqueeni,96
Miridae,Campylomma,Campylomma_verbasci,16
Miridae,Ceratocapsus,Ceratocapsus_incisus,10
Miridae,Ceratocapsus,Ceratocapsus_modestus,12
Miridae,Ceratocapsus,Ceratocapsus_nigellus,12
Miridae,Ceratocapsus,Ceratocapsus_pilosulus,12
Miridae,Chlamydatus,Chlamydatus_associatus,16
Miridae,Collaria,Collaria_meilleurii,7
Miridae,Criocoris,Criocoris_saliens,16
Miridae,Deraeocoris,Deraeocoris_albigulus,17
Miridae,Deraeocoris,Deraeocoris_aphidiphagus,17
Miridae,Deraeocoris,Deraeocoris_borealis,17
Miridae,Deraeocoris,Deraeocoris_fasciolus,17
Miridae,Deraeocoris,Deraeocoris_madosonensis,17
Miridae,Deraeocoris,Deraeocoris_nebulosus,17
Miridae,Deraeocoris,Deraeocoris_nitenatus,17
Miridae,Deraeocoris,Deraeocoris_quercicola,17
Miridae,Dichrooscytus,Dichrooscytus_viridicans,17
Miridae,Garganus,Garganus_fusiformis,17
Miridae,Halticus,Halticus_bracteatus,15
Miridae,Hyaliodes,Hyaliodes_brevis,18
Miridae,Hyaliodes,Hyaliodes_vitripennis,17
Miridae,Ilnacora,Ilnacora_malina,13
Miridae,Ilnacora,Ilnacora_stalii,13
Miridae,Labops,Labops_brooksi,20
Miridae,Lepidopsallus,Lepidopsallus_rostratus,16
Miridae,Litomiris,Litomiris_debilis,17
Miridae,Lopidea,Lopidea_incurva,40
Miridae,Lopidea,Lopidea_lathyri,40
Miridae,Lopidea,Lopidea_marginalis,40
Miridae,Lopidea,Lopidea_robiniae,40
Miridae,Lygocoris,Lygocoris_canadensis,17
Miridae,Lygocoris,Lygocoris_communis,17
Miridae,Lygocoris,Lygocoris_omnivagus,17
Miridae,Lygocoris,Lygocoris_quercalbae,17
Miridae,Lygocoris,Lygocoris_tinctus,17
Miridae,Lygus,Lygus_lineoparis,17
Miridae,Lygus,Lygus_vanduzeei,17
Miridae,Macrotylus,Macrotylus_quadrilineatus,18
Miridae,Microphylellus,Microphylellus_longirostris,17
Miridae,Monalocoris,Monalocoris_americanus,17
Miridae,Neurocolpus,Neurocolpus_jessiae,17
Miridae,Neurocolpus,Neurocolpus_rubidus,17
Miridae,Neurocolpus,Neurocolpus_tiliae,17
Miridae,Orectoderus,Orectoderus_obliguus,17
Miridae,Orthops,Orthops_campestris,17
Miridae,Orthotylus,Orthotylus_flavosparsus,14
Miridae,Orthotylus,Orthotylus_ornatus,14
Miridae,Parthenicus,Parthenicus_nigrellus,12
Miridae,Phytocoris,Phytocoris_conspurcatus,17
Miridae,Phytocoris,Phytocoris_depictus,17
Miridae,Phytocoris,Phytocoris_lasiomerus,17
Miridae,Phytocoris,Phytocoris_penipecten,17
Miridae,Pilophorus,Pilophorus_juniperi,15
Miridae,Pilophorus,Pilophorus_perplexus,15
Miridae,Pilophorus,Pilophorus_walshii,15
Miridae,Plagiognathus,Plagiognathus_delicantus,15
Miridae,Plagiognathus,Plagiognathus_dispar,16
Miridae,Plagiognathus,Plagiognathus_politus,17
Miridae,Poecilocapsus,Poecilocapsus_lineatus,17
Miridae,Polymerus,Polymerus_proximus,17
Miridae,Polymerus,Polymerus_venaticus,17
Miridae,Psallus,Psallus_backeri,16
Miridae,Psallus,Psallus_morrisoni,16
Miridae,Pseudoxenetus,Pseudoxenetus_scutellatus,15
Miridae,Reuteria,Reuteria_irrotata,13
Miridae,Slaterocoris,Slaterocoris_attritibialis,13
Miridae,Slaterocoris,Slaterocoris_breviatus,13
Miridae,Slaterocoris,Slaterocoris_stygicus,13
Miridae,Taedis,Taedis_scrupeus,17
Miridae,Trigonotylus,Trigonotylus_ruticornis,17
Miridae,Tropidosteptes,Tropidosteptes_amoenus,17
Naucoridae,Naucoris,Naucoris_maculatus,16
Naucoridae,Pelocoris,Pelocoris_femoratus,10
Ochteridae,Ochterus,Ochterus_marginatus,25
Reduviidae,Acholla,Acholla_ampliata,16
Reduviidae,Microtomus,Microtomus_conspicillaris,15