Order,Family,Genus,species,SCS,haploid
Odonata,Epiophlebiidae,Epiophlebia,Epiophlebia_superstes,XO,13
Odonata,Aeshnidae,Aeshna,Aeshna_canadensis,XO,14
Odonata,Aeshnidae,Aeshna,Aeshna_clepsydra,XO,14
Odonata,Aeshnidae,Aeshna,Aeshna_crenata,XO,14
Odonata,Aeshnidae,Aeshna,Aeshna_cyanea,XO,14
Odonata,Aeshnidae,Aeshna,Aeshna_grandis,XO,14
Odonata,Aeshnidae,Aeshna,Aeshna_grandis,XO,13
Odonata,Aeshnidae,Aeshna,Aeshna_isoceles,XO,14
Odonata,Aeshnidae,Aeshna,Aeshna_isoceles,XO,13
Odonata,Aeshnidae,Aeshna,Aeshna_juncea,XO,14
Odonata,Aeshnidae,Aeshna,Aeshna_mixta,XO,14
Odonata,Aeshnidae,Aeshna,Aeshna_mixta,XO,13
Odonata,Aeshnidae,Aeshna,Aeshna_nigroflava,XO,14
Odonata,Aeshnidae,Aeshna,Aeshna_palmata,XO,14
Odonata,Aeshnidae,Aeshna,Aeshna_subarctica,XO,14
Odonata,Aeshnidae,Aeshna,Aeshna_umbrosa,XO,14
Odonata,Aeshnidae,Aeshna,Aeshna_verticalis,XO,14
Odonata,Aeshnidae,Aeshna,Aeshna_walkeri,XO,14
Odonata,Aeshnidae,Aeshna,Anaciaeschna_jaspidea,XO,14
Odonata,Aeshnidae,Aeshna,Anax_amazili,XO,14
Odonata,Aeshnidae,Anax,Anax_concolor,XO,14
Odonata,Aeshnidae,Anax,Anax_ephippiger,XO,7
Odonata,Aeshnidae,Anax,Anax_guttatus,XO,8
Odonata,Aeshnidae,Anax,Anax_immaculifrons,XO,14
Odonata,Aeshnidae,Anax,Anax_imperator,XO,14
Odonata,Aeshnidae,Anax,Anax_junius,XO,14
Odonata,Aeshnidae,Anax,Anax_longipes,XO,14
Odonata,Aeshnidae,Anax,Anax_nigrofasciatus,XO,14
Odonata,Aeshnidae,Anax,Anax_nigrofasciatus,XO,13
Odonata,Aeshnidae,Anax,Anax_papuensis,XO,14
Odonata,Aeshnidae,Anax,Anax_parthenope,XO,14
Odonata,Aeshnidae,Anax,Anax_parthenope,XO,13
Odonata,Aeshnidae,Andaeschna,Andaeschna_unicolor,XO,14
Odonata,Aeshnidae,Austroaeschna,Austroaeschna_anacantha,XO,14
Odonata,Aeshnidae,Austroaeschna,Austroaeschna_multipunctata,XO,14
Odonata,Aeshnidae,Basiaeschna,Basiaeschna_janata,XO,13
Odonata,Aeshnidae,Boyeria,Boyeria_maclachlani,XO,14
Odonata,Aeshnidae,Boyeria,Boyeria_vinosa,XO,14
Odonata,Aeshnidae,Castoraeschna,Castoraeschna_castor,XO,14
Odonata,Aeshnidae,Cephalaeschna,Cephalaeschna_orbifrons,XO,13
Odonata,Aeshnidae,Cephalaeschna,Cephalaeschna_sp.,XO,13
Odonata,Aeshnidae,Coryphaeschna,Coryphaeschna_adnexa,XO,14
Odonata,Aeshnidae,Coryphaeschna,Coryphaeschna_perrensi,XO,13
Odonata,Aeshnidae,Coryphaeschna,Coryphaeschna_perrensi,XO,14
Odonata,Aeshnidae,Coryphaeschna,Coryphaeschna_viriditas,XO,12
Odonata,Aeshnidae,Gynacantha,Gynacantha_bayadera,XO,13
Odonata,Aeshnidae,Gynacantha,Gynacantha_bayadera,XO,14
Odonata,Aeshnidae,Gynacantha,Gynacantha_japonica,XO,14
Odonata,Aeshnidae,Gynacanthaeschna,Gynacanthaeschna_sikkima,XO,14
Odonata,Aeshnidae,Oplonaeschna,Oplonaeschna_armata,XO,14
Odonata,Aeshnidae,Planaeschna,Planaeschna_milnei,XO,14
Odonata,Aeshnidae,Remartinia,Remartinia_luteipennis_,XO,13
Odonata,Aeshnidae,Remartinia,Remartinia_luteipennis_,XO,14
Odonata,Aeshnidae,Rhionaeschna,Rhionaeschna_californica,XO,14
Odonata,Aeshnidae,Rhionaeschna,Rhionaeschna_confusa,XO,14
Odonata,Aeshnidae,Rhionaeschna,Rhionaeschna_diffinis,XO,11
Odonata,Aeshnidae,Rhionaeschna,Rhionaeschna_intricata,XO,10
Odonata,Aeshnidae,Rhionaeschna,Rhionaeschna_peralta,XO,14
Odonata,Aeshnidae,Staurophlebia,Staurophlebia_reticulata,XO,14
Odonata,Petaluridae,Tachopteryx,Tachopteryx_thoreyi,XO,10
Odonata,Petaluridae,Tanypteryx,Tanypteryx_hageni,XO,9
Odonata,Petaluridae,Tanypteryx,Tanypteryx_sp.,XO,9
Odonata,Petaluridae,Uropetala ,Uropetala_carovei,XO,9
Odonata,Petaluridae,Uropetala ,Uropetala_carovei,XO,13
Odonata,Gomphidae,Anisogomphus,Anisogomphus_bivittatus,XO,12
Odonata,Gomphidae,Anisogomphus,Anisogomphus_occipitalis,XO,12
Odonata,Gomphidae,Aphylla,Aphylla_edentata,XO,12
Odonata,Gomphidae,Aphylla,Aphylla_producta,XO,12
Odonata,Gomphidae,Aphylla,Aphylla_theodorina,XO,12
Odonata,Gomphidae,Aphylla,Aphylla_williamsoni,XO,12
Odonata,Gomphidae,Aphylla,Aphylla_sp.,XO,12
Odonata,Gomphidae,Arigomphus,Arigomphus_lentulus,XO,12
Odonata,Gomphidae,Arigomphus,Arigomphus_pallidus,XO,12
Odonata,Gomphidae,Arigomphus,Arigomphus_submedianus,XO,12
Odonata,Gomphidae,Asiagomphus,Asiagomphus_melaenops,XO,12
Odonata,Gomphidae,Burmagomphus,Burmagomphus_pyramidalis,XO,12
Odonata,Gomphidae,Davidius,Davidius_nanus,XO,12
Odonata,Gomphidae,Dromogomphus,Dromogomphus_spinosus,XO,12
Odonata,Gomphidae,Dromogomphus,Dromogomphus_spoliatus,XO,12
Odonata,Gomphidae,Epigomphus,Epigomphus_llama,XO,12
Odonata,Gomphidae,Erpetogomphus,Erpetogomphus_designatus,XO,12
Odonata,Gomphidae,Erpetogomphus,Erpetogomphus_diadophis,XO,12
Odonata,Gomphidae,Erpetogomphus,Erpetogomphus_ophibolus,XO,12
Odonata,Gomphidae,Gomphoides,Gomphoides_sp.,XO,12
Odonata,Gomphidae,Gomphus,Gomphus_confraternus,XO,12
Odonata,Gomphidae,Gomphus,Gomphus_exilis,XO,12
Odonata,Gomphidae,Gomphus,Gomphus_pulchellus,XO,12
Odonata,Gomphidae,Gomphus,Gomphus_vulgatissimus,XO,12
Odonata,Gomphidae,Ictinogomphus,Ictinogomphus_rapax,XO,12
Odonata,Gomphidae,Nepogomphus,Nepogomphus_modestus,XO,12
Odonata,Gomphidae,Nihonogomphus,Nihonogomphus_ruptus,XO,12
Odonata,Gomphidae,Nihonogomphus,Nihonogomphus_viridis,XO,12
Odonata,Gomphidae,Octogomphus,Octogomphus_specularis,XO,12
Odonata,Gomphidae,Onychogomphus,Onychogomphus_forcipatus,XO,13
Odonata,Gomphidae,Ophiogomphus,Ophiogomphus_bison,XO,12
Odonata,Gomphidae,Ophiogomphus,Ophiogomphus_bison,XO,13
Odonata,Gomphidae,Ophiogomphus,Ophiogomphus_cecilia,XO,12
Odonata,Gomphidae,Ophiogomphus,Ophiogomphus_colubrinus,XO,12
Odonata,Gomphidae,Ophiogomphus,Ophiogomphus_obscurus,XO,12
Odonata,Gomphidae,Ophiogomphus,Ophiogomphus_occidentis,XO,12
Odonata,Gomphidae,Ophiogomphus,Ophiogomphus_rupinsulensis,XO,12
Odonata,Gomphidae,Phanogomphus,Phanogomphus_lividus,XO,12
Odonata,Gomphidae,Phanogomphus,Phanogomphus_militaris,XO,12
Odonata,Gomphidae,Phanogomphus,Phanogomphus_spicatus,XO,12
Odonata,Gomphidae,Paragomphus,Paragomphus_lineatus,XO,12
Odonata,Gomphidae,Paragomphus,Paragomphus_capricornis,XO,12
Odonata,Gomphidae,Phyllocycla,Phyllocycla_propinqua,XO,11
Odonata,Gomphidae,Phyllocycla,Phyllocycla_sp.,XO,12
Odonata,Gomphidae,Phyllocycla,Phyllocycla_sp._1,XO,12
Odonata,Gomphidae,Phyllogomphoides,Phyllogomphoides_undulatus,XO,12
Odonata,Gomphidae,Progomphus,Progomphus_borealis,XO,12
Odonata,Gomphidae,Progomphus,Progomphus_intricatus,XO,12
Odonata,Gomphidae,Progomphus,Progomphus_obscurus,XO,12
Odonata,Gomphidae,Progomphus,Progomphus_phyllochromus,XO,12
Odonata,Gomphidae,Scalmogomphus,Scalmogomphus_bistrigatus,XO,12
Odonata,Gomphidae,Shaogomphus,Shaogomphus_postocularis,XO,12
Odonata,Gomphidae,Sieboldius,Sieboldius_albardae,XO,12
Odonata,Gomphidae,Stylogomphus,Stylogomphus_suzukii,XO,12
Odonata,Gomphidae,Stylurus,Stylurus_flavipes,XO,12
Odonata,Gomphidae,Stylurus,Stylurus_plagiatus,XO,12
Odonata,Gomphidae,Stylurus,Stylurus_scudderi,XO,12
Odonata,Gomphidae,Temnogomphus,Temnogomphus_bivittatus,XO,12
Odonata,Gomphidae,Trigomphus,Trigomphus_citimus,XO,11
Odonata,Gomphidae,Trigomphus,Trigomphus_interruptus,XO,10
Odonata,Gomphidae,Trigomphus,Trigomphus_melampus,XO,11
Odonata,Gomphidae,Zonophora,Zonophora_calippus,XO,12
Odonata,Macromiidae,Didymops ,Didymops_transversa,XO,13
Odonata,Macromiidae,Epophthalmia,Epophthalmia_frontalis,XO,13
Odonata,Macromiidae,Macromia,Macromia_daimoji,XO,13
Odonata,Macromiidae,Macromia,Macromia_amphigenia,XO,13
Odonata,Macromiidae,Macromia,Macromia_magnifica,XO,13
Odonata,Macromiidae,Macromia,Macromia_moorei,XO,13
Odonata,Corduliidae,Cordulia,Cordulia_aenea,XO,13
Odonata,Corduliidae,Cordulia,Cordulia_shurtleffii,XO,13
Odonata,Corduliidae,Dorocordulia,Dorocordulia_libera,XO,6
Odonata,Corduliidae,Dorocordulia,Dorocordulia_libera,XO,7
Odonata,Corduliidae,Epicordulia,Epicordulia_princeps,XO,13
Odonata,Corduliidae,Epitheca,Epitheca_bimaculata,XO,13
Odonata,Corduliidae,Epitheca,Epitheca_canis,XO,13
Odonata,Corduliidae,Epitheca,Epitheca_cynosura,XO,10
Odonata,Corduliidae,Epitheca,Epitheca_cynosura,XO,11
Odonata,Corduliidae,Epitheca,Epitheca_petechialis,XO,11
Odonata,Corduliidae,Epitheca,Epitheca_semiaquea,XO,13
Odonata,Corduliidae,Epitheca,Epitheca_spinigera,XO,13
Odonata,Corduliidae,Epitheca,Epitheca_spinigera,XO,14
Odonata,Corduliidae,Procordulia,Procordulia_grayi,XO,13
Odonata,Corduliidae,Procordulia,Procordulia_smithii,XO,13
Odonata,Corduliidae,Rialla,Rialla_villosa,XO,13
Odonata,Corduliidae,Somatochlora,Somatochlora_alpestris,XO,13
Odonata,Corduliidae,Somatochlora,Somatochlora_alpestris,XO,14
Odonata,Corduliidae,Somatochlora,Somatochlora_arctica,XO,13
Odonata,Corduliidae,Somatochlora,Somatochlora_borisi,XO,10
Odonata,Corduliidae,Somatochlora,Somatochlora_flavomaculata,XO,13
Odonata,Corduliidae,Somatochlora,Somatochlora_graeseri,XO,13
Odonata,Corduliidae,Somatochlora,Somatochlora_meridionalis,XO,13
Odonata,Corduliidae,Somatochlora,Somatochlora_metallica,XO,13
Odonata,Corduliidae,Somatochlora,Somatochlora_semicircularis,XO,13
Odonata,Corduliidae,Somatochlora,Somatochlora_uchidai,XO,13
Odonata,Corduliidae,Somatochlora,Somatochlora_viridiaenea,XO,13
Odonata,Libellulidae,Acisoma,Acisoma_panorpoides,XO,13
Odonata,Libellulidae,Aethriamanta,Aethriamanta_brevipennis,XO,13
Odonata,Libellulidae,Anatya,Anatya_guttata,XO,13
Odonata,Libellulidae,Atoconeura,Atoconeura_biordinata,XO,11
Odonata,Libellulidae,Brachydiplax,Brachydiplax_chalybea,XO,13
Odonata,Libellulidae,Brachydiplax,Brachydiplax_farinosa,XO,13
Odonata,Libellulidae,Brachydiplax,Brachydiplax_sobrina,XO,13
Odonata,Libellulidae,Brachymesia,Brachymesia_furcata,XO,13
Odonata,Libellulidae,Brachymesia,Brachymesia_gravida,XO,13
Odonata,Libellulidae,Brachymesia,Brachymesia_herbida,XO,13
Odonata,Libellulidae,Brachythemis,Brachythemis_contaminata,XO,13
Odonata,Libellulidae,Brachythemis,Brachythemis_lacustris,XO,13
Odonata,Libellulidae,Bradinopyga,Bradinopyga_cornuta,XO,13
Odonata,Libellulidae,Bradinopyga,Bradinopyga_geminata,XO,13
Odonata,Libellulidae,Brechmorhoga,Brechmorhoga_mendax,XO,13
Odonata,Libellulidae,Brechmorhoga,Brechmorhoga_nubecula,XO,13
Odonata,Libellulidae,Brechmorhoga,Brechmorhoga_pertinax,XO,13
Odonata,Libellulidae,Cannaphila,Cannaphila_vibex,XO,13
Odonata,Libellulidae,Celithemis,Celithemis_amanda,XO,13
Odonata,Libellulidae,Celithemis,Celithemis_elisa,XO,13
Odonata,Libellulidae,Celithemis,Celithemis_fasciata,XO,13
Odonata,Libellulidae,Celithemis,Celithemis_ornata,XO,13
Odonata,Libellulidae,Crocothemis,Crocothemis_erythraea,XO,13
Odonata,Libellulidae,Crocothemis,Crocothemis_sanguinolenta,XO,13
Odonata,Libellulidae,Crocothemis,Crocothemis_servilia,XO,13
Odonata,Libellulidae,Dasythemis,Dasythemis_esmeralda,XO,13
Odonata,Libellulidae,Dasythemis,Dasythemis_mincki,XO,13
Odonata,Libellulidae,Dasythemis,Dasythemis_venosa,XO,13
Odonata,Libellulidae,Diastatops,Diastatops_intensa,XO,13
Odonata,Libellulidae,Diastatops,Diastatops_obscura,XO,13
Odonata,Libellulidae,Diastatops,Diastatops_pullata,XO,12
Odonata,Libellulidae,Diplacodes,Diplacodes_bipunctata,XO,13
Odonata,Libellulidae,Diplacodes,Diplacodes_bipunctata,XO,15
Odonata,Libellulidae,Diplacodes,Diplacodes_haematodes,XO,13
Odonata,Libellulidae,Diplacodes,Diplacodes_haematodes,XO,12
Odonata,Libellulidae,Diplacodes,Diplacodes_lefebvrii,XO,13
Odonata,Libellulidae,Diplacodes,Diplacodes_nebulosa,XO,13
Odonata,Libellulidae,Diplacodes,Diplacodes_trivialis,XO,13
Odonata,Libellulidae,Dythemis,Dythemis_fugax,XO,13
Odonata,Libellulidae,Dythemis,Dythemis_multipunctata,XO,13
Odonata,Libellulidae,Dythemis,Dythemis_rufinervis,XO,13
Odonata,Libellulidae,Dythemis,Dythemis_velox,XO,13
Odonata,Libellulidae,Elasmothemis,Elasmothemis_cannacrioides,XO,11
Odonata,Libellulidae,Elasmothemis,Elasmothemis_cannacrioides,XO,12
Odonata,Libellulidae,Elasmothemis,Elasmothemis_williamsoni,XO,13
Odonata,Libellulidae,Erythemis,Erythemis_attala,XO,13
Odonata,Libellulidae,Erythemis,Erythemis_collocata,XO,13
Odonata,Libellulidae,Erythemis,Erythemis_credula,XO,13
Odonata,Libellulidae,Erythemis,Erythemis_haematogastra,XO,13
Odonata,Libellulidae,Erythemis,Erythemis_peruviana,XO,13
Odonata,Libellulidae,Erythemis,Erythemis_plebeja,XO,13
Odonata,Libellulidae,Erythemis,Erythemis_simplicicollis,XO,13
Odonata,Libellulidae,Erythemis,Erythemis_vesiculosa,XO,13
Odonata,Libellulidae,Erythrodiplax,Erythrodiplax_anomala,XO,13
Odonata,Libellulidae,Erythrodiplax,Erythrodiplax_atroterminata,XO,13
Odonata,Libellulidae,Erythrodiplax,Erythrodiplax_attenuata,XO,13
Odonata,Libellulidae,Erythrodiplax,Erythrodiplax_basalis,XO,13
Odonata,Libellulidae,Erythrodiplax,Erythrodiplax_berenice,XO,13
Odonata,Libellulidae,Erythrodiplax,Erythrodiplax_berenice,XO,14
Odonata,Libellulidae,Erythrodiplax,Erythrodiplax_castanea,XO,13
Odonata,Libellulidae,Erythrodiplax,Erythrodiplax_chromoptera,XO,12
Odonata,Libellulidae,Erythrodiplax,Erythrodiplax_cleopatra,XO,13
Odonata,Libellulidae,Erythrodiplax,Erythrodiplax_connata,XO,13
Odonata,Libellulidae,Erythrodiplax,Erythrodiplax_corallina,XO,13
Odonata,Libellulidae,Erythrodiplax,Erythrodiplax_famula,XO,13
Odonata,Libellulidae,Erythrodiplax,Erythrodiplax_fusca,XO,13
Odonata,Libellulidae,Erythrodiplax,Erythrodiplax_fervida,XO,13
Odonata,Libellulidae,Erythrodiplax,Erythrodiplax_justiniana,XO,13
Odonata,Libellulidae,Erythrodiplax,Erythrodiplax_juliana,XO,13
Odonata,Libellulidae,Erythrodiplax,Erythrodiplax_latimaculata,XO,13
Odonata,Libellulidae,Erythrodiplax,Erythrodiplax_lygaea,XO,13
Odonata,Libellulidae,Erythrodiplax,Erythrodiplax_media,XO,11
Odonata,Libellulidae,Erythrodiplax,Erythrodiplax_melanorubra,XO,13
Odonata,Libellulidae,Erythrodiplax,Erythrodiplax_minuscula,XO,13
Odonata,Libellulidae,Erythrodiplax,Erythrodiplax_nigricans,XO,13
Odonata,Libellulidae,Erythrodiplax,Erythrodiplax_ochracea,XO,13
Odonata,Libellulidae,Erythrodiplax,Erythrodiplax_paraguayensis,XO,12
Odonata,Libellulidae,Erythrodiplax,Erythrodiplax_umbrata,XO,13
Odonata,Libellulidae,Erythrodiplax,Erythrodiplax_unimaculata,XO,13
Odonata,Libellulidae,Hydrobasileus,Hydrobasileus_croceus,XO,13
Odonata,Libellulidae,Ladona,Ladona_julia,XO,13
Odonata,Libellulidae,Lathrecista,Lathrecista_asiatica,XO,13
Odonata,Libellulidae,Leucorrhinia,Leucorrhinia_albifrons,XO,13
Odonata,Libellulidae,Leucorrhinia,Leucorrhinia_dubia,XO,13
Odonata,Libellulidae,Leucorrhinia,Leucorrhinia_frigida,XO,11
Odonata,Libellulidae,Leucorrhinia,Leucorrhinia_frigida,XO,12
Odonata,Libellulidae,Leucorrhinia,Leucorrhinia_glacialis,XO,13
Odonata,Libellulidae,Leucorrhinia,Leucorrhinia_hudsonica,XO,13
Odonata,Libellulidae,Leucorrhinia,Leucorrhinia_intacta,XO,13
Odonata,Libellulidae,Leucorrhinia,Leucorrhinia_proxima,XO,13
Odonata,Libellulidae,Leucorrhinia,Leucorrhinia_rubicunda,XO,13
Odonata,Libellulidae,Libellula,Libellula_angelina,XO,13
Odonata,Libellulidae,Libellula,Libellula_auripennis,XO,13
Odonata,Libellulidae,Libellula,Libellula_axilena,XO,12
Odonata,Libellulidae,Libellula,Libellula_basalis,XO,13
Odonata,Libellulidae,Libellula,Libellula_composita,XO,13
Odonata,Libellulidae,Libellula,Libellula_croceipennis,XO,13
Odonata,Libellulidae,Libellula,Libellula_cyanea,XO,13
Odonata,Libellulidae,Libellula,Libellula_depressa,XO,12
Odonata,Libellulidae,Libellula,Libellula_depressa,XO,13
Odonata,Libellulidae,Libellula,Libellula_flavida,XO,13
Odonata,Libellulidae,Libellula,Libellula_forensis,XO,13
Odonata,Libellulidae,Libellula,Libellula_fulva,XO,13
Odonata,Libellulidae,Libellula,Libellula_fulva,XO,14
Odonata,Libellulidae,Libellula,Libellula_incesta,XO,13
Odonata,Libellulidae,Libellula,Libellula_luctuosa,XO,13
Odonata,Libellulidae,Libellula,Libellula_pulchella,XO,13
Odonata,Libellulidae,Libellula,Libellula_quadrimaculata,XO,13
Odonata,Libellulidae,Libellula,Libellula_saturata,XO,13
Odonata,Libellulidae,Libellula,Libellula_semifasciata,XO,13
Odonata,Libellulidae,Libellula,Libellula_vibrans,XO,13
Odonata,Libellulidae,Lyriothemis,Lyriothemis_pachygastra,XO,13
Odonata,Libellulidae,Macrothemis,Macrothemis_declivata,XO,12
Odonata,Libellulidae,Macrothemis,Macrothemis_imitans,XO,13
Odonata,Libellulidae,Macrothemis,Macrothemis_mortoni,XO,13
Odonata,Libellulidae,Macrothemis,Macrothemis_musiva,XO,13
Odonata,Libellulidae,Macrothemis,Macrothemis_sp.,XO,13
Odonata,Libellulidae,Miathyria,Miathyria_artemis,XO,13
Odonata,Libellulidae,Miathyria,Miathyria_marcella,XO,13
Odonata,Libellulidae,Micrathyria,Micrathyria_artemis,XO,13
Odonata,Libellulidae,Micrathyria,Micrathyria_atra,XO,13
Odonata,Libellulidae,Micrathyria,Micrathyria_catenata,XO,13
Odonata,Libellulidae,Micrathyria,Micrathyria_didyma,XO,13
Odonata,Libellulidae,Micrathyria,Micrathyria_eximia,XO,13
Odonata,Libellulidae,Micrathyria,Micrathyria_hagenii,XO,13
Odonata,Libellulidae,Micrathyria,Micrathyria_hesperis,XO,13
Odonata,Libellulidae,Micrathyria,Micrathyria_hypodidyma,XO,12
Odonata,Libellulidae,Micrathyria,Micrathyria_hypodidyma,XO,13
Odonata,Libellulidae,Micrathyria,Micrathyria_iheringi,XO,12
Odonata,Libellulidae,Micrathyria,Micrathyria_laevigata,XO,13
Odonata,Libellulidae,Micrathyria,Micrathyria_ocellata,XO,13
Odonata,Libellulidae,Micrathyria,Micrathyria_spuria,XO,13
Odonata,Libellulidae,Micrathyria,Micrathyria_stawiarskii,XO,13
Odonata,Libellulidae,Micrathyria,Micrathyria_cf._eximia,XO,11
Odonata,Libellulidae,Micrathyria,Micrathyria_sp._(ungulata-group),XO,12
Odonata,Libellulidae,Nannothemis,Nannothemis_bella,XO,13
Odonata,Libellulidae,Nesciothemis,Nesciothemis_farinosa,XO,13
Odonata,Libellulidae,Nesogonia,Nesogonia_blackburni,XO,13
Odonata,Libellulidae,Neurothemis,Neurothemis_fulvia,XO,13
Odonata,Libellulidae,Neurothemis,Neurothemis_intermedia,XO,13
Odonata,Libellulidae,Neurothemis,Neurothemis_terminata,XO,13
Odonata,Libellulidae,Neurothemis,Neurothemis_tullia,XO,13
Odonata,Libellulidae,Oligoclada,Oligoclada_amphinome,XO,13
Odonata,Libellulidae,Oligoclada,Oligoclada_laetitia,XO,12
Odonata,Libellulidae,Oligoclada,Oligoclada_laetitia,XO,11
Odonata,Libellulidae,Oligoclada,Oligoclada_monosticha,XO,12
Odonata,Libellulidae,Oligoclada,Oligoclada_pachystigma,XO,12
Odonata,Libellulidae,Orthemis,Orthemis_biolleyi,XO,12
Odonata,Libellulidae,Orthemis,Orthemis_cultiformis,XO,12
Odonata,Libellulidae,Orthemis,Orthemis_discolor,XO,12
Odonata,Libellulidae,Orthemis,Orthemis_ferruginea,XO,12
Odonata,Libellulidae,Orthemis,Orthemis_ferruginea,XO,13
Odonata,Libellulidae,Orthemis,Orthemis_nodiplaga,XO,21
Odonata,Libellulidae,Orthetrum,Orthetrum_abbotti,XO,13
Odonata,Libellulidae,Orthetrum,Orthetrum_albistylum,XO,13
Odonata,Libellulidae,Orthetrum,Orthetrum_azureum,XO,13
Odonata,Libellulidae,Orthetrum,Orthetrum_brachiale,XO,11
Odonata,Libellulidae,Orthetrum,Orthetrum_brachiale,XO,13
Odonata,Libellulidae,Orthetrum,Orthetrum_brunneum,XO,13
Odonata,Libellulidae,Orthetrum,Orthetrum_cancellatum,XO,13
Odonata,Libellulidae,Orthetrum,Orthetrum_chrysostigma,XO,13
Odonata,Libellulidae,Orthetrum,Orthetrum_coerulescens,XO,13
Odonata,Libellulidae,Orthetrum,Orthetrum_coerulescens,XO,12
Odonata,Libellulidae,Orthetrum,Orthetrum_coerulescens,XO,14
Odonata,Libellulidae,Orthetrum,Orthetrum_glaucum,XO,13
Odonata,Libellulidae,Orthetrum,Orthetrum_guineense,XO,13
Odonata,Libellulidae,Orthetrum,Orthetrum_japonicum,XO,13
Odonata,Libellulidae,Orthetrum,Orthetrum_julia,XO,13
Odonata,Libellulidae,Orthetrum,Orthetrum_iuzonicum,XO,13
Odonata,Libellulidae,Orthetrum,Orthetrum_melania,XO,13
Odonata,Libellulidae,Orthetrum,Orthetrum_monardi,XO,13
Odonata,Libellulidae,Orthetrum,Orthetrum_poecilops,XO,13
Odonata,Libellulidae,Orthetrum,Orthetrum_pruinosum,XO,13
Odonata,Libellulidae,Orthetrum,Orthetrum_sabina,XO,13
Odonata,Libellulidae,Orthetrum,Orthetrum_taeniolatum,XO,13
Odonata,Libellulidae,Orthetrum,Orthetrum_testaceum,XO,13
Odonata,Libellulidae,Orthetrum,Orthetrum_triangulare,XO,13
Odonata,Libellulidae,Pachydiplax,Pachydiplax_longipennis,XO,13
Odonata,Libellulidae,Palpopleura,Palpopleura_jucunda,XO,13
Odonata,Libellulidae,Palpopleura,"Palpopleura_lucia_(Drury,_1773)",XO,13
Odonata,Libellulidae,Palpopleura,Palpopleura_sexmaculata,XO,13
Odonata,Libellulidae,Pantala,Pantala_flavescens,XO,13
Odonata,Libellulidae,Pantala,Pantala_flavescens,XO,12
Odonata,Libellulidae,Pantala,Pantala_hymenaea,XO,13
Odonata,Libellulidae,Perithemis,Perithemis_cornelia,XO,13
Odonata,Libellulidae,Perithemis,Perithemis_domitia,XO,13
Odonata,Libellulidae,Perithemis,Perithemis_electra,XO,13
Odonata,Libellulidae,Perithemis,Perithemis_icteroptera,XO,13
Odonata,Libellulidae,Perithemis,Perithemis_lais,XO,9
Odonata,Libellulidae,Perithemis,Perithemis_mooma,XO,13
Odonata,Libellulidae,Perithemis,Perithemis_tenera,XO,13
Odonata,Libellulidae,Perithemis,Perithemis_seminole,XO,13
Odonata,Libellulidae,Perithemis,Perithemis_sp.,XO,13
Odonata,Libellulidae,Planiplax,Planiplax_erythropyga,XO,13
Odonata,Libellulidae,Planiplax,Planiplax_sanguiniventris,XO,13
Odonata,Libellulidae,Plathemis,Plathemis_lydia,XO,13
Odonata,Libellulidae,Potamarcha,Potamarcha_congener,XO,13
Odonata,Libellulidae,Pseudotramea,Pseudotramea_prateri,XO,13
Odonata,Libellulidae,Rhodopygia,Rhodopygia_cardinalis,XO,13
Odonata,Libellulidae,Rhodopygia,Rhodopygia_geijskesi,XO,13
Odonata,Libellulidae,Rhodothemis,Rhodothemis_rufa,XO,13
Odonata,Libellulidae,Rhyothemis,Rhyothemis_fuliginosa,XO,13
Odonata,Libellulidae,Rhyothemis,Rhyothemis_fuliginosa,XO,12
Odonata,Libellulidae,Rhyothemis,Rhyothemis_variegata,XO,13
Odonata,Libellulidae,Scapanea,Scapanea_frontalis,XO,13
Odonata,Libellulidae,Sympetrum,Sympetrum_commixtum,XO,13
Odonata,Libellulidae,Sympetrum,Sympetrum_corruptum,XO,13
Odonata,Libellulidae,Sympetrum,Sympetrum_costiferum,XO,13
Odonata,Libellulidae,Sympetrum,Sympetrum_croceolum,XO,13
Odonata,Libellulidae,Sympetrum,Sympetrum_danae,XO,13
Odonata,Libellulidae,Sympetrum,Sympetrum_eroticum,XO,11
Odonata,Libellulidae,Sympetrum,Sympetrum_flaveolum,XO,13
Odonata,Libellulidae,Sympetrum,Sympetrum_fonscolombii,XO,13
Odonata,Libellulidae,Sympetrum,Sympetrum_frequens,XO,12
Odonata,Libellulidae,Sympetrum,Sympetrum_infuscatum,XO,13
Odonata,Libellulidae,Sympetrum,Sympetrum_internum,XO,14
Odonata,Libellulidae,Sympetrum,Sympetrum_madidum,XO,13
Odonata,Libellulidae,Sympetrum,Sympetrum_meridionale,XO,13
Odonata,Libellulidae,Sympetrum,Sympetrum_obtrusum,XO,13
Odonata,Libellulidae,Sympetrum,Sympetrum_parvulum,XO,13
Odonata,Libellulidae,Sympetrum,Sympetrum_pedemontanum,XO,13
Odonata,Libellulidae,Sympetrum,Sympetrum_rubicundulum,XO,13
Odonata,Libellulidae,Sympetrum,Sympetrum_sanguineum,XO,13
Odonata,Libellulidae,Sympetrum,Sympetrum_semicinctum,XO,13
Odonata,Libellulidae,Sympetrum,Sympetrum_striolatum,XO,13
Odonata,Libellulidae,Sympetrum,Sympetrum_vicinum,XO,13
Odonata,Libellulidae,Sympetrum,Sympetrum_vulgatum,XO,13
Odonata,Libellulidae,Tarnetrum,Tarnetrum_illotum,XO,13
Odonata,Libellulidae,Tauriphila,Tauriphila_australis,XO,13
Odonata,Libellulidae,Tauriphila,Tauriphila_azteca,XO,13
Odonata,Libellulidae,Tauriphila,Tauriphila_risi,XO,13
Odonata,Libellulidae,Tholymis,Tholymis_citrina,XO,13
Odonata,Libellulidae,Tholymis,Tholymis_tillarga,XO,13
Odonata,Libellulidae,Tramea,Tramea_abdominalis,XO,13
Odonata,Libellulidae,Tramea,Tramea_basilaris,XO,13
Odonata,Libellulidae,Tramea,Tramea_binotata,XO,13
Odonata,Libellulidae,Tramea,Tramea_carolina,XO,13
Odonata,Libellulidae,Tramea,Tramea_cophysa,XO,13
Odonata,Libellulidae,Tramea,Tramea_lacerata,XO,13
Odonata,Libellulidae,Tramea,Tramea_limbata,XO,13
Odonata,Libellulidae,Tramea,Tramea_virginia,XO,13
Odonata,Libellulidae,Trithemis,Trithemis_annulata,XO,13
Odonata,Libellulidae,Trithemis,Trithemis_arteriosa,XO,13
Odonata,Libellulidae,Trithemis,Trithemis_atra,XO,13
Odonata,Libellulidae,Trithemis,Trithemis_aurora,XO,13
Odonata,Libellulidae,Trithemis,Trithemis_dorsalis,XO,13
Odonata,Libellulidae,Trithemis,Trithemis_festiva,XO,13
Odonata,Libellulidae,Trithemis,Trithemis_furva,XO,13
Odonata,Libellulidae,Trithemis,Trithemis_imitata,XO,13
Odonata,Libellulidae,Trithemis,Trithemis_kirbyi,XO,13
Odonata,Libellulidae,Trithemis,Trithemis_pallidinervis,XO,13
Odonata,Libellulidae,Trithemis,Trithemis_werneri,XO,13
Odonata,Libellulidae,Uracis,Uracis_imbuta,XO,13
Odonata,Libellulidae,Uracis,Uracis_ovipositrix,XO,13
Odonata,Libellulidae,Urothemis,Urothemis_edwardsi,XO,13
Odonata,Libellulidae,Urothemis,Urothemis_signata,XO,13
Odonata,Libellulidae,Zenithoptera,Zenithoptera_fasciata,XO,13
Odonata,Libellulidae,Zenithoptera,Zenithoptera_lanei,XO,13
Odonata,Libellulidae,Zenithoptera,Zenithoptera_viola,XO,13
Odonata,Libellulidae,Zygonyx,Zygonyx_iris,XO,12
Odonata,Libellulidae,Zygonyx,Zygonyx_torrida,XO,13
Odonata,Libellulidae,Zyxomma,Zyxomma_petiolatum,XO,13
Odonata,Chlorogomphidae,Watanabeopetalia,Watanabeopetalia_atkinsoni,XO,13
Odonata,Cordulegastridae,Anotogaster,Anotogaster_basalis,XO,12
Odonata,Cordulegastridae,Anotogaster,Anotogaster_kuchenbeiseri,XO,13
Odonata,Cordulegastridae,Anotogaster,Anotogaster_sieboldii,XO,13
Odonata,Cordulegastridae,Cordulegaster,Cordulegaster_boltonii,XO,13
Odonata,Cordulegastridae,Cordulegaster,Cordulegaster_brevistigma,XO,13
Odonata,Cordulegastridae,Cordulegaster,Cordulegaster_diastatops,XO,13
Odonata,Cordulegastridae,Cordulegaster,Cordulegaster_dorsalis,XO,13
Odonata,Cordulegastridae,Cordulegaster,Cordulegaster_maculata,XO,13
Odonata,Cordulegastridae,Neallogaster,Neallogaster_hermionae,XO,13
Odonata,Lestidae,Austrolestes,Austrolestes_colensonis,XO,13
Odonata,Lestidae,Chalcolestes,Chalcolestes_viridis,XO,13
Odonata,Lestidae,Indolestes,Indolestes_cyaneus,XO,13
Odonata,Lestidae,Lestes,Lestes_barbarus,XO,13
Odonata,Lestidae,Lestes,Lestes_congener,XO,13
Odonata,Lestidae,Lestes,Lestes_disjunctus,XO,13
Odonata,Lestidae,Lestes,Lestes_dorothea,XO,13
Odonata,Lestidae,Lestes,Lestes_dryas,XO,13
Odonata,Lestidae,Lestes,Lestes_forcipatus,XO,11
Odonata,Lestidae,Lestes,Lestes_forficula,XO,13
Odonata,Lestidae,Lestes,Lestes_paulistus,XO,13
Odonata,Lestidae,Lestes,Lestes_rectangularis,XO,13
Odonata,Lestidae,Lestes,Lestes_simulatrix,XO,13
Odonata,Lestidae,Lestes,Lestes_sponsa,XO,13
Odonata,Lestidae,Lestes,Lestes_stultus,XO,13
Odonata,Lestidae,Lestes,Lestes_vidua,XO,13
Odonata,Lestidae,Lestes,Lestes_vigilax,XO,10
Odonata,Lestidae,Lestes,Lestes_virens,XO,13
Odonata,Lestidae,Sympecma,Sympecma_fusca,XO,13
Odonata,Lestidae,Sympecma,Sympecma_paedisca,XO,13
Odonata,Synlestidae,Megalestes,Megalestes_major,XO,13
Odonata,Platystictidae,Drepanosticta,Drepanosticta_sp.,XO,13
Odonata,Platystictidae,Drepanosticta,Drepanosticta_sp.,XO,13
Odonata,Platystictidae,Palaemnema,Palaemnema_paulina,XO,13
Odonata,Platystictidae,Protosticta,Protosticta_sp.,XO,13
Odonata,Calopterygidae,Atrocalopteryx,Atrocalopteryx_atrata,XO,13
Odonata,Calopterygidae,Calopteryx,Calopteryx_aequabilis,XO,13
Odonata,Calopterygidae,Calopteryx,Calopteryx_cornelia,XO,13
Odonata,Calopterygidae,Calopteryx,Calopteryx_dimidiata,XO,13
Odonata,Calopterygidae,Calopteryx,Calopteryx_japonica,XO,13
Odonata,Calopterygidae,Calopteryx,Calopteryx_maculata,XO,13
Odonata,Calopterygidae,Calopteryx,Calopteryx_splendens,XO,13
Odonata,Calopterygidae,Calopteryx,Calopteryx_virgo,XO,13
Odonata,Calopterygidae,Calopteryx,Calopteryx_virgo,XO,14
Odonata,Calopterygidae,Hetaerina,Hetaerina_americana,XO,13
Odonata,Calopterygidae,Hetaerina,Hetaerina_charca,XO,13
Odonata,Calopterygidae,Hetaerina,Hetaerina_longipes,XO,13
Odonata,Calopterygidae,Hetaerina,Hetaerina_rosea,XO,14
Odonata,Calopterygidae,Hetaerina,Hetaerina_rosea,XO,13
Odonata,Calopterygidae,Hetaerina,Hetaerina_sanguinea,XO,13
Odonata,Calopterygidae,Hetaerina,Hetaerina_titia,XO,13
Odonata,Calopterygidae,Hetaerina,Hetaerina_vulnerata,XO,13
Odonata,Calopterygidae,Matrona,Matrona_basilaris,XO,13
Odonata,Calopterygidae,Mnais,Mnais_costalis,XO,13
Odonata,Calopterygidae,Mnais,Mnais_pruinosa,XO,13
Odonata,Calopterygidae,Neurobasis,Neurobasis_chinensis,XO,12
Odonata,Calopterygidae,Neurobasis,Neurobasis_chinensis,XO,13
Odonata,Calopterygidae,Phaon,Phaon_iridipennis,XO,13
Odonata,Chlorocyphidae,Aristocypha,Aristocypha_fenestrella_,XO,12
Odonata,Chlorocyphidae,Aristocypha,Aristocypha_quadrimaculata,XO,12
Odonata,Chlorocyphidae,Aristocypha,Aristocypha_trifasciata,XO,12
Odonata,Chlorocyphidae,Heliocypha,Heliocypha_biforata,XO,12
Odonata,Chlorocyphidae,Heliocypha,Heliocypha_biseriata,XO,12
Odonata,Chlorocyphidae,Libellago,Libellago_lineata,XO,12
Odonata,Chlorocyphidae,Libellago,Libellago_lineata,XO,13
Odonata,Chlorocyphidae,Paracypha,Paracypha_unimaculata,XO,12
Odonata,Chlorocyphidae,Rhinocypha,Rhinocypha_colorata,XO,12
Odonata,Chlorocyphidae,Rhinocypha,Rhinocypha_colorata,XO,13
Odonata,Chlorocyphidae,Vestalis,Vestalis_gracilis,XO,13
Odonata,Polythoridae,Cora,Cora_irene,XO,12
Odonata,Polythoridae,Polythore,Polythore_boliviana,XO,12
Odonata,Euphaeidae,Anisopleura,Anisopleura_comes,XO,13
Odonata,Euphaeidae,Bayadera,Bayadera_indica,XO,13
Odonata,Euphaeidae,Euphaea,Euphaea_guerini,XO,13
Odonata,Euphaeidae,Epallage,Epallage_fatime,XO,13
Odonata,Megapodagrionidae,Allopodagrion,Allopodagrion_contortum,XO,13
Odonata,Megapodagrionidae,Teinopodagrion,Teinopodagrion_macropus,XO,13
Odonata,Megapodagrionidae,Teinopodagrion,Teinopodagrion_setigerum,XO,13
Odonata,Heteragrionidae,Heteragrion,Heteragrion_flavidorsum,XO,13
Odonata,Heteragrionidae,Heteragrion,Heteragrion_inca,XO,13
Odonata,Philogeniidae,Philogenia,Philogenia_carrillica,XO,13
Odonata,Hypolestidae,Hypolestes,Hypolestes_clara,XO,9
Odonata,Platycnemididae,Calicnemia,Calicnemia_miniata,XO,13
Odonata,Platycnemididae,Calicnemia,Calicnemia_pulverulans,XO,13
Odonata,Platycnemididae,Calicnemia,Calicnemia_sp.,XO,13
Odonata,Platycnemididae,Calicnemia,Calicnemia_sp.,XO,13
Odonata,Platycnemididae,Coeliccia,Coeliccia_chromothorax,XO,13
Odonata,Platycnemididae,Coeliccia,Coeliccia_bimaculata,XO,13
Odonata,Platycnemididae,Coeliccia,Coeliccia_didyma,XO,13
Odonata,Platycnemididae,Coeliccia,Coeliccia_fraseri,XO,13
Odonata,Platycnemididae,Coeliccia,Coeliccia_renifera,XO,13
Odonata,Platycnemididae,Copera,Copera_annulata,XO,13
Odonata,Platycnemididae,Copera,Copera_marginipes,XO,13
Odonata,Platycnemididae,Copera,Copera_vittata,XO,13
Odonata,Platycnemididae,Disparoneura,Disparoneura_quadrimaculata,XO,13
Odonata,Platycnemididae,Esme,Esme_cyaneovittata,XO,13
Odonata,Platycnemididae,Esme,Esme_longistyla,XO,13
Odonata,Platycnemididae,Onychargia,Onychargia_atrocyana,XO,13
Odonata,Platycnemididae,Platycnemis,Platycnemis_pennipes,XO,13
Odonata,Platycnemididae,Prodasineura,Prodasineura_autumnalis,XO,13
Odonata,Platycnemididae,Prodasineura,Prodasineura_nigra,XO,13
Odonata,Platycnemididae,Prodasineura,Prodasineura_verticalis,XO,13
Odonata,Platycnemididae,Prodasineura,Prodasineura_sp.1,XO,13
Odonata,Platycnemididae,Prodasineura,Prodasineura_sp.2,XO,13
Odonata,Coenagrionidae,Acanthagrion,Acanthagrion_ascendens,XO,14
Odonata,Coenagrionidae,Acanthagrion,Acanthagrion_chacoense,XO,14
Odonata,Coenagrionidae,Acanthagrion,Acanthagrion_gracile,XO,14
Odonata,Coenagrionidae,Aeolagrion,Aeolagrion_inca,XO,14
Odonata,Coenagrionidae,Agriocnemis,Agriocnemis_clauseni,XO,14
Odonata,Coenagrionidae,Agriocnemis,Agriocnemis_femina,XO,14
Odonata,Coenagrionidae,Agriocnemis,Agriocnemis_pygmaea,XO,14
Odonata,Coenagrionidae,Amphiagrion,Amphiagrion_abbreviatum,XO,14
Odonata,Coenagrionidae,Amphiallagma,Amphiallagma_parvum,XO,14
Odonata,Coenagrionidae,Argia,Argia_apicalis,XO,19
Odonata,Coenagrionidae,Argia,Argia_fumipennis,XO,14
Odonata,Coenagrionidae,Argia,Argia_funebris,XO,14
Odonata,Coenagrionidae,Argia,Argia_immunda,XO,14
Odonata,Coenagrionidae,Argia,Argia_moesta,XO,13
Odonata,Coenagrionidae,Argia,Argia_nahuana,XO,13
Odonata,Coenagrionidae,Argia,Argia_sedula,XO,14
Odonata,Coenagrionidae,Argia,Argia_tibialis,XO,19
Odonata,Coenagrionidae,Argia,Argia_translata_,XO,13
Odonata,Coenagrionidae,Argia,Argia_violacea,XO,14
Odonata,Coenagrionidae,Argia,Argia_vivida,XO,14
Odonata,Coenagrionidae,Ceriagrion,Ceriagrion_auranticum,XO,14
Odonata,Coenagrionidae,Ceriagrion,Ceriagrion_azureum,XO,14
Odonata,Coenagrionidae,Ceriagrion,Ceriagrion_cerinomelas,XO,14
Odonata,Coenagrionidae,Ceriagrion,Ceriagrion_cerinorubellum,XO,14
Odonata,Coenagrionidae,Ceriagrion,Ceriagrion_coromandelianum,XO,14
Odonata,Coenagrionidae,Ceriagrion,Ceriagrion_fallax,XO,14
Odonata,Coenagrionidae,Ceriagrion,Ceriagrion_glabrum,XO,14
Odonata,Coenagrionidae,Ceriagrion,Ceriagrion_rubiae,XO,14
Odonata,Coenagrionidae,Ceriagrion,Ceriagrion_tenellum,XO,14
Odonata,Coenagrionidae,Chromagrion,Chromagrion_conditum,XO,14
Odonata,Coenagrionidae,Coenagrion,Coenagrion_armatum,XO,14
Odonata,Coenagrionidae,Coenagrion,Coenagrion_hastulatum,XO,14
Odonata,Coenagrionidae,Coenagrion,Coenagrion_hylas,XO,14
Odonata,Coenagrionidae,Coenagrion,Coenagrion_lunulatum,XO,14
Odonata,Coenagrionidae,Coenagrion,Coenagrion_pulchellum,XO,14
Odonata,Coenagrionidae,Coenagrion,Coenagrion_puella,XO,14
Odonata,Coenagrionidae,Coenagrion,Coenagrion_resolutum,XO,14
Odonata,Coenagrionidae,Coenagrion,Coenagrion_sp.,XO,14
Odonata,Coenagrionidae,Diceratobasis,Diceratobasis_macrogaster,XO,14
Odonata,Coenagrionidae,Enallagma,Enallagma_aspersum,XO,14
Odonata,Coenagrionidae,Enallagma,Enallagma_boreale,XO,14
Odonata,Coenagrionidae,Enallagma,Enallagma_carunculatum,XO,14
Odonata,Coenagrionidae,Enallagma,Enallagma_circulatum,XO,14
Odonata,Coenagrionidae,Enallagma,Enallagma_civile,XO,14
Odonata,Coenagrionidae,Enallagma,Enallagma_cyathigerum,XO,14
Odonata,Coenagrionidae,Enallagma,Enallagma_cyathigerum,XO,15
Odonata,Coenagrionidae,Enallagma,Enallagma_ebrium,XO,14
Odonata,Coenagrionidae,Enallagma,Enallagma_praevarum,XO,14
Odonata,Coenagrionidae,Erythromma,Erythromma_lindenii,XO,14
Odonata,Coenagrionidae,Erythromma,Erythromma_najas,XO,14
Odonata,Coenagrionidae,Homeoura,Homeoura_chelifera,XO,14
Odonata,Coenagrionidae,Ischnura,Ischnura_aurora,XO,14
Odonata,Coenagrionidae,Ischnura,Ischnura_capreola,XO,14
Odonata,Coenagrionidae,Ischnura,Ischnura_cervula,XO,14
Odonata,Coenagrionidae,Ischnura,Ischnura_denticollis,XO,14
Odonata,Coenagrionidae,Ischnura,Ischnura_elegans,XO,14
Odonata,Coenagrionidae,Ischnura,Ischnura_fluviatilis,XO,14
Odonata,Coenagrionidae,Ischnura,Ischnura_forcipata,XO,14
Odonata,Coenagrionidae,Ischnura,Ischnura_nursei,XO,13
Odonata,Coenagrionidae,Ischnura,Ischnura_pumilio,XO,14
Odonata,Coenagrionidae,Ischnura,Ischnura_perparva,XO,14
Odonata,Coenagrionidae,Ischnura,Ischnura_ramburii,XO,14
Odonata,Coenagrionidae,Ischnura,Ischnura_rufostigma,XO,14
Odonata,Coenagrionidae,Ischnura,Ischnura_senegalensis,XO,14
Odonata,Coenagrionidae,Ischnura,Ischnura_verticalis,XO,14
Odonata,Coenagrionidae,Ischnura,Ischnura_ultima,XO,14
Odonata,Coenagrionidae,Mecistogaster,Mecistogaster._sp._1,XO,15
Odonata,Coenagrionidae,Megalagrion,Megalagrion_oahuense,XO,14
Odonata,Coenagrionidae,Mortonagrion,Mortonagrion_selenion,XO,14
Odonata,Coenagrionidae,Nehalennia,Nehalennia_irene,XO,14
Odonata,Coenagrionidae,Oxyagrion,Oxyagrion_hempeli,XO,14
Odonata,Coenagrionidae,Oxyagrion,Oxyagrion_terminale,XO,14
Odonata,Coenagrionidae,Paracercion,Paracercion_hieroglyphicum,XO,14
Odonata,Coenagrionidae,Paracercion,Paracercion_malayanum,XO,14
Odonata,Coenagrionidae,Proischnura,Proischnura_subfurcata,XO,14
Odonata,Coenagrionidae,Pseudagrion,Pseudagrion_acaciae,XO,14
Odonata,Coenagrionidae,Pseudagrion,Pseudagrion_australasiae,XO,14
Odonata,Coenagrionidae,Pseudagrion,Pseudagrion_decorum,XO,14
Odonata,Coenagrionidae,Pseudagrion,Pseudagrion_kersteni,XO,14
Odonata,Coenagrionidae,Pseudagrion,Pseudagrion_microcephalum,XO,14
Odonata,Coenagrionidae,Pseudagrion,Pseudagrion_pruinosum,XO,14
Odonata,Coenagrionidae,Pseudagrion,Pseudagrion_rubriceps,XO,14
Odonata,Coenagrionidae,Pseudagrion,Pseudagrion_salisburyense,XO,14
Odonata,Coenagrionidae,Pseudagrion,Pseudagrion_spencei,XO,14
Odonata,Coenagrionidae,Pseudagrion,Pseudagrion_whellani,XO,13
Odonata,Coenagrionidae,Telebasis,Telebasis_carmesina,XO,14
Odonata,Coenagrionidae,Tigriagrion,Tigriagrion_aurantinigrum,XO,14
Odonata,Coenagrionidae,Xanthocnemis,Xanthocnemis_zealandica,XO,14
Odonata,Coenagrionidae,Zoniagrion,Zoniagrion_exclamationis,XO,14
Odonata,Protoneuridae,Caconeura,Caconeura_autumnalis,XO,13
Odonata,Protoneuridae,Epipleoneura,Epipleoneura_sp.,XO,14
Odonata,Protoneuridae,Protoneura,Protoneura_rubriventris,XO,14
Odonata,Aeshnidae,Aeshna,Aeshna_cf._unicolor,XO,14
Odonata,Aeshnidae,Gynacantha,Gynacantha_milliardi,XO,13
Odonata,Aeshnidae,Gynacantha,Gynacantha_milliardi,XO,14
Odonata,Aeshnidae ,Remartinia,Remartinia_luteipennis_,XO,14
Odonata,Calopterygidae,Mnais,Mnais_strigata,XO,13
Odonata,Chlorocyphidae,Rhinocypha,Rhinocypha_unimaculata,XO,12
Odonata,Coenagrionidae,Ceratura,Ceratura_capreola,XO,14
Odonata,Coenagrionidae,Coenagrion,Coenagrion_sp.,XO,14
Odonata,Coenagrionidae,Enallagma,Enallagma_cheliferum,XO,14
Odonata,Coenagrionidae,Ischnura,Ischnura_cf._ultima,XO,14
Odonata,Coenagrionidae,Ischnura,Ischnura_inarmata,XO,14
Odonata,Coenagrionidae,Neogomphus,Neogomphus_modestus,XO,12
Odonata,Coenagrionidae,Neoneura,Neoneura_rubriventris,XO,14
Odonata,Coenagrionidae ,Paracercion,Paracercion_calamorum,XO,14
Odonata,Corduliidae,Epitheca,Epitheca_princeps,XO,13
Odonata,Gomphidae,Davidius,Davidius_zallorensis,XO,12
Odonata,Gomphidae,Gomphoides,Gomphoides_sp.,XO,12
Odonata,Gomphidae,Phyllocycla,Phyllocycla_sp.,XO,12
Odonata,Gomphidae ,Erpetogomphus,Erpetogomphus_eutainia,XO,12
Odonata,Gomphidae ,Gomphus,Gomphus_graslinii,XO,12
Odonata,Gomphidae ,Ophiogomphus,Ophiogomphus_serpentinus,XO,12
Odonata,Gomphidae ,Phanogomphus,Phanogomphus_exilis,XO,12
Odonata,Gomphidae ,Phanogomphus,Phanogomphus_kurilis,XO,12
Odonata,Libellulidae,Cannacria,Cannacria_elisa,XO,13
Odonata,Libellulidae,Cannacria,Cannacria_fasciata,XO,13
Odonata,Libellulidae,Erythrodiplax,Erythrodiplax_atroterminata,XO,7
Odonata,Libellulidae,Erythrodiplax,Erythrodiplax_pallida,XO,13
Odonata,Libellulidae,Macrothemis,Macrothemis_sp.,XO,13
Odonata,Libellulidae,Micrathyria,Micrathyria_cf._eximia,XO,11
Odonata,Libellulidae,Micrathyria,Micrathyria_hypodidyma,XO,13
Odonata,Libellulidae,Micrathyria,Micrathyria_sp.,XO,12
Odonata,Libellulidae,Orthetrum,Orthetrum_iuzonicum,XO,12
Odonata,Libellulidae,Palpopleura,Palpopleura_portia,XO,13
Odonata,Libellulidae,Perithemis,Perithemis_sp.,XO,13
Odonata,Libellulidae,Sympetrum,Sympetrum_illotum,XO,13
Odonata,Libellulidae,Trithemis,Trithemis_grouti,XO,13
Odonata,Petaluridae,Tanypteryx,Tanypteryx_pryeri,XO,9
Odonata,Platycnemididae,Elattoneura,Elattoneura_atkinsoni,XO,13
Odonata,Platycnemididae ,Igneocnemis,Igneocnemis_incisa,XO,13
Odonata,Platycnemididae ,Pseudocopera,Pseudocopera_annulata,XO,13
Odonata,Protoneuridae,Epipleoneura,Epipleoneura_sp.,XO,14
Odonata,Pseudostigmatidae,Mecistogaster,Mecistogaster_sp._1,XO,15
Odonata,Aeshnidae,Gynacantha,Gynacantha_hyalina,XX*,14
Odonata,Gomphidae,Ophiogomphus,Ophiogomphus_cecilia,XX*,12
Odonata,Corduliidae,Somatochlora,Somatochlora_metallica,XX*,13
Odonata,Libellulidae,Leucorrhinia,Leucorrhinia_dubia,XX*,13
Odonata,Libellulidae,Leucorrhinia,Leucorrhinia_pectoralis,XX*,13
Odonata,Coenagrionidae,Argia,Argia_funebris,XX*,14
Odonata,Coenagrionidae,Nehalennia,Nehalennia_speciosa,XX*,14
Odonata,Coenagrionidae,Pyrrhosoma,Pyrrhosoma_nymphula,XX*,14
Odonata,Libellulidae,Micrathyria,Micrathyria_ungulata,XXY,11
Odonata,Aeshnidae,Aeshna,Aeshna_caerulea,XY,12
Odonata,Aeshnidae,Aeshna,Aeshna_grandis,XY,13
Odonata,Aeshnidae,Aeshna,Aeshna_juncea,XY,13
Odonata,Aeshnidae,Aeshna,Aeshna_serrata,XY,13
Odonata,Aeshnidae,Aeshna,Aeshna_viridis,XY,13
Odonata,Aeshnidae,Anax,Anax_ephippiger,XY,7
Odonata,Aeshnidae,Caliaeschna,Caliaeschna_microstigma,XY,8
Odonata,Aeshnidae,Gynacantha,Gynacantha_interioris,XY,13
Odonata,Aeshnidae,Rhionaeschna,Rhionaeschna_bonariensis,XY,13
Odonata,Aeshnidae,Rhionaeschna,Rhionaeschna_planaltica,XY,8
Odonata,Gomphidae,Nychogomphus,Nychogomphus_duaricus,XY,11
Odonata,Gomphidae,Onychogomphus,Onychogomphus_forcipatus,XY,11
Odonata,Gomphidae,Onychogomphus,Onychogomphus_saundersi,XY,11
Odonata,Gomphidae,Stylurus,Stylurus_townesi,XY,11
Odonata,Corduliidae,Dorocordulia,Dorocordulia_libera,XY,7
Odonata,Libellulidae,Crocothemis,Crocothemis_servilia,XY,12
Odonata,Libellulidae,Elasmothemis,Elasmothemis_williamsoni,XY,11
Odonata,Libellulidae,Erythrodiplax,Erythrodiplax_media,XY,11
Odonata,Libellulidae,Erythrodiplax,Erythrodiplax_minuscula,XY,11
Odonata,Libellulidae,Macrothemis,Macrothemis_hemichlora,XY,3
Odonata,Libellulidae,Micrathyria,Micrathyria_longifasciata,XY,12
Odonata,Libellulidae,Neurothemis,Neurothemis_tullia,XY,14
Odonata,Libellulidae,Orthemis,Orthemis_aequilibris_,XY,6
Odonata,Libellulidae,Orthemis,Orthemis_ambinigra,XY,6
Odonata,Libellulidae,Orthemis,Orthemis_ferruginea,XY,5
Odonata,Libellulidae,Orthemis,Orthemis_levis,XY,3
Odonata,Libellulidae,Orthemis,Orthemis_levis,XY,4
Odonata,Libellulidae,Pseudothemis,Pseudothemis_zonata,XY,12
Odonata,Coenagrionidae,Leptagrion,Leptagrion_macrurum,XY,15
Odonata,Coenagrionidae,Mecistogaster,Mecistogaster_sp._2,XY,6
Odonata,Aeshnidae,Rhionaeschna,Rhionaeschna_sp.,XY,13
Odonata,Aeshnidae,Rhionaeschna,Rhionaeschna_cornigera,XY,8
Odonata,Corduliidae,Corduliochlora,Corduliochlora_borisi,XY,10
Odonata,Libellulidae,Erythrodiplax,Erythrodiplax_media,XY,11
Odonata,Pseudostigmatidae,Mecistogaster,Mecistogaster_sp._2,XY,6