Family,Genus,epithet,species,haploid
Rubiaceae,Acranthera,ceylanica,Acranthera_ceylanica,10
Rubiaceae,Adina,pilulifera,Adina_pilulifera,22
Rubiaceae,Agathisanthemum,boJeri,Agathisanthemum_bojeri,9
Rubiaceae,Agathisanthemum,bojeri,Agathisanthemum_bojeri,9
Rubiaceae,Agathisanthemum,globosum,Agathisanthemum_globosum,18
Rubiaceae,Aidia,micrantha,Aidia_micrantha,11
Rubiaceae,Alberta,magna,Alberta_magna,22
Rubiaceae,Alibertia,edulis,Alibertia_edulis,11
Rubiaceae,Amaioua,intermedia,Amaioua_intermedia,33
Rubiaceae,Amphiasma,merenskyanum,Amphiasma_merenskyanum,9
Rubiaceae,Anthocephalus,cademoc,Anthocephalus_cademoc,22
Rubiaceae,Anthospermum,aethiopicum,Anthospermum_aethiopicum,11
Rubiaceae,Anthospermum,basuticum,Anthospermum_basuticum,11
Rubiaceae,Anthospermum,bergianum,Anthospermum_bergianum,11
Rubiaceae,Anthospermum,bicorne,Anthospermum_bicorne,11
Rubiaceae,Anthospermum,cameroonense,Anthospermum_cameroonense,11
Rubiaceae,Anthospermum,comptonii,Anthospermum_comptonii,11
Rubiaceae,Anthospermum,dregei,Anthospermum_dregei,11
Rubiaceae,Anthospermum,emirnense,Anthospermum_emirnense,11
Rubiaceae,Anthospermum,esterhuysenianum,Anthospermum_esterhuysenianum,11
Rubiaceae,Anthospermum,galioides,Anthospermum_galioides,11
Rubiaceae,Anthospermum,galpinii,Anthospermum_galpinii,11
Rubiaceae,Anthospermum,herbaceum,Anthospermum_herbaceum,11
Rubiaceae,Anthospermum,herbateum,Anthospermum_herbateum,11
Rubiaceae,Anthospermum,hirsuta,Anthospermum_hirsuta,22
Rubiaceae,Anthospermum,hirtum,Anthospermum_hirtum,11
Rubiaceae,Anthospermum,hispidulum,Anthospermum_hispidulum,11
Rubiaceae,Anthospermum,ibityense,Anthospermum_ibityense,11
Rubiaceae,Anthospermum,littoreum,Anthospermum_littoreum,11
Rubiaceae,Anthospermum,pachyrrizum,Anthospermum_pachyrrizum,11
Rubiaceae,Anthospermum,paniculatum,Anthospermum_paniculatum,11
Rubiaceae,Anthospermum,prostratum,Anthospermum_prostratum,11
Rubiaceae,Anthospermum,pumilum,Anthospermum_pumilum,11
Rubiaceae,Anthospermum,spathulatum,Anthospermum_spathulatum,22
Rubiaceae,Anthospermum,streyi,Anthospermum_streyi,11
Rubiaceae,Anthospermum,usambarense,Anthospermum_usambarense,11
Rubiaceae,Anthospermum,welwitschii,Anthospermum_welwitschii,11
Rubiaceae,Aphaenandra,uniflora,Aphaenandra_uniflora,11
Rubiaceae,Arcytophyllum,thymifolium,Arcytophyllum_thymifolium,18
Rubiaceae,Argocoffeopsis,afzelii,Argocoffeopsis_afzelii,11
Rubiaceae,Argostemma,diversifolium,Argostemma_diversifolium,11
Rubiaceae,Argostemma,hookeri,Argostemma_hookeri,16
Rubiaceae,Argostemma,neurocalyx,Argostemma_neurocalyx,11
Rubiaceae,Argostemma,pictum,Argostemma_pictum,11
Rubiaceae,Argostemma,pumilum,Argostemma_pumilum,11
Rubiaceae,Argostemma,verticillatum,Argostemma_verticillatum,14
Rubiaceae,Aspera,spica-venti,Aspera_spica-venti,7
Rubiaceae,Asperula,Asperula arvensis,Asperula_asperula arvensis,11
Rubiaceae,Asperula,Asperula cynanchica,Asperula_asperula cynanchica,20
Rubiaceae,Asperula,arcadiensis,Asperula_arcadiensis,11
Rubiaceae,Asperula,aristata,Asperula_aristata,22
Rubiaceae,Asperula,arvensis,Asperula_arvensis,11
Rubiaceae,Asperula,"aspe""ima","Asperula_aspe""ima",11
Rubiaceae,Asperula,azurea,Asperula_azurea,11
Rubiaceae,Asperula,baenitzii,Asperula_baenitzii,11
Rubiaceae,Asperula,boissieri,Asperula_boissieri,11
Rubiaceae,Asperula,calabra,Asperula_calabra,20
Rubiaceae,Asperula,capitata,Asperula_capitata,11
Rubiaceae,Asperula,chlorantha,Asperula_chlorantha,11
Rubiaceae,Asperula,ciliata,Asperula_ciliata,22
Rubiaceae,Asperula,crassula,Asperula_crassula,11
Rubiaceae,Asperula,cynanchica,Asperula_cynanchica,20
Rubiaceae,Asperula,cynanchica L.,Asperula_cynanchica l.,22
Rubiaceae,Asperula,deficiens,Asperula_deficiens,10
Rubiaceae,Asperula,doerfleri,Asperula_doerfleri,11
Rubiaceae,Asperula,gionae,Asperula_gionae,11
Rubiaceae,Asperula,hercegovina,Asperula_hercegovina,11
Rubiaceae,Asperula,hexaphylla,Asperula_hexaphylla,11
Rubiaceae,Asperula,hirsuta,Asperula_hirsuta,11
Rubiaceae,Asperula,hirta,Asperula_hirta,11
Rubiaceae,Asperula,hungarorum,Asperula_hungarorum,11
Rubiaceae,Asperula,idaea,Asperula_idaea,22
Rubiaceae,Asperula,incana,Asperula_incana,22
Rubiaceae,Asperula,laevigata,Asperula_laevigata,11
Rubiaceae,Asperula,molluginoides,Asperula_molluginoides,10
Rubiaceae,Asperula,mollugo,Asperula_mollugo,22
Rubiaceae,Asperula,montana,Asperula_montana,22
Rubiaceae,Asperula,muscosa,Asperula_muscosa,11
Rubiaceae,Asperula,naufraga,Asperula_naufraga,10
Rubiaceae,Asperula,neilreichii,Asperula_neilreichii,10
Rubiaceae,Asperula,orientalis,Asperula_orientalis,11
Rubiaceae,Asperula,paui,Asperula_paui,11
Rubiaceae,Asperula,perpusillum,Asperula_perpusillum,44
Rubiaceae,Asperula,perpusillum (Hook.f.) Allan,Asperula_perpusillum (hook.f.) allan,44
Rubiaceae,Asperula,pulvinaris,Asperula_pulvinaris,22
Rubiaceae,Asperula,purpurea,Asperula_purpurea,11
Rubiaceae,Asperula,purpureum,Asperula_purpureum,11
Rubiaceae,Asperula,rigida,Asperula_rigida,11
Rubiaceae,Asperula,rigidula,Asperula_rigidula,22
Rubiaceae,Asperula,rotundifolia,Asperula_rotundifolia,11
Rubiaceae,Asperula,rotundifolium,Asperula_rotundifolium,11
Rubiaceae,Asperula,rupestris,Asperula_rupestris,22
Rubiaceae,Asperula,scutellaris,Asperula_scutellaris,11
Rubiaceae,Asperula,setosa,Asperula_setosa,11
Rubiaceae,Asperula,supina,Asperula_supina,10
Rubiaceae,Asperula,taurina,Asperula_taurina,11
Rubiaceae,Asperula,tinctoria,Asperula_tinctoria,22
Rubiaceae,Asperula,tinctoria L.,Asperula_tinctoria l.,22
Rubiaceae,Asperula,tournefortii,Asperula_tournefortii,11
Rubiaceae,Atractocarpus,longipes,Atractocarpus_longipes,11
Rubiaceae,Atractogyne,bracteata,Atractogyne_bracteata,11
Rubiaceae,Aulacocalyx,laxiflora,Aulacocalyx_laxiflora,11
Rubiaceae,Benkara,fasciculata,Benkara_fasciculata,11
Rubiaceae,Benkara,malabarica,Benkara_malabarica,11
Rubiaceae,Bertiera,bracteolata,Bertiera_bracteolata,11
Rubiaceae,Bertiera,spicata,Bertiera_spicata,11
Rubiaceae,Bertiera,zaluziana,Bertiera_zaluziana,11
Rubiaceae,Bobea,timonioides,Bobea_timonioides,44
Rubiaceae,Bouvardia,chrysantha,Bouvardia_chrysantha,36
Rubiaceae,Bouvardia,corymbosa,Bouvardia_corymbosa,18
Rubiaceae,Bouvardia,leiantha,Bouvardia_leiantha,36
Rubiaceae,Bouvardia,mexicana,Bouvardia_mexicana,17
Rubiaceae,Bouvardia,multiflora,Bouvardia_multiflora,36
Rubiaceae,Bouvardia,ternifolia,Bouvardia_ternifolia,36
Rubiaceae,Breonia,chinensis,Breonia_chinensis,22
Rubiaceae,Bullockia,setiflorum,Bullockia_setiflorum,22
Rubiaceae,Burchellia,capensis,Burchellia_capensis,20
Rubiaceae,Callipeltis,cucullaria,Callipeltis_cucullaria,11
Rubiaceae,Callipeltis,cucullaris,Callipeltis_cucullaris,11
Rubiaceae,Callipeltis,factorovskyi,Callipeltis_factorovskyi,11
Rubiaceae,Calycophyllum,candidissimum,Calycophyllum_candidissimum,17
Rubiaceae,Calycosia,sessilis,Calycosia_sessilis,22
Rubiaceae,Canthium,aagustifolium,Canthium_aagustifolium,11
Rubiaceae,Canthium,angustifolium,Canthium_angustifolium,22
Rubiaceae,Canthium,coromandelicum,Canthium_coromandelicum,22
Rubiaceae,Canthium,parviflora,Canthium_parviflora,22
Rubiaceae,Canthium,parviflorum,Canthium_parviflorum,22
Rubiaceae,Canthium,suberosum,Canthium_suberosum,22
Rubiaceae,Carapichea,ipecacuanha,Carapichea_ipecacuanha,11
Rubiaceae,Carpacoce,heteromorpha,Carpacoce_heteromorpha,11
Rubiaceae,Carpacoce,scabra,Carpacoce_scabra,11
Rubiaceae,Carpacoce,spermacocea,Carpacoce_spermacocea,11
Rubiaceae,Carpacoce,vaginellata,Carpacoce_vaginellata,11
Rubiaceae,Carterella,alexanderae,Carterella_alexanderae,13
Rubiaceae,Catesbaea,latifolia,Catesbaea_latifolia,12
Rubiaceae,Catesbaea,spinosa,Catesbaea_spinosa,12
Rubiaceae,Catunaregam,dumetorum,Catunaregam_dumetorum,11
Rubiaceae,Catunaregam,spincsa,Catunaregam_spincsa,11
Rubiaceae,Catunaregam,spinosa,Catunaregam_spinosa,11
Rubiaceae,Cephaelis,bearii,Cephaelis_bearii,11
Rubiaceae,Cephalanthus,occidentalis,Cephalanthus_occidentalis,22
Rubiaceae,Chasallia,discolor,Chasallia_discolor,11
Rubiaceae,Chasallia,ophioxyloides,Chasallia_ophioxyloides,22
Rubiaceae,Chassalia,corallifera,Chassalia_corallifera,11
Rubiaceae,Chassalia,curviflora,Chassalia_curviflora,11
Rubiaceae,Chassalia,kolly,Chassalia_kolly,11
Rubiaceae,Chazaliella,sciadephora,Chazaliella_sciadephora,11
Rubiaceae,Chiococca,alba,Chiococca_alba,12
Rubiaceae,Chiococca,coriacea,Chiococca_coriacea,13
Rubiaceae,Chiococca,racemosa,Chiococca_racemosa,12
Rubiaceae,Cinchona,calisaya,Cinchona_calisaya,17
Rubiaceae,Cinchona,hybrida,Cinchona_hybrida,17
Rubiaceae,Cinchona,ledgeriana,Cinchona_ledgeriana,17
Rubiaceae,Cinchona,officinalis,Cinchona_officinalis,17
Rubiaceae,Cinchona,robusta,Cinchona_robusta,17
Rubiaceae,Cinchona,succirubra,Cinchona_succirubra,17
Rubiaceae,Coccocypselum,brevipetiolatum,Coccocypselum_brevipetiolatum,10
Rubiaceae,Coccocypselum,decumbens,Coccocypselum_decumbens,10
Rubiaceae,Coccocypselum,guianense,Coccocypselum_guianense,20
Rubiaceae,Coccocypselum,lanceolatum,Coccocypselum_lanceolatum,10
Rubiaceae,Coffea,abeokutae,Coffea_abeokutae,11
Rubiaceae,Coffea,anthonyi,Coffea_anthonyi,11
Rubiaceae,Coffea,arabica,Coffea_arabica,22
Rubiaceae,Coffea,bengalensis,Coffea_bengalensis,11
Rubiaceae,Coffea,bertrandii,Coffea_bertrandii,11
Rubiaceae,Coffea,brevipes,Coffea_brevipes,11
Rubiaceae,Coffea,canephora,Coffea_canephora,11
Rubiaceae,Coffea,congensis,Coffea_congensis,11
Rubiaceae,Coffea,costatifructa,Coffea_costatifructa,11
Rubiaceae,Coffea,dewevrei,Coffea_dewevrei,11
Rubiaceae,Coffea,dybowskii,Coffea_dybowskii,11
Rubiaceae,Coffea,ebracteolata,Coffea_ebracteolata,11
Rubiaceae,Coffea,ebracteolatus,Coffea_ebracteolatus,11
Rubiaceae,Coffea,eugenioides,Coffea_eugenioides,11
Rubiaceae,Coffea,eugenoides,Coffea_eugenoides,11
Rubiaceae,Coffea,excelsa,Coffea_excelsa,22
Rubiaceae,Coffea,farafanganensis,Coffea_farafanganensis,11
Rubiaceae,Coffea,horsfieldiana,Coffea_horsfieldiana,22
Rubiaceae,Coffea,humilis,Coffea_humilis,11
Rubiaceae,Coffea,kapakata,Coffea_kapakata,11
Rubiaceae,Coffea,liberica,Coffea_liberica,11
Rubiaceae,Coffea,mannii,Coffea_mannii,11
Rubiaceae,Coffea,mauritanica,Coffea_mauritanica,11
Rubiaceae,Coffea,millotii,Coffea_millotii,11
Rubiaceae,Coffea,pocsii,Coffea_pocsii,11
Rubiaceae,Coffea,pseudozanguebariae,Coffea_pseudozanguebariae,11
Rubiaceae,Coffea,racemosa,Coffea_racemosa,11
Rubiaceae,Coffea,robusta,Coffea_robusta,11
Rubiaceae,Coffea,salvatrix,Coffea_salvatrix,11
Rubiaceae,Coffea,semiexserta,Coffea_semiexserta,11
Rubiaceae,Coffea,sessiliflora,Coffea_sessiliflora,11
Rubiaceae,Coffea,stenophylla,Coffea_stenophylla,11
Rubiaceae,Coffea,travancorensis,Coffea_travancorensis,11
Rubiaceae,Coffea,ugandae,Coffea_ugandae,11
Rubiaceae,Coffea,×heterocalyx,Coffea_×heterocalyx,11
Rubiaceae,Condaminea,corymbosa,Condaminea_corymbosa,11
Rubiaceae,Conostomium,kenyense,Conostomium_kenyense,18
Rubiaceae,Conostomium,natalense,Conostomium_natalense,9
Rubiaceae,Conostomium,quadrangulare,Conostomium_quadrangulare,9
Rubiaceae,Coprosma,Coprosma repens,Coprosma_coprosma repens,22
Rubiaceae,Coprosma,acerosa,Coprosma_acerosa,22
Rubiaceae,Coprosma,acerosa A.Cunn.,Coprosma_acerosa a.cunn.,22
Rubiaceae,Coprosma,acutifolia,Coprosma_acutifolia,22
Rubiaceae,Coprosma,acutifolia Hook.f.,Coprosma_acutifolia hook.f.,22
Rubiaceae,Coprosma,arborea,Coprosma_arborea,22
Rubiaceae,Coprosma,arborea Kirk,Coprosma_arborea kirk,22
Rubiaceae,Coprosma,areolata,Coprosma_areolata,22
Rubiaceae,Coprosma,areolata Cheeseman,Coprosma_areolata cheeseman,22
Rubiaceae,Coprosma,atropurpurea,Coprosma_atropurpurea,110
Rubiaceae,Coprosma,atropurpurea (Cockayne et Allan) L.B.Moore,Coprosma_atropurpurea (cockayne et allan) l.b.moore,110
Rubiaceae,Coprosma,baueri,Coprosma_baueri,22
Rubiaceae,Coprosma,chathamica Cockayne,Coprosma_chathamica cockayne,66
Rubiaceae,Coprosma,cheesemanii,Coprosma_cheesemanii,44
Rubiaceae,Coprosma,cheesemanii W.R.B.Oliv.,Coprosma_cheesemanii w.r.b.oliv.,44
Rubiaceae,Coprosma,ciliata,Coprosma_ciliata,44
Rubiaceae,Coprosma,ciliata Hook.f.,Coprosma_ciliata hook.f.,44
Rubiaceae,Coprosma,colensoi,Coprosma_colensoi,44
Rubiaceae,Coprosma,colensoi Hook.f.,Coprosma_colensoi hook.f.,44
Rubiaceae,Coprosma,crassifolia,Coprosma_crassifolia,66
Rubiaceae,Coprosma,crassifolia Colenso,Coprosma_crassifolia colenso,66
Rubiaceae,Coprosma,crenulata,Coprosma_crenulata,22
Rubiaceae,Coprosma,crenulata W.R.B.Oliv.,Coprosma_crenulata w.r.b.oliv.,22
Rubiaceae,Coprosma,cuneata,Coprosma_cuneata,22
Rubiaceae,Coprosma,cuneata Hook.f.,Coprosma_cuneata hook.f.,22
Rubiaceae,Coprosma,cunninghamii,Coprosma_cunninghamii,22
Rubiaceae,Coprosma,decurva,Coprosma_decurva,22
Rubiaceae,Coprosma,decurva Heads,Coprosma_decurva heads,22
Rubiaceae,Coprosma,depressa,Coprosma_depressa,22
Rubiaceae,Coprosma,depressa Colenso ex Hook.f.,Coprosma_depressa colenso ex hook.f.,22
Rubiaceae,Coprosma,distantia (de Lange et R.O.Gardner) de Lange,Coprosma_distantia (de lange et r.o.gardner) de lange,22
Rubiaceae,Coprosma,dodonaeifolia,Coprosma_dodonaeifolia,22
Rubiaceae,Coprosma,dodonaeifolia W.R.B.Oliv.,Coprosma_dodonaeifolia w.r.b.oliv.,22
Rubiaceae,Coprosma,dumosa (Cheeseman) G.T.Jane,Coprosma_dumosa (cheeseman) g.t.jane,66
Rubiaceae,Coprosma,elatirioides,Coprosma_elatirioides,22
Rubiaceae,Coprosma,elatirioides de Lange et A.S.Markey,Coprosma_elatirioides de lange et a.s.markey,22
Rubiaceae,Coprosma,ernodeoides,Coprosma_ernodeoides,110
Rubiaceae,Coprosma,foetidissima,Coprosma_foetidissima,66
Rubiaceae,Coprosma,foetidissima J.R.Forst. et G.Forst.,Coprosma_foetidissima j.r.forst. et g.forst.,66
Rubiaceae,Coprosma,foliosa,Coprosma_foliosa,22
Rubiaceae,Coprosma,fowerakeri D.A.Norton et de Lange,Coprosma_fowerakeri d.a.norton et de lange,44
Rubiaceae,Coprosma,grandiflora,Coprosma_grandiflora,22
Rubiaceae,Coprosma,grandifolia Hook.f.,Coprosma_grandifolia hook.f.,22
Rubiaceae,Coprosma,intertexta,Coprosma_intertexta,22
Rubiaceae,Coprosma,intertexta G.Simpson,Coprosma_intertexta g.simpson,22
Rubiaceae,Coprosma,laevigata,Coprosma_laevigata,22
Rubiaceae,Coprosma,linariifolia,Coprosma_linariifolia,22
Rubiaceae,Coprosma,linariifolia Hook.f.,Coprosma_linariifolia hook.f.,22
Rubiaceae,Coprosma,longifolia,Coprosma_longifolia,22
Rubiaceae,Coprosma,lucida,Coprosma_lucida,22
Rubiaceae,Coprosma,lucida J.R.Forst. et G.Forst.,Coprosma_lucida j.r.forst. et g.forst.,22
Rubiaceae,Coprosma,macrocarpa,Coprosma_macrocarpa,22
Rubiaceae,Coprosma,macrocarpa Cheeseman subsp. macrocarpa,Coprosma_macrocarpa cheeseman subsp. macrocarpa,22
Rubiaceae,Coprosma,microcarpa,Coprosma_microcarpa,22
Rubiaceae,Coprosma,microcarpa Hook.f.,Coprosma_microcarpa hook.f.,22
Rubiaceae,Coprosma,montana,Coprosma_montana,22
Rubiaceae,Coprosma,moorei,Coprosma_moorei,22
Rubiaceae,Coprosma,neglecta,Coprosma_neglecta,22
Rubiaceae,Coprosma,neglecta Cheeseman,Coprosma_neglecta cheeseman,22
Rubiaceae,Coprosma,niphophila,Coprosma_niphophila,66
Rubiaceae,Coprosma,niphophila Orchard,Coprosma_niphophila orchard,66
Rubiaceae,Coprosma,obconica,Coprosma_obconica,22
Rubiaceae,Coprosma,obconica Kirk,Coprosma_obconica kirk,22
Rubiaceae,Coprosma,parviflora,Coprosma_parviflora,66
Rubiaceae,Coprosma,parviflora Hook.f.,Coprosma_parviflora hook.f.,66
Rubiaceae,Coprosma,"pedicellata Molloy, de Lange et B.D.Clarkson","Coprosma_pedicellata molloy, de lange et b.d.clarkson",22
Rubiaceae,Coprosma,perpusilla Colenso subsp. perpusilla,Coprosma_perpusilla colenso subsp. perpusilla,66
Rubiaceae,Coprosma,perpusilla subsp. subantarctica Orchard,Coprosma_perpusilla subsp. subantarctica orchard,77
Rubiaceae,Coprosma,petiolata,Coprosma_petiolata,22
Rubiaceae,Coprosma,petiolata Hook.f.,Coprosma_petiolata hook.f.,22
Rubiaceae,Coprosma,petriei,Coprosma_petriei,22
Rubiaceae,Coprosma,petriei Cheeseman,Coprosma_petriei cheeseman,22
Rubiaceae,Coprosma,pilosa,Coprosma_pilosa,66
Rubiaceae,Coprosma,propinqua,Coprosma_propinqua,22
Rubiaceae,Coprosma,propinqua A.Cunn.  robusta Raoul,Coprosma_propinqua a.cunn.  robusta raoul,22
Rubiaceae,Coprosma,propinqua A.Cunn. var. propinqua,Coprosma_propinqua a.cunn. var. propinqua,22
Rubiaceae,Coprosma,pseudociliata G.T.Jane,Coprosma_pseudociliata g.t.jane,44
Rubiaceae,Coprosma,pseudocuneata,Coprosma_pseudocuneata,44
Rubiaceae,Coprosma,pseudocuneata W.R.B.Oliv. ex Garn.-Jones et Elder,Coprosma_pseudocuneata w.r.b.oliv. ex garn.-jones et elder,66
Rubiaceae,Coprosma,pumila,Coprosma_pumila,66
Rubiaceae,Coprosma,pyrifolia,Coprosma_pyrifolia,22
Rubiaceae,Coprosma,repens,Coprosma_repens,22
Rubiaceae,Coprosma,repens Hook.f.,Coprosma_repens hook.f.,22
Rubiaceae,Coprosma,repens Variegata ?,Coprosma_repens variegata ?,22
Rubiaceae,Coprosma,rhamnoides,Coprosma_rhamnoides,22
Rubiaceae,Coprosma,rhamnoides A.Cunn.,Coprosma_rhamnoides a.cunn.,22
Rubiaceae,Coprosma,rhynchocarpa,Coprosma_rhynchocarpa,22
Rubiaceae,Coprosma,rigida,Coprosma_rigida,22
Rubiaceae,Coprosma,rigida Cheeseman,Coprosma_rigida cheeseman,22
Rubiaceae,Coprosma,robusta,Coprosma_robusta,22
Rubiaceae,Coprosma,robusta ?,Coprosma_robusta ?,11
Rubiaceae,Coprosma,robusta Raoul,Coprosma_robusta raoul,22
Rubiaceae,Coprosma,rotundifolia,Coprosma_rotundifolia,22
Rubiaceae,Coprosma,rotundifolia A.Cunn.,Coprosma_rotundifolia a.cunn.,22
Rubiaceae,Coprosma,rubra,Coprosma_rubra,22
Rubiaceae,Coprosma,rubra Petrie,Coprosma_rubra petrie,22
Rubiaceae,Coprosma,rugosa,Coprosma_rugosa,22
Rubiaceae,Coprosma,rugosa Cheeseman,Coprosma_rugosa cheeseman,22
Rubiaceae,Coprosma,serrulata Hook.f. ex Buchanan,Coprosma_serrulata hook.f. ex buchanan,22
Rubiaceae,Coprosma,spathulata,Coprosma_spathulata,22
Rubiaceae,Coprosma,spathulata A.Cunn. subsp. spathulata,Coprosma_spathulata a.cunn. subsp. spathulata,22
Rubiaceae,Coprosma,strigulosa,Coprosma_strigulosa,22
Rubiaceae,Coprosma,talbrockiei,Coprosma_talbrockiei,22
Rubiaceae,Coprosma,talbrockiei L.B.Moore et R.Mason,Coprosma_talbrockiei l.b.moore et r.mason,22
Rubiaceae,Coprosma,tayloriae A.P.Druce ex G.T.Jane,Coprosma_tayloriae a.p.druce ex g.t.jane,66
Rubiaceae,Coprosma,tenuicaulis,Coprosma_tenuicaulis,22
Rubiaceae,Coprosma,tenuicaulis Hook.f.,Coprosma_tenuicaulis hook.f.,22
Rubiaceae,Coprosma,tenuifolia,Coprosma_tenuifolia,22
Rubiaceae,Coprosma,tenuifolia Cheeseman,Coprosma_tenuifolia cheeseman,22
Rubiaceae,Coprosma,virescens,Coprosma_virescens,22
Rubiaceae,Coprosma,virescens Petrie,Coprosma_virescens petrie,22
Rubiaceae,Coprosma,waima A.P.Druce,Coprosma_waima a.p.druce,22
Rubiaceae,Coprosma,waimeae,Coprosma_waimeae,22
Rubiaceae,Coprosma,wallii,Coprosma_wallii,66
Rubiaceae,Coprosma,wallii Petrie in Cheeseman,Coprosma_wallii petrie in cheeseman,66
Rubiaceae,Coptosapelta,flavescens,Coptosapelta_flavescens,11
Rubiaceae,Coptosperma,littoralis,Coptosperma_littoralis,11
Rubiaceae,Cordiera,concolor,Cordiera_concolor,11
Rubiaceae,Cordiera,sessilis,Cordiera_sessilis,11
Rubiaceae,Cordylostigma,longifolia,Cordylostigma_longifolia,18
Rubiaceae,Cordylostigma,virgata,Cordylostigma_virgata,27
Rubiaceae,Coussarea,hydrangeifolia,Coussarea_hydrangeifolia,11
Rubiaceae,Craterispermum,caudatum,Craterispermum_caudatum,11
Rubiaceae,Craterispermum,gracile,Craterispermum_gracile,11
Rubiaceae,Crossopteryx,febrifuga,Crossopteryx_febrifuga,11
Rubiaceae,Crucianella,aegyptiaca,Crucianella_aegyptiaca,11
Rubiaceae,Crucianella,aegyptica,Crucianella_aegyptica,11
Rubiaceae,Crucianella,angustifolia,Crucianella_angustifolia,11
Rubiaceae,Crucianella,augustifolia,Crucianella_augustifolia,11
Rubiaceae,Crucianella,chlorostachys,Crucianella_chlorostachys,11
Rubiaceae,Crucianella,gilanica,Crucianella_gilanica,11
Rubiaceae,Crucianella,glauca,Crucianella_glauca,11
Rubiaceae,Crucianella,graeca,Crucianella_graeca,11
Rubiaceae,Crucianella,herbacea,Crucianella_herbacea,11
Rubiaceae,Crucianella,imbricata,Crucianella_imbricata,11
Rubiaceae,Crucianella,latifolia,Crucianella_latifolia,22
Rubiaceae,Crucianella,macrostachya,Crucianella_macrostachya,11
Rubiaceae,Crucianella,maritima,Crucianella_maritima,11
Rubiaceae,Crucianella,patula,Crucianella_patula,11
Rubiaceae,Crucianella,rupestris,Crucianella_rupestris,11
Rubiaceae,Crucianella,sintenisii,Crucianella_sintenisii,11
Rubiaceae,Cruciata,Cruciata laevipes,Cruciata_cruciata laevipes,11
Rubiaceae,Cruciata,articulatum,Cruciata_articulatum,33
Rubiaceae,Cruciata,cruciata,Cruciata_cruciata,11
Rubiaceae,Cruciata,cruciatum,Cruciata_cruciatum,11
Rubiaceae,Cruciata,glabra,Cruciata_glabra,22
Rubiaceae,Cruciata,glabra (L.) EHREND.,Cruciata_glabra (l.) ehrend.,22
Rubiaceae,Cruciata,krylovii,Cruciata_krylovii,20
Rubiaceae,Cruciata,laevipes,Cruciata_laevipes,11
Rubiaceae,Cruciata,laevipes OPIZ,Cruciata_laevipes opiz,11
Rubiaceae,Cruciata,pedemontana,Cruciata_pedemontana,9
Rubiaceae,Cruciata,taurica,Cruciata_taurica,22
Rubiaceae,Crusea,parviflora,Crusea_parviflora,28
Rubiaceae,Cuviera,acutiflora,Cuviera_acutiflora,11
Rubiaceae,Cuviera,nigrescens,Cuviera_nigrescens,22
Rubiaceae,Cyanoneuron,cyaneum,Cyanoneuron_cyaneum,11
Rubiaceae,Damnacanthus,indicus,Damnacanthus_indicus,19
Rubiaceae,Dentella,repens,Dentella_repens,18
Rubiaceae,Dibrachionostylus,kaessneri,Dibrachionostylus_kaessneri,9
Rubiaceae,Dichilanthe,zeylanica,Dichilanthe_zeylanica,22
Rubiaceae,Diodella,maritima,Diodella_maritima,14
Rubiaceae,Diodella,serrulata,Diodella_serrulata,14
Rubiaceae,Diodella,teres,Diodella_teres,14
Rubiaceae,Diodia,virginiana,Diodia_virginiana,14
Rubiaceae,Dolichopentas,longiflora,Dolichopentas_longiflora,10
Rubiaceae,Emmenopterys,henryi,Emmenopterys_henryi,38
Rubiaceae,Empogona,junodii,Empogona_junodii,11
Rubiaceae,Empogona,reflexa,Empogona_reflexa,11
Rubiaceae,Ernodea,cokeri,Ernodea_cokeri,7
Rubiaceae,Ernodea,littoralis,Ernodea_littoralis,7
Rubiaceae,Ernodea,millspaughii,Ernodea_millspaughii,7
Rubiaceae,Ernodea,taylori,Ernodea_taylori,7
Rubiaceae,Euclinia,longiflora,Euclinia_longiflora,11
Rubiaceae,Euclinia,macrantha,Euclinia_macrantha,11
Rubiaceae,Exostema,myrtifolium,Exostema_myrtifolium,13
Rubiaceae,Exostema,nitens,Exostema_nitens,13
Rubiaceae,Exostema,subcordata,Exostema_subcordata,11
Rubiaceae,Feretia,aeruginescens,Feretia_aeruginescens,11
Rubiaceae,Feretia,apodanthera,Feretia_apodanthera,11
Rubiaceae,Feretia,canthioides,Feretia_canthioides,11
Rubiaceae,Fleroya,rubrostipulata,Fleroya_rubrostipulata,22
Rubiaceae,Gaertnera,occidentalis,Gaertnera_occidentalis,11
Rubiaceae,Gaertnera,paniculata,Gaertnera_paniculata,11
Rubiaceae,Galianthe,angulatum,Galianthe_angulatum,15
Rubiaceae,Galianthe,anthospermoides,Galianthe_anthospermoides,11
Rubiaceae,Galianthe,bogotensis,Galianthe_bogotensis,11
Rubiaceae,Galianthe,brasiliensis,Galianthe_brasiliensis,15
Rubiaceae,Galianthe,krausei,Galianthe_krausei,8
Rubiaceae,Galiniera,coffeoides,Galiniera_coffeoides,11
Rubiaceae,Galium,Galium album,Galium_galium album,22
Rubiaceae,Galium,Galium aparine,Galium_galium aparine,33
Rubiaceae,Galium,Galium boreale,Galium_galium boreale,22
Rubiaceae,Galium,Galium constrictum,Galium_galium constrictum,12
Rubiaceae,Galium,Galium odoratum,Galium_galium odoratum,22
Rubiaceae,Galium,Galium pumilum,Galium_galium pumilum,44
Rubiaceae,Galium,Galium saxatile,Galium_galium saxatile,22
Rubiaceae,Galium,Galium tricornutum,Galium_galium tricornutum,22
Rubiaceae,Galium,Galium verum,Galium_galium verum,22
Rubiaceae,Galium,abaujense,Galium_abaujense,22
Rubiaceae,Galium,absurdum,Galium_absurdum,11
Rubiaceae,Galium,acuminatum,Galium_acuminatum,11
Rubiaceae,Galium,acutum,Galium_acutum,11
Rubiaceae,Galium,adrianopolitanum,Galium_adrianopolitanum,22
Rubiaceae,Galium,aegeum,Galium_aegeum,22
Rubiaceae,Galium,aetnicum,Galium_aetnicum,22
Rubiaceae,Galium,agrophilum,Galium_agrophilum,22
Rubiaceae,Galium,album,Galium_album,22
Rubiaceae,Galium,angustifolium,Galium_angustifolium,11
Rubiaceae,Galium,anisophyllon,Galium_anisophyllon,22
Rubiaceae,Galium,anisophyllum,Galium_anisophyllum,11
Rubiaceae,Galium,anisophyllum VILL.,Galium_anisophyllum vill.,22
Rubiaceae,Galium,ankaratrense,Galium_ankaratrense,18
Rubiaceae,Galium,aparine,Galium_aparine,33
Rubiaceae,Galium,aparine L.,Galium_aparine l.,21
Rubiaceae,Galium,araucanum,Galium_araucanum,11
Rubiaceae,Galium,arenarium,Galium_arenarium,33
Rubiaceae,Galium,aristatum,Galium_aristatum,11
Rubiaceae,Galium,arkansanum,Galium_arkansanum,11
Rubiaceae,Galium,aschenbornii,Galium_aschenbornii,11
Rubiaceae,Galium,asperifolium,Galium_asperifolium,11
Rubiaceae,Galium,asprellum,Galium_asprellum,11
Rubiaceae,Galium,asturiocantabricum,Galium_asturiocantabricum,44
Rubiaceae,Galium,austriacum,Galium_austriacum,22
Rubiaceae,Galium,avascense,Galium_avascense,11
Rubiaceae,Galium,baeticum,Galium_baeticum,11
Rubiaceae,Galium,baillonii,Galium_baillonii,11
Rubiaceae,Galium,baldense,Galium_baldense,11
Rubiaceae,Galium,balearicum,Galium_balearicum,11
Rubiaceae,Galium,boissieranum,Galium_boissieranum,22
Rubiaceae,Galium,boreale,Galium_boreale,22
Rubiaceae,Galium,boreale L.,Galium_boreale l.,22
Rubiaceae,Galium,brockmannii,Galium_brockmannii,11
Rubiaceae,Galium,broterianum,Galium_broterianum,11
Rubiaceae,Galium,bulgaricum,Galium_bulgaricum,11
Rubiaceae,Galium,capense,Galium_capense,11
Rubiaceae,Galium,capreum,Galium_capreum,11
Rubiaceae,Galium,catalinense,Galium_catalinense,11
Rubiaceae,Galium,cespitosum,Galium_cespitosum,11
Rubiaceae,Galium,cinereum,Galium_cinereum,22
Rubiaceae,Galium,circae,Galium_circae,11
Rubiaceae,Galium,circaezans,Galium_circaezans,11
Rubiaceae,Galium,cliftonsmithii,Galium_cliftonsmithii,91
Rubiaceae,Galium,collomae,Galium_collomae,11
Rubiaceae,Galium,coloradoense,Galium_coloradoense,11
Rubiaceae,Galium,cometerhizon,Galium_cometerhizon,11
Rubiaceae,Galium,concatenatum,Galium_concatenatum,22
Rubiaceae,Galium,conforme,Galium_conforme,22
Rubiaceae,Galium,constrictum,Galium_constrictum,12
Rubiaceae,Galium,coreaceum,Galium_coreaceum,11
Rubiaceae,Galium,corrudaefolium,Galium_corrudaefolium,11
Rubiaceae,Galium,corrudifolium,Galium_corrudifolium,11
Rubiaceae,Galium,cracoviense,Galium_cracoviense,11
Rubiaceae,Galium,cracoviense EHREND.,Galium_cracoviense ehrend.,11
Rubiaceae,Galium,crespianum,Galium_crespianum,33
Rubiaceae,Galium,cyllenium,Galium_cyllenium,11
Rubiaceae,Galium,dahuricum,Galium_dahuricum,22
Rubiaceae,Galium,debile,Galium_debile,12
Rubiaceae,Galium,decorum,Galium_decorum,11
Rubiaceae,Galium,demissum,Galium_demissum,11
Rubiaceae,Galium,desereticum,Galium_desereticum,11
Rubiaceae,Galium,divaricatum,Galium_divaricatum,11
Rubiaceae,Galium,elongatum,Galium_elongatum,48
Rubiaceae,Galium,ephedroides,Galium_ephedroides,22
Rubiaceae,Galium,eriocarpum,Galium_eriocarpum,11
Rubiaceae,Galium,eruptivum*,Galium_eruptivum*,11
Rubiaceae,Galium,exaltatum,Galium_exaltatum,11
Rubiaceae,Galium,extensum,Galium_extensum,11
Rubiaceae,Galium,fendleri,Galium_fendleri,11
Rubiaceae,Galium,firmum,Galium_firmum,11
Rubiaceae,Galium,flavescens,Galium_flavescens,22
Rubiaceae,Galium,fleurotii,Galium_fleurotii,22
Rubiaceae,Galium,friedrichii,Galium_friedrichii,22
Rubiaceae,Galium,fruticescens,Galium_fruticescens,22
Rubiaceae,Galium,fruticosum,Galium_fruticosum,11
Rubiaceae,Galium,fuegianum,Galium_fuegianum,11
Rubiaceae,Galium,ghilaicum,Galium_ghilaicum,10
Rubiaceae,Galium,gilliesii,Galium_gilliesii,12
Rubiaceae,Galium,glabrescens,Galium_glabrescens,22
Rubiaceae,Galium,glauca,Galium_glauca,11
Rubiaceae,Galium,glaucum,Galium_glaucum,22
Rubiaceae,Galium,graecum,Galium_graecum,11
Rubiaceae,Galium,grande,Galium_grande,55
Rubiaceae,Galium,grayanum,Galium_grayanum,11
Rubiaceae,Galium,hallii,Galium_hallii,11
Rubiaceae,Galium,harcynicum,Galium_harcynicum,11
Rubiaceae,Galium,hardhamae,Galium_hardhamae,11
Rubiaceae,Galium,hardhamiae,Galium_hardhamiae,11
Rubiaceae,Galium,heldreichii,Galium_heldreichii,11
Rubiaceae,Galium,helodes,Galium_helodes,11
Rubiaceae,Galium,helveticum,Galium_helveticum,22
Rubiaceae,Galium,hercynicum,Galium_hercynicum,22
Rubiaceae,Galium,hilendiae,Galium_hilendiae,22
Rubiaceae,Galium,hirsutum,Galium_hirsutum,11
Rubiaceae,Galium,humifusa,Galium_humifusa,22
Rubiaceae,Galium,hypocarpium,Galium_hypocarpium,33
Rubiaceae,Galium,hypotrichium,Galium_hypotrichium,22
Rubiaceae,Galium,idubedae,Galium_idubedae,11
Rubiaceae,Galium,incanum,Galium_incanum,22
Rubiaceae,Galium,incurvum,Galium_incurvum,22
Rubiaceae,Galium,insulare,Galium_insulare,11
Rubiaceae,Galium,intermedium,Galium_intermedium,33
Rubiaceae,Galium,judaicum,Galium_judaicum,11
Rubiaceae,Galium,kamtchaticum,Galium_kamtchaticum,22
Rubiaceae,Galium,kerneri,Galium_kerneri,11
Rubiaceae,Galium,kitaibelianum,Galium_kitaibelianum,11
Rubiaceae,Galium,labradoricum,Galium_labradoricum,12
Rubiaceae,Galium,laconicum,Galium_laconicum,11
Rubiaceae,Galium,laevigatum,Galium_laevigatum,22
Rubiaceae,Galium,lovcense,Galium_lovcense,11
Rubiaceae,Galium,lucidum,Galium_lucidum,22
Rubiaceae,Galium,macedonicum,Galium_macedonicum,11
Rubiaceae,Galium,magellense,Galium_magellense,11
Rubiaceae,Galium,magnifolium,Galium_magnifolium,11
Rubiaceae,Galium,malickyi,Galium_malickyi,11
Rubiaceae,Galium,marchandii,Galium_marchandii,44
Rubiaceae,Galium,margaritaceum,Galium_margaritaceum,11
Rubiaceae,Galium,martirense,Galium_martirense,22
Rubiaceae,Galium,matthewsii,Galium_matthewsii,11
Rubiaceae,Galium,maximowiczii,Galium_maximowiczii,11
Rubiaceae,Galium,megalospermum,Galium_megalospermum,11
Rubiaceae,Galium,melanantherum,Galium_melanantherum,11
Rubiaceae,Galium,meliodorum,Galium_meliodorum,22
Rubiaceae,Galium,microphyllum,Galium_microphyllum,11
Rubiaceae,Galium,minutulum,Galium_minutulum,22
Rubiaceae,Galium,mirum,Galium_mirum,11
Rubiaceae,Galium,mixtum,Galium_mixtum,22
Rubiaceae,Galium,mollugo,Galium_mollugo,11
Rubiaceae,Galium,mollugo L.,Galium_mollugo l.,11
Rubiaceae,Galium,monachinii,Galium_monachinii,11
Rubiaceae,Galium,monasterium,Galium_monasterium,11
Rubiaceae,Galium,moralesianum,Galium_moralesianum,11
Rubiaceae,Galium,mucroniferum,Galium_mucroniferum,22
Rubiaceae,Galium,multiflorum,Galium_multiflorum,11
Rubiaceae,Galium,munzii,Galium_munzii,22
Rubiaceae,Galium,murale,Galium_murale,22
Rubiaceae,Galium,murcicum,Galium_murcicum,11
Rubiaceae,Galium,neglectum,Galium_neglectum,22
Rubiaceae,Galium,nevadense,Galium_nevadense,11
Rubiaceae,Galium,noricum,Galium_noricum,22
Rubiaceae,Galium,normanii,Galium_normanii,22
Rubiaceae,Galium,nuttalii,Galium_nuttalii,11
Rubiaceae,Galium,nuttallii,Galium_nuttallii,11
Rubiaceae,Galium,obliquum,Galium_obliquum,11
Rubiaceae,Galium,obtusum,Galium_obtusum,24
Rubiaceae,Galium,octonarium,Galium_octonarium,11
Rubiaceae,Galium,odorata,Galium_odorata,22
Rubiaceae,Galium,odoratum,Galium_odoratum,22
Rubiaceae,Galium,odoratum (L.) SCOP.,Galium_odoratum (l.) scop.,22
Rubiaceae,Galium,oelandicum,Galium_oelandicum,11
Rubiaceae,Galium,ophiolithicum,Galium_ophiolithicum,11
Rubiaceae,Galium,oreganum,Galium_oreganum,11
Rubiaceae,Galium,ossirvaense,Galium_ossirvaense,11
Rubiaceae,Galium,palaeoitalicum,Galium_palaeoitalicum,10
Rubiaceae,Galium,palustre,Galium_palustre,12
Rubiaceae,Galium,palustre L.,Galium_palustre l.,44
Rubiaceae,Galium,papillosum,Galium_papillosum,11
Rubiaceae,Galium,parishii,Galium_parishii,11
Rubiaceae,Galium,parisiense,Galium_parisiense,33
Rubiaceae,Galium,pastorale,Galium_pastorale,11
Rubiaceae,Galium,pauciflorum,Galium_pauciflorum,11
Rubiaceae,Galium,peloponnesiacum,Galium_peloponnesiacum,22
Rubiaceae,Galium,physocarpum,Galium_physocarpum,33
Rubiaceae,Galium,pilosum,Galium_pilosum,12
Rubiaceae,Galium,pisoderium,Galium_pisoderium,22
Rubiaceae,Galium,polonicum,Galium_polonicum,22
Rubiaceae,Galium,pomeranicum,Galium_pomeranicum,22
Rubiaceae,Galium,procurrens,Galium_procurrens,11
Rubiaceae,Galium,propinquum,Galium_propinquum,11
Rubiaceae,Galium,propinquum A.Cunn.,Galium_propinquum a.cunn.,11
Rubiaceae,Galium,protopycnotrichum,Galium_protopycnotrichum,11
Rubiaceae,Galium,pruinosum,Galium_pruinosum,11
Rubiaceae,Galium,pseudaristatum,Galium_pseudaristatum,11
Rubiaceae,Galium,pseudoaristatum,Galium_pseudoaristatum,11
Rubiaceae,Galium,pseudohelveticum,Galium_pseudohelveticum,22
Rubiaceae,Galium,pumilum,Galium_pumilum,44
Rubiaceae,Galium,pusillum,Galium_pusillum,44
Rubiaceae,Galium,pycnotrichum,Galium_pycnotrichum,22
Rubiaceae,Galium,pyrenaicum,Galium_pyrenaicum,11
Rubiaceae,Galium,reiseri,Galium_reiseri,11
Rubiaceae,Galium,rhodopeum,Galium_rhodopeum,11
Rubiaceae,Galium,rigidifolium,Galium_rigidifolium,22
Rubiaceae,Galium,rivale,Galium_rivale,33
Rubiaceae,Galium,rivalis,Galium_rivalis,11
Rubiaceae,Galium,rivulare,Galium_rivulare,11
Rubiaceae,Galium,rosellum,Galium_rosellum,11
Rubiaceae,Galium,rotundifolium,Galium_rotundifolium,11
Rubiaceae,Galium,rotundifolium L.,Galium_rotundifolium l.,11
Rubiaceae,Galium,rubioides,Galium_rubioides,33
Rubiaceae,Galium,rubrum,Galium_rubrum,44
Rubiaceae,Galium,ruprechtii,Galium_ruprechtii,12
Rubiaceae,Galium,ruthenicum,Galium_ruthenicum,22
Rubiaceae,Galium,sacrorum,Galium_sacrorum,22
Rubiaceae,Galium,samium,Galium_samium,11
Rubiaceae,Galium,samothracicum,Galium_samothracicum,22
Rubiaceae,Galium,saxatile,Galium_saxatile,22
Rubiaceae,Galium,saxatile L.,Galium_saxatile l.,22
Rubiaceae,Galium,saxosum,Galium_saxosum,11
Rubiaceae,Galium,scabrelloides,Galium_scabrelloides,11
Rubiaceae,Galium,scabrifolium,Galium_scabrifolium,11
Rubiaceae,Galium,scabriusculum,Galium_scabriusculum,22
Rubiaceae,Galium,scabrum,Galium_scabrum,11
Rubiaceae,Galium,schmidii,Galium_schmidii,22
Rubiaceae,Galium,schultesii,Galium_schultesii,33
Rubiaceae,Galium,schultesii VEST,Galium_schultesii vest,33
Rubiaceae,Galium,septentrionale,Galium_septentrionale,33
Rubiaceae,Galium,serpenticum,Galium_serpenticum,11
Rubiaceae,Galium,setaceum,Galium_setaceum,11
Rubiaceae,Galium,simense,Galium_simense,22
Rubiaceae,Galium,sparsiflorum,Galium_sparsiflorum,11
Rubiaceae,Galium,speciosum,Galium_speciosum,11
Rubiaceae,Galium,spurium,Galium_spurium,10
Rubiaceae,Galium,stellatum,Galium_stellatum,11
Rubiaceae,Galium,sterneri,Galium_sterneri,22
Rubiaceae,Galium,stojanovii,Galium_stojanovii,11
Rubiaceae,Galium,subvillosum,Galium_subvillosum,22
Rubiaceae,Galium,sudeticum,Galium_sudeticum,22
Rubiaceae,Galium,sudeticum TAUSCH,Galium_sudeticum tausch,22
Rubiaceae,Galium,suecicum,Galium_suecicum,11
Rubiaceae,Galium,sylvaticum,Galium_sylvaticum,11
Rubiaceae,Galium,t,Galium_t,12
Rubiaceae,Galium,talaveranum,Galium_talaveranum,11
Rubiaceae,Galium,taygeteum,Galium_taygeteum,22
Rubiaceae,Galium,tendae,Galium_tendae,11
Rubiaceae,Galium,tenuissimum,Galium_tenuissimum,22
Rubiaceae,Galium,thracicum,Galium_thracicum,11
Rubiaceae,Galium,thunbergianum,Galium_thunbergianum,11
Rubiaceae,Galium,timeroyi,Galium_timeroyi,11
Rubiaceae,Galium,tinctorium,Galium_tinctorium,12
Rubiaceae,Galium,tomentosum,Galium_tomentosum,22
Rubiaceae,Galium,tomentoswn,Galium_tomentoswn,22
Rubiaceae,Galium,tricornatum,Galium_tricornatum,22
Rubiaceae,Galium,tricorne,Galium_tricorne,22
Rubiaceae,Galium,tricornutum,Galium_tricornutum,22
Rubiaceae,Galium,trifidum,Galium_trifidum,12
Rubiaceae,Galium,trifloriforme,Galium_trifloriforme,52
Rubiaceae,Galium,triflorum,Galium_triflorum,33
Rubiaceae,Galium,trilobum,Galium_trilobum,22
Rubiaceae,Galium,trilobum Colenso,Galium_trilobum colenso,22
Rubiaceae,Galium,truniacum,Galium_truniacum,11
Rubiaceae,Galium,uliginosum,Galium_uliginosum,22
Rubiaceae,Galium,vaillantii,Galium_vaillantii,11
Rubiaceae,Galium,valdepilosum,Galium_valdepilosum,11
Rubiaceae,Galium,valdepilosum HEINR. BRAUN,Galium_valdepilosum heinr. braun,11
Rubiaceae,Galium,verosimile,Galium_verosimile,11
Rubiaceae,Galium,verrucosum,Galium_verrucosum,11
Rubiaceae,Galium,verticillatum,Galium_verticillatum,11
Rubiaceae,Galium,verum,Galium_verum,22
Rubiaceae,Galium,verum L.,Galium_verum l.,22
Rubiaceae,Galium,violaceum,Galium_violaceum,11
Rubiaceae,Galium,virgatum,Galium_virgatum,11
Rubiaceae,Galium,vivianum,Galium_vivianum,11
Rubiaceae,Galium,volcanense,Galium_volcanense,11
Rubiaceae,Galium,watsonii,Galium_watsonii,11
Rubiaceae,Galium,wigginsii,Galium_wigginsii,11
Rubiaceae,Galium,wirtgenii,Galium_wirtgenii,11
Rubiaceae,Galium,witheringii,Galium_witheringii,12
Rubiaceae,Galium,wrightii,Galium_wrightii,11
Rubiaceae,Galium,x,Galium_x,22
Rubiaceae,Galium,×pomeranicum,Galium_×pomeranicum,22
Rubiaceae,Galopina,aspera,Galopina_aspera,11
Rubiaceae,Galopina,circaeoides,Galopina_circaeoides,11
Rubiaceae,Galopina,crocyllioides,Galopina_crocyllioides,11
Rubiaceae,Galopina,tomentosa,Galopina_tomentosa,11
Rubiaceae,Gardenia,aqualla,Gardenia_aqualla,11
Rubiaceae,Gardenia,boninensis,Gardenia_boninensis,11
Rubiaceae,Gardenia,brighamii,Gardenia_brighamii,11
Rubiaceae,Gardenia,fasminoides,Gardenia_fasminoides,11
Rubiaceae,Gardenia,florida,Gardenia_florida,11
Rubiaceae,Gardenia,jasminoides,Gardenia_jasminoides,11
Rubiaceae,Gardenia,latifolia,Gardenia_latifolia,11
Rubiaceae,Gardenia,lucida,Gardenia_lucida,11
Rubiaceae,Gardenia,nitida,Gardenia_nitida,11
Rubiaceae,Gardenia,posoquerioides,Gardenia_posoquerioides,11
Rubiaceae,Gardenia,remyi,Gardenia_remyi,11
Rubiaceae,Gardenia,resinifera,Gardenia_resinifera,11
Rubiaceae,Gardenia,saxtilis,Gardenia_saxtilis,11
Rubiaceae,Gardenia,spatulifolia,Gardenia_spatulifolia,11
Rubiaceae,Gardenia,ternifolia,Gardenia_ternifolia,11
Rubiaceae,Gardenia,thunbergia,Gardenia_thunbergia,11
Rubiaceae,Gardenia,thunbergii,Gardenia_thunbergii,11
Rubiaceae,Gardenia,tubifera,Gardenia_tubifera,11
Rubiaceae,Gardenia,volkensii,Gardenia_volkensii,11
Rubiaceae,Genipa,americana,Genipa_americana,11
Rubiaceae,Genipa,infundibuliformis,Genipa_infundibuliformis,10
Rubiaceae,Geophila,cordiformis,Geophila_cordiformis,11
Rubiaceae,Geophila,obvallata,Geophila_obvallata,11
Rubiaceae,Geophila,reniformis,Geophila_reniformis,22
Rubiaceae,Geophila,repens,Geophila_repens,22
Rubiaceae,Geophila,uniflora,Geophila_uniflora,22
Rubiaceae,Guettarda,scabra,Guettarda_scabra,22
Rubiaceae,Guettarda,speciosa,Guettarda_speciosa,22
Rubiaceae,Guettarda,undulata,Guettarda_undulata,7
Rubiaceae,Guihaiothamnus,acaulis,Guihaiothamnus_acaulis,11
Rubiaceae,Haldina,cordifolia,Haldina_cordifolia,22
Rubiaceae,Hamelia,patens,Hamelia_patens,12
Rubiaceae,Hedyotis,articularis,Hedyotis_articularis,11
Rubiaceae,Hedyotis,nitida,Hedyotis_nitida,36
Rubiaceae,Hedyotis,pruinosa,Hedyotis_pruinosa,36
Rubiaceae,Hedyotis,scandens,Hedyotis_scandens,29
Rubiaceae,Hedyotis,uncinella,Hedyotis_uncinella,18
Rubiaceae,Heinsia,pulchella,Heinsia_pulchella,11
Rubiaceae,Himalrandia,tetrasperma,Himalrandia_tetrasperma,11
Rubiaceae,Hoffmannia,discolor,Hoffmannia_discolor,24
Rubiaceae,Hoffmannia,ghiesbreghtii,Hoffmannia_ghiesbreghtii,24
Rubiaceae,Hoffmannia,refulgens,Hoffmannia_refulgens,24
Rubiaceae,Hoffmannia,regalis,Hoffmannia_regalis,24
Rubiaceae,Hoffmannia,rejulgens,Hoffmannia_rejulgens,24
Rubiaceae,Houstonia,acerosa,Houstonia_acerosa,11
Rubiaceae,Houstonia,australis,Houstonia_australis,16
Rubiaceae,Houstonia,caerulea,Houstonia_caerulea,16
Rubiaceae,Houstonia,canadensis,Houstonia_canadensis,9
Rubiaceae,Houstonia,coerulea,Houstonia_coerulea,16
Rubiaceae,Houstonia,croftiae,Houstonia_croftiae,11
Rubiaceae,Houstonia,humifusa,Houstonia_humifusa,11
Rubiaceae,Houstonia,longifolia,Houstonia_longifolia,6
Rubiaceae,Houstonia,michauxii,Houstonia_michauxii,16
Rubiaceae,Houstonia,micrantha,Houstonia_micrantha,16
Rubiaceae,Houstonia,nigricans,Houstonia_nigricans,11
Rubiaceae,Houstonia,palmeri,Houstonia_palmeri,11
Rubiaceae,Houstonia,parviflora,Houstonia_parviflora,11
Rubiaceae,Houstonia,procumbens,Houstonia_procumbens,14
Rubiaceae,Houstonia,purpure,Houstonia_purpure,9
Rubiaceae,Houstonia,purpurea,Houstonia_purpurea,9
Rubiaceae,Houstonia,pusilla,Houstonia_pusilla,8
Rubiaceae,Houstonia,pygmaea,Houstonia_pygmaea,11
Rubiaceae,Houstonia,rosea,Houstonia_rosea,7
Rubiaceae,Houstonia,rubra,Houstonia_rubra,11
Rubiaceae,Houstonia,serpyllifolia,Houstonia_serpyllifolia,8
Rubiaceae,Houstonia,subviscosa,Houstonia_subviscosa,11
Rubiaceae,Houstonia,umbellata,Houstonia_umbellata,18
Rubiaceae,Houstonia,wrightii,Houstonia_wrightii,11
Rubiaceae,Hydnophytum,formicarium,Hydnophytum_formicarium,22
Rubiaceae,Hydnophytum,formicarum,Hydnophytum_formicarum,22
Rubiaceae,Hydrophylax,maritima,Hydrophylax_maritima,28
Rubiaceae,Hymenodictyon,excelsum,Hymenodictyon_excelsum,32
Rubiaceae,Hymenodictyon,excelswn,Hymenodictyon_excelswn,33
Rubiaceae,Hymenodictyon,floribundum,Hymenodictyon_floribundum,22
Rubiaceae,Hymenodictyon,orixense,Hymenodictyon_orixense,32
Rubiaceae,Hypodematium,crenatum,Hypodematium_crenatum,41
Rubiaceae,Hypodematium,fauriei,Hypodematium_fauriei,80
Rubiaceae,Ixora,acuminata,Ixora_acuminata,11
Rubiaceae,Ixora,ampliflora,Ixora_ampliflora,11
Rubiaceae,Ixora,arborea,Ixora_arborea,11
Rubiaceae,Ixora,bandhuca,Ixora_bandhuca,11
Rubiaceae,Ixora,barbata,Ixora_barbata,11
Rubiaceae,Ixora,brachiata,Ixora_brachiata,11
Rubiaceae,Ixora,calycina,Ixora_calycina,11
Rubiaceae,Ixora,chinensis,Ixora_chinensis,11
Rubiaceae,Ixora,coccinea,Ixora_coccinea,11
Rubiaceae,Ixora,congesta,Ixora_congesta,11
Rubiaceae,Ixora,cuneifolia,Ixora_cuneifolia,11
Rubiaceae,Ixora,duffii,Ixora_duffii,10
Rubiaceae,Ixora,finlaysoniana,Ixora_finlaysoniana,11
Rubiaceae,Ixora,griffithii,Ixora_griffithii,11
Rubiaceae,Ixora,javanica,Ixora_javanica,11
Rubiaceae,Ixora,lutea,Ixora_lutea,11
Rubiaceae,Ixora,multibracteata,Ixora_multibracteata,11
Rubiaceae,Ixora,nigricans,Ixora_nigricans,11
Rubiaceae,Ixora,notoniana,Ixora_notoniana,11
Rubiaceae,Ixora,parviflora,Ixora_parviflora,11
Rubiaceae,Ixora,plumea,Ixora_plumea,11
Rubiaceae,Ixora,radiata,Ixora_radiata,11
Rubiaceae,Ixora,renulosa,Ixora_renulosa,11
Rubiaceae,Ixora,rosea,Ixora_rosea,11
Rubiaceae,Ixora,samoensis,Ixora_samoensis,11
Rubiaceae,Ixora,spectabilis,Ixora_spectabilis,11
Rubiaceae,Ixora,splendida,Ixora_splendida,11
Rubiaceae,Ixora,stricta,Ixora_stricta,11
Rubiaceae,Ixora,subsessilis,Ixora_subsessilis,11
Rubiaceae,Ixora,undulata,Ixora_undulata,11
Rubiaceae,Ixora,villosa,Ixora_villosa,11
Rubiaceae,Kadua,axillaris,Kadua_axillaris,36
Rubiaceae,Kadua,centranthoides,Kadua_centranthoides,50
Rubiaceae,Kadua,littoralis,Kadua_littoralis,50
Rubiaceae,Kadua,terminalis,Kadua_terminalis,50
Rubiaceae,Keetia,rubens,Keetia_rubens,22
Rubiaceae,Keetia,venosum,Keetia_venosum,22
Rubiaceae,Kelloggia,chinensis,Kelloggia_chinensis,11
Rubiaceae,Kelloggia,galioides,Kelloggia_galioides,11
Rubiaceae,Knoxia,corymbosa,Knoxia_corymbosa,12
Rubiaceae,Knoxia,linearis,Knoxia_linearis,10
Rubiaceae,Knoxia,mollis,Knoxia_mollis,10
Rubiaceae,Knoxia,sumatrensis,Knoxia_sumatrensis,10
Rubiaceae,Kohautia,amatymbica,Kohautia_amatymbica,27
Rubiaceae,Kohautia,aspera,Kohautia_aspera,18
Rubiaceae,Kohautia,caespitosa,Kohautia_caespitosa,18
Rubiaceae,Kohautia,coccinea,Kohautia_coccinea,9
Rubiaceae,Kohautia,cynanchica,Kohautia_cynanchica,9
Rubiaceae,Kohautia,gracilis,Kohautia_gracilis,18
Rubiaceae,Kohautia,grandilora,Kohautia_grandilora,9
Rubiaceae,Kohautia,platyphylla,Kohautia_platyphylla,9
Rubiaceae,Kohautia,senegalensis,Kohautia_senegalensis,9
Rubiaceae,Lasianthus,acuminatus,Lasianthus_acuminatus,44
Rubiaceae,Lasianthus,erythrocarpum,Lasianthus_erythrocarpum,9
Rubiaceae,Lasianthus,hirsutum,Lasianthus_hirsutum,9
Rubiaceae,Lelya,prostrata(R.,Lelya_prostrata(r.,18
Rubiaceae,Leptactina,platyphylla,Leptactina_platyphylla,11
Rubiaceae,Leptactinia,mannii,Leptactinia_mannii,11
Rubiaceae,Leptodermis,lanceolata,Leptodermis_lanceolata,11
Rubiaceae,Leptodermis,pilosa,Leptodermis_pilosa,22
Rubiaceae,Leptodermis,virgata,Leptodermis_virgata,12
Rubiaceae,Leptopetalum,grayi,Leptopetalum_grayi,17
Rubiaceae,Leptostigma,setulosa,Leptostigma_setulosa,20
Rubiaceae,Leptostigma,setulosa (Hook.f.) Fosberg,Leptostigma_setulosa (hook.f.) fosberg,20
Rubiaceae,Leptostigma,setulosum,Leptostigma_setulosum,20
Rubiaceae,Luculia,gratissima,Luculia_gratissima,22
Rubiaceae,Luculia,pinceana,Luculia_pinceana,22
Rubiaceae,Macrosphyra,longistyla,Macrosphyra_longistyla,11
Rubiaceae,Manettia,bicolor,Manettia_bicolor,11
Rubiaceae,Manettia,coccinea,Manettia_coccinea,18
Rubiaceae,Manettia,inflata,Manettia_inflata,18
Rubiaceae,Manostachya,staelioides,Manostachya_staelioides,22
Rubiaceae,Massularia,acuminata,Massularia_acuminata,11
Rubiaceae,Massularia,acuminata(G.Don),Massularia_acuminata(g.don),11
Rubiaceae,Mericarpaea,vaillantoides,Mericarpaea_vaillantoides,11
Rubiaceae,Mexotis,gracilis,Mexotis_gracilis,17
Rubiaceae,Meyna,spinosa,Meyna_spinosa,22
Rubiaceae,Mitchella,repens,Mitchella_repens,11
Rubiaceae,Mitchella,undulata,Mitchella_undulata,11
Rubiaceae,Mitracarpus,breviflorus,Mitracarpus_breviflorus,42
Rubiaceae,Mitracarpus,hirtus,Mitracarpus_hirtus,14
Rubiaceae,Mitracarpus,hi~pida,Mitracarpus_hi~pida,14
Rubiaceae,Mitracarpus,linearis,Mitracarpus_linearis,40
Rubiaceae,Mitracarpus,verticillatus,Mitracarpus_verticillatus,16
Rubiaceae,Mitragyna,parvifolia,Mitragyna_parvifolia,22
Rubiaceae,Mitriostigma,axillare,Mitriostigma_axillare,11
Rubiaceae,Mitriostigma,axillaris,Mitriostigma_axillaris,11
Rubiaceae,Morinda,angustifolia,Morinda_angustifolia,11
Rubiaceae,Morinda,boninensis,Morinda_boninensis,22
Rubiaceae,Morinda,citridolia,Morinda_citridolia,11
Rubiaceae,Morinda,citrifolia,Morinda_citrifolia,22
Rubiaceae,Morinda,coreia,Morinda_coreia,11
Rubiaceae,Morinda,officinalis,Morinda_officinalis,11
Rubiaceae,Morinda,parvifolia,Morinda_parvifolia,11
Rubiaceae,Morinda,royoc,Morinda_royoc,11
Rubiaceae,Morinda,shuanghuaensis,Morinda_shuanghuaensis,11
Rubiaceae,Morinda,tinctoria,Morinda_tinctoria,11
Rubiaceae,Morinda,trimera,Morinda_trimera,11
Rubiaceae,Morinda,umbellata,Morinda_umbellata,11
Rubiaceae,Mouretia,larsenii,Mouretia_larsenii,11
Rubiaceae,Mussaenda,arcuata,Mussaenda_arcuata,11
Rubiaceae,Mussaenda,chippii,Mussaenda_chippii,11
Rubiaceae,Mussaenda,corymbosa,Mussaenda_corymbosa,11
Rubiaceae,Mussaenda,elegans,Mussaenda_elegans,11
Rubiaceae,Mussaenda,erythrophylla,Mussaenda_erythrophylla,11
Rubiaceae,Mussaenda,frondosa,Mussaenda_frondosa,11
Rubiaceae,Mussaenda,glabra,Mussaenda_glabra,11
Rubiaceae,Mussaenda,glabrata,Mussaenda_glabrata,11
Rubiaceae,Mussaenda,hirsutissima,Mussaenda_hirsutissima,11
Rubiaceae,Mussaenda,incana,Mussaenda_incana,11
Rubiaceae,Mussaenda,macrophylla,Mussaenda_macrophylla,11
Rubiaceae,Mussaenda,mutabilis,Mussaenda_mutabilis,11
Rubiaceae,Mussaenda,pentasaemia,Mussaenda_pentasaemia,11
Rubiaceae,Mussaenda,philippica,Mussaenda_philippica,11
Rubiaceae,Mussaenda,phillippica,Mussaenda_phillippica,11
Rubiaceae,Mussaenda,pilosissima,Mussaenda_pilosissima,11
Rubiaceae,Mussaenda,pubescens,Mussaenda_pubescens,11
Rubiaceae,Mussaenda,raiateensis,Mussaenda_raiateensis,11
Rubiaceae,Mussaenda,roxburghii,Mussaenda_roxburghii,11
Rubiaceae,Mussaenda,sanderiana,Mussaenda_sanderiana,11
Rubiaceae,Mussaenda,tomentosa,Mussaenda_tomentosa,11
Rubiaceae,Mussaenda,tristigmatica,Mussaenda_tristigmatica,11
Rubiaceae,Myrmecodia,echinata,Myrmecodia_echinata,44
Rubiaceae,Myrmecodia,platyrea,Myrmecodia_platyrea,22
Rubiaceae,Nauclea,diderrichii,Nauclea_diderrichii,22
Rubiaceae,Nauclea,orientalis,Nauclea_orientalis,44
Rubiaceae,Nauclea,pobeguini,Nauclea_pobeguini,22
Rubiaceae,Nauclea,trillesii,Nauclea_trillesii,22
Rubiaceae,Nauclea,xanthoxylon,Nauclea_xanthoxylon,22
Rubiaceae,Neanotis,gracilis,Neanotis_gracilis,9
Rubiaceae,Neanotis,hirsuta,Neanotis_hirsuta,18
Rubiaceae,Neanotis,monosperma,Neanotis_monosperma,18
Rubiaceae,Nenax,acerosa,Nenax_acerosa,22
Rubiaceae,Nenax,arenicola,Nenax_arenicola,22
Rubiaceae,Nenax,cinerea,Nenax_cinerea,11
Rubiaceae,Nenax,coronata,Nenax_coronata,11
Rubiaceae,Nenax,divaricata,Nenax_divaricata,11
Rubiaceae,Nenax,hirta,Nenax_hirta,11
Rubiaceae,Nenax,microphylla,Nenax_microphylla,11
Rubiaceae,Nenax,namaquensis,Nenax_namaquensis,11
Rubiaceae,Neolamarckia,cadamba,Neolamarckia_cadamba,22
Rubiaceae,Nertera,balfouriana,Nertera_balfouriana,22
Rubiaceae,Nertera,balfouriana Cockayne,Nertera_balfouriana cockayne,22
Rubiaceae,Nertera,ciliata,Nertera_ciliata,22
Rubiaceae,Nertera,ciliata Kirk,Nertera_ciliata kirk,22
Rubiaceae,Nertera,cunninghamii,Nertera_cunninghamii,22
Rubiaceae,Nertera,cunninghamii Hook.f.,Nertera_cunninghamii hook.f.,22
Rubiaceae,Nertera,depressa,Nertera_depressa,22
Rubiaceae,Nertera,depressa Banks et Sol. ex Gaertn.,Nertera_depressa banks et sol. ex gaertn.,22
Rubiaceae,Nertera,dichondrifolia,Nertera_dichondrifolia,22
Rubiaceae,Nertera,dichondrifolia (A.Cunn.) Hook.f.,Nertera_dichondrifolia (a.cunn.) hook.f.,22
Rubiaceae,Nertera,granadensis,Nertera_granadensis,22
Rubiaceae,Nertera,scapanioides,Nertera_scapanioides,22
Rubiaceae,Nertera,scapanioides Lange,Nertera_scapanioides lange,22
Rubiaceae,Nertera,villosa B.H.Macmill. et R.Mason,Nertera_villosa b.h.macmill. et r.mason,22
Rubiaceae,Nertera,yamashitae,Nertera_yamashitae,20
Rubiaceae,Nostolachma,jenkinsii,Nostolachma_jenkinsii,44
Rubiaceae,Oldenlandia,affinis,Oldenlandia_affinis,9
Rubiaceae,Oldenlandia,alata,Oldenlandia_alata,18
Rubiaceae,Oldenlandia,auricularia,Oldenlandia_auricularia,36
Rubiaceae,Oldenlandia,biflora,Oldenlandia_biflora,18
Rubiaceae,Oldenlandia,boscii,Oldenlandia_boscii,18
Rubiaceae,Oldenlandia,capensis,Oldenlandia_capensis,18
Rubiaceae,Oldenlandia,cephalotes,Oldenlandia_cephalotes,9
Rubiaceae,Oldenlandia,cf.,Oldenlandia_cf.,18
Rubiaceae,Oldenlandia,coreana,Oldenlandia_coreana,17
Rubiaceae,Oldenlandia,corymbosa,Oldenlandia_corymbosa,9
Rubiaceae,Oldenlandia,crassifolia,Oldenlandia_crassifolia,17
Rubiaceae,Oldenlandia,crystalliana,Oldenlandia_crystalliana,9
Rubiaceae,Oldenlandia,crystallina,Oldenlandia_crystallina,9
Rubiaceae,Oldenlandia,diffusa,Oldenlandia_diffusa,27
Rubiaceae,Oldenlandia,dijfusa,Oldenlandia_dijfusa,16
Rubiaceae,Oldenlandia,ditfusa,Oldenlandia_ditfusa,27
Rubiaceae,Oldenlandia,duemmeri,Oldenlandia_duemmeri,9
Rubiaceae,Oldenlandia,echinulosa,Oldenlandia_echinulosa,9
Rubiaceae,Oldenlandia,fastigiata,Oldenlandia_fastigiata,9
Rubiaceae,Oldenlandia,flosculosa,Oldenlandia_flosculosa,18
Rubiaceae,Oldenlandia,galioides,Oldenlandia_galioides,18
Rubiaceae,Oldenlandia,goreensis,Oldenlandia_goreensis,18
Rubiaceae,Oldenlandia,herbacea,Oldenlandia_herbacea,9
Rubiaceae,Oldenlandia,hispida,Oldenlandia_hispida,16
Rubiaceae,Oldenlandia,johnstonii,Oldenlandia_johnstonii,9
Rubiaceae,Oldenlandia,lancifolia,Oldenlandia_lancifolia,18
Rubiaceae,Oldenlandia,linearis,Oldenlandia_linearis,9
Rubiaceae,Oldenlandia,marginata,Oldenlandia_marginata,18
Rubiaceae,Oldenlandia,microtheca,Oldenlandia_microtheca,11
Rubiaceae,Oldenlandia,monanthos,Oldenlandia_monanthos,9
Rubiaceae,Oldenlandia,nantoensis,Oldenlandia_nantoensis,16
Rubiaceae,Oldenlandia,ovata,Oldenlandia_ovata,6
Rubiaceae,Oldenlandia,paniculata,Oldenlandia_paniculata,18
Rubiaceae,Oldenlandia,paradoxa,Oldenlandia_paradoxa,15
Rubiaceae,Oldenlandia,pellucida,Oldenlandia_pellucida,9
Rubiaceae,Oldenlandia,praetermissa,Oldenlandia_praetermissa,9
Rubiaceae,Oldenlandia,pumila,Oldenlandia_pumila,9
Rubiaceae,Oldenlandia,rupicola,Oldenlandia_rupicola,9
Rubiaceae,Oldenlandia,salzmanii,Oldenlandia_salzmanii,15
Rubiaceae,Oldenlandia,saxifragoides,Oldenlandia_saxifragoides,9
Rubiaceae,Oldenlandia,scopulorum,Oldenlandia_scopulorum,9
Rubiaceae,Oldenlandia,somala,Oldenlandia_somala,9
Rubiaceae,Oldenlandia,stricta,Oldenlandia_stricta,28
Rubiaceae,Oldenlandia,umbellata,Oldenlandia_umbellata,18
Rubiaceae,Oldenlandia,uniflora,Oldenlandia_uniflora,18
Rubiaceae,Oldenlandia,verticillata,Oldenlandia_verticillata,16
Rubiaceae,Oldenlandia,wightii,Oldenlandia_wightii,36
Rubiaceae,Oldenlandiopsis,callitrichoides,Oldenlandiopsis_callitrichoides,11
Rubiaceae,Ophiorrhiza,brunonis,Ophiorrhiza_brunonis,11
Rubiaceae,Ophiorrhiza,discolor,Ophiorrhiza_discolor,11
Rubiaceae,Ophiorrhiza,eriantha,Ophiorrhiza_eriantha,11
Rubiaceae,Ophiorrhiza,eriaotba,Ophiorrhiza_eriaotba,11
Rubiaceae,Ophiorrhiza,grandiflora,Ophiorrhiza_grandiflora,11
Rubiaceae,Ophiorrhiza,harrisiana,Ophiorrhiza_harrisiana,11
Rubiaceae,Ophiorrhiza,hirsutula,Ophiorrhiza_hirsutula,11
Rubiaceae,Ophiorrhiza,japonica,Ophiorrhiza_japonica,11
Rubiaceae,Ophiorrhiza,laxa,Ophiorrhiza_laxa,11
Rubiaceae,Ophiorrhiza,mungos,Ophiorrhiza_mungos,11
Rubiaceae,Ophiorrhiza,oppositiflora,Ophiorrhiza_oppositiflora,12
Rubiaceae,Ophiorrhiza,oppositifolia,Ophiorrhiza_oppositifolia,12
Rubiaceae,Ophiorrhiza,pectinata,Ophiorrhiza_pectinata,22
Rubiaceae,Ophiorrhiza,prostrata,Ophiorrhiza_prostrata,11
Rubiaceae,Otiophora,cupheoides,Otiophora_cupheoides,17
Rubiaceae,Otiophora,inyangana,Otiophora_inyangana,17
Rubiaceae,Otiophora,spirospicata,Otiophora_spirospicata,17
Rubiaceae,Otomeria,cameronica,Otomeria_cameronica,40
Rubiaceae,Otomeria,oculata,Otomeria_oculata,10
Rubiaceae,Oxyanthus,speciosus,Oxyanthus_speciosus,11
Rubiaceae,Oxyanthus,tubiflorus,Oxyanthus_tubiflorus,11
Rubiaceae,Oxyceros,horridus,Oxyceros_horridus,11
Rubiaceae,Oxyceros,longiflora,Oxyceros_longiflora,17
Rubiaceae,Paederia,argentea,Paederia_argentea,11
Rubiaceae,Paederia,bojeriana,Paederia_bojeriana,11
Rubiaceae,Paederia,brasiliensis,Paederia_brasiliensis,44
Rubiaceae,Paederia,calycina,Paederia_calycina,11
Rubiaceae,Paederia,farinosa,Paederia_farinosa,11
Rubiaceae,Paederia,foetida,Paederia_foetida,22
Rubiaceae,Paederia,grandidieri,Paederia_grandidieri,33
Rubiaceae,Paederia,lanata,Paederia_lanata,11
Rubiaceae,Paederia,linearis,Paederia_linearis,33
Rubiaceae,Paederia,pertomentosa,Paederia_pertomentosa,11
Rubiaceae,Paederia,pospischilii,Paederia_pospischilii,11
Rubiaceae,Paederia,scandens,Paederia_scandens,22
Rubiaceae,Paederia,yunnanensis,Paederia_yunnanensis,11
Rubiaceae,Palicourea,rigida,Palicourea_rigida,11
Rubiaceae,Paraknoxia,parviflora,Paraknoxia_parviflora,10
Rubiaceae,Parapentas,battiscombei,Parapentas_battiscombei,10
Rubiaceae,Parapentas,setigera,Parapentas_setigera,20
Rubiaceae,Parapentas,silvatica,Parapentas_silvatica,10
Rubiaceae,Pauridiantha,afzelii,Pauridiantha_afzelii,9
Rubiaceae,Pauridiantha,afzellil,Pauridiantha_afzellil,9
Rubiaceae,Pauridiantha,paucinervis,Pauridiantha_paucinervis,9
Rubiaceae,Pavetta,abyssinica,Pavetta_abyssinica,11
Rubiaceae,Pavetta,albertina,Pavetta_albertina,11
Rubiaceae,Pavetta,breviflora,Pavetta_breviflora,11
Rubiaceae,Pavetta,brunonis,Pavetta_brunonis,11
Rubiaceae,Pavetta,gardeniifolia,Pavetta_gardeniifolia,22
Rubiaceae,Pavetta,hispidula,Pavetta_hispidula,11
Rubiaceae,Pavetta,indica,Pavetta_indica,11
Rubiaceae,Pavetta,laeta,Pavetta_laeta,11
Rubiaceae,Pavetta,obovata,Pavetta_obovata,11
Rubiaceae,Pavetta,oliveriana,Pavetta_oliveriana,22
Rubiaceae,Pavetta,platycalyx,Pavetta_platycalyx,11
Rubiaceae,Pavetta,schumanniana',Pavetta_schumanniana',33
Rubiaceae,Pavetta,tomentosa,Pavetta_tomentosa,11
Rubiaceae,Pentagonia,tinajita,Pentagonia_tinajita,20
Rubiaceae,Pentanisia,angustifolia,Pentanisia_angustifolia,20
Rubiaceae,Pentanisia,confertifolia,Pentanisia_confertifolia,10
Rubiaceae,Pentanisia,foetida,Pentanisia_foetida,20
Rubiaceae,Pentanisia,ouranogyne,Pentanisia_ouranogyne,20
Rubiaceae,Pentanisia,pmnelloides,Pentanisia_pmnelloides,20
Rubiaceae,Pentanisia,prunelloides,Pentanisia_prunelloides,20
Rubiaceae,Pentanisia,schweinfurthii,Pentanisia_schweinfurthii,20
Rubiaceae,Pentanisia,sykesii,Pentanisia_sykesii,20
Rubiaceae,Pentas,caffensis,Pentas_caffensis,10
Rubiaceae,Pentas,carnea,Pentas_carnea,10
Rubiaceae,Pentas,lanceolata,Pentas_lanceolata,10
Rubiaceae,Pentas,luteola,Pentas_luteola,11
Rubiaceae,Pentas,oncostipula,Pentas_oncostipula,10
Rubiaceae,Pentas,schimperiana,Pentas_schimperiana,10
Rubiaceae,Pentodon,pentandrus,Pentodon_pentandrus,9
Rubiaceae,Phuopsis,stylosa,Phuopsis_stylosa,9
Rubiaceae,Phyllis,nobla,Phyllis_nobla,11
Rubiaceae,Phyllis,viscosa,Phyllis_viscosa,11
Rubiaceae,Phyllopentas,tenuis,Phyllopentas_tenuis,10
Rubiaceae,Plocama,calabrica,Plocama_calabrica,11
Rubiaceae,Plocama,hymenostephana,Plocama_hymenostephana,11
Rubiaceae,Plocama,pendula,Plocama_pendula,22
Rubiaceae,Plocama,rosea,Plocama_rosea,11
Rubiaceae,Pogonopus,speciosus,Pogonopus_speciosus,11
Rubiaceae,Polysphaeria,aethiopica,Polysphaeria_aethiopica,11
Rubiaceae,Portlandia,,Portlandia_,11
Rubiaceae,Portlandia,grandiflora,Portlandia_grandiflora,11
Rubiaceae,Posoqueria,longiflora,Posoqueria_longiflora,17
Rubiaceae,Prismatomeris,tetrandra,Prismatomeris_tetrandra,11
Rubiaceae,Pseudomussaenda,flava,Pseudomussaenda_flava,11
Rubiaceae,Pseudomussaenda,stenocarpa,Pseudomussaenda_stenocarpa,35
Rubiaceae,Pseudopyxis,depressa,Pseudopyxis_depressa,11
Rubiaceae,Pseudopyxis,heterophylla,Pseudopyxis_heterophylla,11
Rubiaceae,Psychotria,africana,Psychotria_africana,22
Rubiaceae,Psychotria,andamanica,Psychotria_andamanica,34
Rubiaceae,Psychotria,bacteriophila,Psychotria_bacteriophila,11
Rubiaceae,Psychotria,biaurita,Psychotria_biaurita,11
Rubiaceae,Psychotria,bisulcata,Psychotria_bisulcata,11
Rubiaceae,Psychotria,brachyantha,Psychotria_brachyantha,11
Rubiaceae,Psychotria,brachyceras,Psychotria_brachyceras,11
Rubiaceae,Psychotria,brasiliensis,Psychotria_brasiliensis,11
Rubiaceae,Psychotria,calva,Psychotria_calva,11
Rubiaceae,Psychotria,capensis,Psychotria_capensis,22
Rubiaceae,Psychotria,congesta,Psychotria_congesta,22
Rubiaceae,Psychotria,connata,Psychotria_connata,22
Rubiaceae,Psychotria,curvifolia,Psychotria_curvifolia,22
Rubiaceae,Psychotria,deflexa,Psychotria_deflexa,16
Rubiaceae,Psychotria,elongata,Psychotria_elongata,22
Rubiaceae,Psychotria,erythrocarpa,Psychotria_erythrocarpa,11
Rubiaceae,Psychotria,flavida,Psychotria_flavida,22
Rubiaceae,Psychotria,globicephala,Psychotria_globicephala,22
Rubiaceae,Psychotria,hallei,Psychotria_hallei,11
Rubiaceae,Psychotria,hirtella,Psychotria_hirtella,11
Rubiaceae,Psychotria,hobdyi,Psychotria_hobdyi,44
Rubiaceae,Psychotria,hoffmannseggiana,Psychotria_hoffmannseggiana,11
Rubiaceae,Psychotria,insularum,Psychotria_insularum,55
Rubiaceae,Psychotria,ivorensis,Psychotria_ivorensis,11
Rubiaceae,Psychotria,kirkii,Psychotria_kirkii,11
Rubiaceae,Psychotria,kurzii,Psychotria_kurzii,12
Rubiaceae,Psychotria,lallei,Psychotria_lallei,11
Rubiaceae,Psychotria,ligustrifolia,Psychotria_ligustrifolia,11
Rubiaceae,Psychotria,mahonii,Psychotria_mahonii,66
Rubiaceae,Psychotria,mangenotii,Psychotria_mangenotii,11
Rubiaceae,Psychotria,mariniana,Psychotria_mariniana,33
Rubiaceae,Psychotria,nairobiensis,Psychotria_nairobiensis,11
Rubiaceae,Psychotria,nervosa,Psychotria_nervosa,11
Rubiaceae,Psychotria,nudiflora,Psychotria_nudiflora,11
Rubiaceae,Psychotria,orophila,Psychotria_orophila,44
Rubiaceae,Psychotria,peduncularis,Psychotria_peduncularis,11
Rubiaceae,Psychotria,pendula,Psychotria_pendula,17
Rubiaceae,Psychotria,platyneura,Psychotria_platyneura,17
Rubiaceae,Psychotria,psychotrioides,Psychotria_psychotrioides,22
Rubiaceae,Psychotria,rubra,Psychotria_rubra,11
Rubiaceae,Psychotria,rufipilis,Psychotria_rufipilis,11
Rubiaceae,Psychotria,serpens,Psychotria_serpens,11
Rubiaceae,Psychotria,setacea,Psychotria_setacea,11
Rubiaceae,Psychotria,sodifera,Psychotria_sodifera,11
Rubiaceae,Psychotria,sohmeri,Psychotria_sohmeri,22
Rubiaceae,Psychotria,suaveolens,Psychotria_suaveolens,11
Rubiaceae,Psychotria,subintegra,Psychotria_subintegra,11
Rubiaceae,Psychotria,subobliqua,Psychotria_subobliqua,11
Rubiaceae,Psychotria,undata,Psychotria_undata,11
Rubiaceae,Psychotria,undulata,Psychotria_undulata,11
Rubiaceae,Psychotria,venosa,Psychotria_venosa,22
Rubiaceae,Psychotria,vogeliana,Psychotria_vogeliana,22
Rubiaceae,Psydrax,dicoccum,Psydrax_dicoccum,22
Rubiaceae,Psydrax,didyma,Psydrax_didyma,22
Rubiaceae,Psydrax,odorata,Psydrax_odorata,22
Rubiaceae,Psydrax,subcordatum,Psydrax_subcordatum,22
Rubiaceae,Psydrax,umbellatum,Psydrax_umbellatum,22
Rubiaceae,Psyllocarpus,asparagoides,Psyllocarpus_asparagoides,14
Rubiaceae,Psyllocarpus,laricoides,Psyllocarpus_laricoides,14
Rubiaceae,Pterogaillonia,calycoptera,Pterogaillonia_calycoptera,22
Rubiaceae,Ramosmania,heterophylla,Ramosmania_heterophylla,11
Rubiaceae,Randia,aculeata,Randia_aculeata,11
Rubiaceae,Randia,maculata,Randia_maculata,11
Rubiaceae,Randia,truncata,Randia_truncata,11
Rubiaceae,Rhodopentas,coccinea,Rhodopentas_coccinea,10
Rubiaceae,Richardia,brasiliensis,Richardia_brasiliensis,14
Rubiaceae,Richardia,humistrata,Richardia_humistrata,14
Rubiaceae,Richardia,pilosa,Richardia_pilosa,14
Rubiaceae,Richardia,scabra,Richardia_scabra,14
Rubiaceae,Rogiera,amoena,Rogiera_amoena,20
Rubiaceae,Rogiera,cordata,Rogiera_cordata,20
Rubiaceae,Rogiera,latifolia,Rogiera_latifolia,22
Rubiaceae,Ronabea,emetica,Ronabea_emetica,11
Rubiaceae,Rondeletia,erythroneura,Rondeletia_erythroneura,20
Rubiaceae,Rondeletia,odorata,Rondeletia_odorata,22
Rubiaceae,Rondeletia,speciosa,Rondeletia_speciosa,22
Rubiaceae,Rosenbergiodendron,formosum,Rosenbergiodendron_formosum,11
Rubiaceae,Rothmannia,fischeri,Rothmannia_fischeri,11
Rubiaceae,Rothmannia,globosa,Rothmannia_globosa,11
Rubiaceae,Rothmannia,hispida,Rothmannia_hispida,11
Rubiaceae,Rothmannia,longiflora,Rothmannia_longiflora,11
Rubiaceae,Rothmannia,maculata,Rothmannia_maculata,11
Rubiaceae,Rothmannia,manganjae,Rothmannia_manganjae,11
Rubiaceae,Rothmannia,munsae,Rothmannia_munsae,11
Rubiaceae,Rothmannia,wittii,Rothmannia_wittii,11
Rubiaceae,Rubia,agostinhoi,Rubia_agostinhoi,11
Rubiaceae,Rubia,angustifolia,Rubia_angustifolia,33
Rubiaceae,Rubia,argyi,Rubia_argyi,22
Rubiaceae,Rubia,balearica,Rubia_balearica,33
Rubiaceae,Rubia,caespitosa,Rubia_caespitosa,33
Rubiaceae,Rubia,chinensis,Rubia_chinensis,11
Rubiaceae,Rubia,cordata,Rubia_cordata,22
Rubiaceae,Rubia,cordifolia,Rubia_cordifolia,11
Rubiaceae,Rubia,fruticosa,Rubia_fruticosa,22
Rubiaceae,Rubia,hexaphylla,Rubia_hexaphylla,11
Rubiaceae,Rubia,horrida,Rubia_horrida,11
Rubiaceae,Rubia,infundibularis,Rubia_infundibularis,22
Rubiaceae,Rubia,jesoensis,Rubia_jesoensis,22
Rubiaceae,Rubia,longifolia,Rubia_longifolia,22
Rubiaceae,Rubia,manjith,Rubia_manjith,33
Rubiaceae,Rubia,peregrina,Rubia_peregrina,44
Rubiaceae,Rubia,petiolaris,Rubia_petiolaris,11
Rubiaceae,Rubia,sikkimensis,Rubia_sikkimensis,66
Rubiaceae,Rubia,tinctorum,Rubia_tinctorum,22
Rubiaceae,Rubia,wallichiana,Rubia_wallichiana,22
Rubiaceae,Rudgea,racemosa,Rudgea_racemosa,11
Rubiaceae,Rustia,occidentalis,Rustia_occidentalis,11
Rubiaceae,Sabicea,angolensis,Sabicea_angolensis,22
Rubiaceae,Sabicea,ferruginea,Sabicea_ferruginea,18
Rubiaceae,Sabicea,lasiocalyx,Sabicea_lasiocalyx,18
Rubiaceae,Sabicea,venosa,Sabicea_venosa,18
Rubiaceae,Sarcocephalus,esculentus,Sarcocephalus_esculentus,22
Rubiaceae,Sarcocephalus,latifolius,Sarcocephalus_latifolius,22
Rubiaceae,Schradera,polysperma,Schradera_polysperma,11
Rubiaceae,Schumanniophyton,problematicum,Schumanniophyton_problematicum,11
Rubiaceae,Scyphiphora,hydrophyllacea,Scyphiphora_hydrophyllacea,11
Rubiaceae,Serissa,foetida,Serissa_foetida,11
Rubiaceae,Serissa,japonica,Serissa_japonica,11
Rubiaceae,Serissa,serissoides,Serissa_serissoides,11
Rubiaceae,Sherardia,Sherardia arvensis,Sherardia_sherardia arvensis,11
Rubiaceae,Sherardia,arvensis,Sherardia_arvensis,11
Rubiaceae,Sherardia,arvensis L.,Sherardia_arvensis l.,11
Rubiaceae,Sipanea,hispida,Sipanea_hispida,11
Rubiaceae,Spermacoce,articularis,Spermacoce_articularis,28
Rubiaceae,Spermacoce,assurgens,Spermacoce_assurgens,14
Rubiaceae,Spermacoce,eradii,Spermacoce_eradii,14
Rubiaceae,Spermacoce,glabra,Spermacoce_glabra,14
Rubiaceae,Spermacoce,hispida,Spermacoce_hispida,28
Rubiaceae,Spermacoce,latifolia,Spermacoce_latifolia,14
Rubiaceae,Spermacoce,natalensis,Spermacoce_natalensis,14
Rubiaceae,Spermacoce,neoterminalis,Spermacoce_neoterminalis,42
Rubiaceae,Spermacoce,ocymoides,Spermacoce_ocymoides,14
Rubiaceae,Spermacoce,podocephala,Spermacoce_podocephala,28
Rubiaceae,Spermacoce,pusilla,Spermacoce_pusilla,16
Rubiaceae,Spermacoce,scabra,Spermacoce_scabra,28
Rubiaceae,Spermacoce,stricta,Spermacoce_stricta,28
Rubiaceae,Spermacoce,tenuior,Spermacoce_tenuior,14
Rubiaceae,Spermacoce,terminalis,Spermacoce_terminalis,42
Rubiaceae,Spermacoce,verticellata,Spermacoce_verticellata,14
Rubiaceae,Spermacoce,verticillata,Spermacoce_verticillata,14
Rubiaceae,Spermadictyon,suaveolens,Spermadictyon_suaveolens,11
Rubiaceae,Stachyarrhena,spicata,Stachyarrhena_spicata,11
Rubiaceae,Staelia,domingosii,Staelia_domingosii,14
Rubiaceae,Stenaria,nigricans,Stenaria_nigricans,9
Rubiaceae,Stenaria,rupicola,Stenaria_rupicola,9
Rubiaceae,Stenotis,arenaria,Stenotis_arenaria,13
Rubiaceae,Stenotis,asperuloides,Stenotis_asperuloides,13
Rubiaceae,Stenotis,asperulotdes,Stenotis_asperulotdes,13
Rubiaceae,Stenotis,australis,Stenotis_australis,13
Rubiaceae,Stenotis,brevipes,Stenotis_brevipes,13
Rubiaceae,Stenotis,mucronata,Stenotis_mucronata,13
Rubiaceae,Stipularia,africana,Stipularia_africana,18
Rubiaceae,Tamilnadia,uliginosa,Tamilnadia_uliginosa,11
Rubiaceae,Tamilnadia,uliginosn,Tamilnadia_uliginosn,11
Rubiaceae,Tarenna,asiatica,Tarenna_asiatica,11
Rubiaceae,Tarenna,nilagarica,Tarenna_nilagarica,11
Rubiaceae,Theligonum,cynocrambe,Theligonum_cynocrambe,10
Rubiaceae,Theligonum,japonicum,Theligonum_japonicum,11
Rubiaceae,Timonius,jambosella,Timonius_jambosella,22
Rubiaceae,Tocoyena,formosa,Tocoyena_formosa,11
Rubiaceae,Tricalysia,ruandensis,Tricalysia_ruandensis,11
Rubiaceae,Uncaria,guianensis,Uncaria_guianensis,22
Rubiaceae,Uncaria,tomentosa,Uncaria_tomentosa,22
Rubiaceae,Urophyllum,ellipticum,Urophyllum_ellipticum,27
Rubiaceae,Urophyllum,zeylanicum,Urophyllum_zeylanicum,27
Rubiaceae,Valantia,calva,Valantia_calva,9
Rubiaceae,Valantia,deltoidea,Valantia_deltoidea,18
Rubiaceae,Valantia,hispida,Valantia_hispida,9
Rubiaceae,Valantia,muralis,Valantia_muralis,9
Rubiaceae,Vangueria,acutiloba,Vangueria_acutiloba,22
Rubiaceae,Vangueria,apiculata,Vangueria_apiculata,22
Rubiaceae,Vangueria,dryadum,Vangueria_dryadum,22
Rubiaceae,Vangueria,edulis,Vangueria_edulis,22
Rubiaceae,Vangueria,infausta,Vangueria_infausta,22
Rubiaceae,Vangueriopsis,lanciflora,Vangueriopsis_lanciflora,22
Rubiaceae,Wendlandia,bicuspidata,Wendlandia_bicuspidata,22
Rubiaceae,Wendlandia,coriacea,Wendlandia_coriacea,11
Rubiaceae,Wendlandia,exserta,Wendlandia_exserta,11
Rubiaceae,Wendlandia,formosana,Wendlandia_formosana,11
Rubiaceae,Wendlandia,notoniana,Wendlandia_notoniana,12
Rubiaceae,Wendlandia,puberula,Wendlandia_puberula,11
Rubiaceae,Wendlandia,thyrsoidea,Wendlandia_thyrsoidea,10
Rubiaceae,Wendlandia,tinctoria,Wendlandia_tinctoria,11
Rubiaceae,Wendlandia,wallichii,Wendlandia_wallichii,11