Family,Genus,Sp,species,haploid
Solanaceae,Acnistus,arborescens,Acnistus_arborescens,12
Solanaceae,Acnistus,parvifiorus,Acnistus_parvifiorus,12
Solanaceae,Acnistus,parviflorus,Acnistus_parviflorus,12
Solanaceae,Anisodus,acutangulus,Anisodus_acutangulus,24
Solanaceae,Anisodus,lurida,Anisodus_lurida,12
Solanaceae,Anisodus,luridus,Anisodus_luridus,24
Solanaceae,Anisodus,tangutica,Anisodus_tangutica,21
Solanaceae,Anisodus,tanguticus,Anisodus_tanguticus,24
Solanaceae,Anthocercis,anisantha,Anthocercis_anisantha,36
Solanaceae,Anthocercis,genistoides,Anthocercis_genistoides,36
Solanaceae,Anthocercis,gracilis,Anthocercis_gracilis,36
Solanaceae,Anthocercis,ilicifolia,Anthocercis_ilicifolia,36
Solanaceae,Anthocercis,littorea,Anthocercis_littorea,36
Solanaceae,Anthocercis,viscosa,Anthocercis_viscosa,36
Solanaceae,Anthotroche,pannosa,Anthotroche_pannosa,31
Solanaceae,Athenaea,macrantha,Athenaea_macrantha,12
Solanaceae,Athenaea,picta,Athenaea_picta,12
Solanaceae,Atropa,Atropa belladonna,Atropa_atropa belladonna,36
Solanaceae,Atropa,acuminata,Atropa_acuminata,36
Solanaceae,Atropa,baetica,Atropa_baetica,36
Solanaceae,Atropa,bella-donna,Atropa_bella-donna,36
Solanaceae,Atropa,belladona,Atropa_belladona,25
Solanaceae,Atropa,belladonna,Atropa_belladonna,36
Solanaceae,Atropa,caucasica,Atropa_caucasica,25
Solanaceae,Atropa,komarovii,Atropa_komarovii,37
Solanaceae,Atropanthe,sinensis,Atropanthe_sinensis,24
Solanaceae,Aureliana,fasciculata,Aureliana_fasciculata,12
Solanaceae,Benthamiella,graminifolia,Benthamiella_graminifolia,11
Solanaceae,Benthamiella,patagonica,Benthamiella_patagonica,11
Solanaceae,Benthamiella,pycnophylloides,Benthamiella_pycnophylloides,11
Solanaceae,Bouchetia,anomala,Bouchetia_anomala,8
Solanaceae,Bouchetia,erecta,Bouchetia_erecta,8
Solanaceae,Brachistus,stramoniifolius,Brachistus_stramoniifolius,12
Solanaceae,Browallia,americana,Browallia_americana,11
Solanaceae,Browallia,demissa,Browallia_demissa,11
Solanaceae,Browallia,elata,Browallia_elata,11
Solanaceae,Browallia,grandiflora,Browallia_grandiflora,11
Solanaceae,Browallia,speciosa,Browallia_speciosa,22
Solanaceae,Browallia,viscosa,Browallia_viscosa,11
Solanaceae,Brugmansia,arborea,Brugmansia_arborea,12
Solanaceae,Brugmansia,aurea,Brugmansia_aurea,12
Solanaceae,Brugmansia,cornigera,Brugmansia_cornigera,12
Solanaceae,Brugmansia,sanguinea,Brugmansia_sanguinea,12
Solanaceae,Brugmansia,suaveolens,Brugmansia_suaveolens,12
Solanaceae,Brugmansia,versicolor,Brugmansia_versicolor,12
Solanaceae,Brunfelsia,americana,Brunfelsia_americana,11
Solanaceae,Brunfelsia,australis,Brunfelsia_australis,12
Solanaceae,Brunfelsia,calycina,Brunfelsia_calycina,11
Solanaceae,Brunfelsia,dwyeri,Brunfelsia_dwyeri,11
Solanaceae,Brunfelsia,grandiflora,Brunfelsia_grandiflora,11
Solanaceae,Brunfelsia,lactea,Brunfelsia_lactea,11
Solanaceae,Brunfelsia,latifolia,Brunfelsia_latifolia,11
Solanaceae,Brunfelsia,nitida,Brunfelsia_nitida,11
Solanaceae,Brunfelsia,pauciflora,Brunfelsia_pauciflora,11
Solanaceae,Brunfelsia,undulata,Brunfelsia_undulata,11
Solanaceae,Calibrachoa,calycina,Calibrachoa_calycina,9
Solanaceae,Calibrachoa,eglandulata,Calibrachoa_eglandulata,9
Solanaceae,Calibrachoa,elegans,Calibrachoa_elegans,9
Solanaceae,Calibrachoa,excellens,Calibrachoa_excellens,9
Solanaceae,Calibrachoa,helianthemoides,Calibrachoa_helianthemoides,9
Solanaceae,Calibrachoa,heterophylla,Calibrachoa_heterophylla,9
Solanaceae,Calibrachoa,humilis,Calibrachoa_humilis,9
Solanaceae,Calibrachoa,linearis,Calibrachoa_linearis,9
Solanaceae,Calibrachoa,linoides,Calibrachoa_linoides,9
Solanaceae,Calibrachoa,macrodactylon,Calibrachoa_macrodactylon,9
Solanaceae,Calibrachoa,micrantha,Calibrachoa_micrantha,9
Solanaceae,Calibrachoa,ovalifolia,Calibrachoa_ovalifolia,9
Solanaceae,Calibrachoa,paranensis,Calibrachoa_paranensis,9
Solanaceae,Calibrachoa,parviflora,Calibrachoa_parviflora,9
Solanaceae,Calibrachoa,rupestris,Calibrachoa_rupestris,9
Solanaceae,Calibrachoa,sellowiana,Calibrachoa_sellowiana,9
Solanaceae,Calibrachoa,sendtneriana,Calibrachoa_sendtneriana,9
Solanaceae,Calibrachoa,variabilis,Calibrachoa_variabilis,9
Solanaceae,Capsicum,,Capsicum_,12
Solanaceae,Capsicum,angulosum,Capsicum_angulosum,12
Solanaceae,Capsicum,annuum,Capsicum_annuum,12
Solanaceae,Capsicum,asfrutescens,Capsicum_asfrutescens,12
Solanaceae,Capsicum,baccatum,Capsicum_baccatum,12
Solanaceae,Capsicum,buforum,Capsicum_buforum,12
Solanaceae,Capsicum,caatingae,Capsicum_caatingae,12
Solanaceae,Capsicum,campylopodium,Capsicum_campylopodium,13
Solanaceae,Capsicum,chacoense,Capsicum_chacoense,12
Solanaceae,Capsicum,chinense,Capsicum_chinense,12
Solanaceae,Capsicum,ciliatum,Capsicum_ciliatum,12
Solanaceae,Capsicum,coccineum,Capsicum_coccineum,12
Solanaceae,Capsicum,cordiforme,Capsicum_cordiforme,12
Solanaceae,Capsicum,cornutum,Capsicum_cornutum,13
Solanaceae,Capsicum,dimorphum,Capsicum_dimorphum,12
Solanaceae,Capsicum,dusenii,Capsicum_dusenii,12
Solanaceae,Capsicum,eximium,Capsicum_eximium,12
Solanaceae,Capsicum,flexuosum,Capsicum_flexuosum,12
Solanaceae,Capsicum,friburgense,Capsicum_friburgense,13
Solanaceae,Capsicum,frutescens,Capsicum_frutescens,12
Solanaceae,Capsicum,galapagense,Capsicum_galapagense,12
Solanaceae,Capsicum,galapagoense,Capsicum_galapagoense,12
Solanaceae,Capsicum,geminifolium,Capsicum_geminifolium,12
Solanaceae,Capsicum,hookerianum,Capsicum_hookerianum,12
Solanaceae,Capsicum,leptopodum,Capsicum_leptopodum,12
Solanaceae,Capsicum,longidentatum,Capsicum_longidentatum,12
Solanaceae,Capsicum,microcarpum,Capsicum_microcarpum,12
Solanaceae,Capsicum,mirabile,Capsicum_mirabile,13
Solanaceae,Capsicum,parvifolium,Capsicum_parvifolium,12
Solanaceae,Capsicum,pendulum,Capsicum_pendulum,12
Solanaceae,Capsicum,pubescens,Capsicum_pubescens,12
Solanaceae,Capsicum,pubesctns,Capsicum_pubesctns,12
Solanaceae,Capsicum,recurvatum,Capsicum_recurvatum,13
Solanaceae,Capsicum,regale,Capsicum_regale,13
Solanaceae,Capsicum,rhomboidea,Capsicum_rhomboidea,12
Solanaceae,Capsicum,rhomboideum,Capsicum_rhomboideum,13
Solanaceae,Capsicum,schottianum,Capsicum_schottianum,13
Solanaceae,Capsicum,scolnikianum,Capsicum_scolnikianum,12
Solanaceae,Capsicum,testiculatum,Capsicum_testiculatum,12
Solanaceae,Capsicum,villosum,Capsicum_villosum,13
Solanaceae,Cestrum,aurantiacum,Cestrum_aurantiacum,8
Solanaceae,Cestrum,auriculatum,Cestrum_auriculatum,8
Solanaceae,Cestrum,bigibbosum,Cestrum_bigibbosum,8
Solanaceae,Cestrum,buxifolium,Cestrum_buxifolium,8
Solanaceae,Cestrum,corymbosum,Cestrum_corymbosum,8
Solanaceae,Cestrum,diurnum,Cestrum_diurnum,8
Solanaceae,Cestrum,elegans,Cestrum_elegans,8
Solanaceae,Cestrum,fasciculatum,Cestrum_fasciculatum,8
Solanaceae,Cestrum,flavescens,Cestrum_flavescens,8
Solanaceae,Cestrum,hartwegii,Cestrum_hartwegii,8
Solanaceae,Cestrum,hirsutum,Cestrum_hirsutum,8
Solanaceae,Cestrum,jasciculatum,Cestrum_jasciculatum,8
Solanaceae,Cestrum,laevigatum,Cestrum_laevigatum,16
Solanaceae,Cestrum,lorentzianum,Cestrum_lorentzianum,8
Solanaceae,Cestrum,megalophylum,Cestrum_megalophylum,16
Solanaceae,Cestrum,nocturnum,Cestrum_nocturnum,8
Solanaceae,Cestrum,parqui,Cestrum_parqui,8
Solanaceae,Cestrum,purpureum,Cestrum_purpureum,8
Solanaceae,Cestrum,quitense,Cestrum_quitense,8
Solanaceae,Cestrum,strigilatum,Cestrum_strigilatum,8
Solanaceae,Cestrum,tomentosum,Cestrum_tomentosum,8
Solanaceae,Chamaesaracha,coniodes,Chamaesaracha_coniodes,24
Solanaceae,Chamaesaracha,coronopus,Chamaesaracha_coronopus,24
Solanaceae,Chamaesaracha,crenata,Chamaesaracha_crenata,12
Solanaceae,Chamaesaracha,darcyi,Chamaesaracha_darcyi,24
Solanaceae,Chamaesaracha,edwardsiana,Chamaesaracha_edwardsiana,24
Solanaceae,Chamaesaracha,grandiflora,Chamaesaracha_grandiflora,24
Solanaceae,Chamaesaracha,sordida,Chamaesaracha_sordida,12
Solanaceae,Chamaesaracha,villosa,Chamaesaracha_villosa,12
Solanaceae,Chamaesaracha,viscosa,Chamaesaracha_viscosa,12
Solanaceae,Combera,paradoxa,Combera_paradoxa,11
Solanaceae,Crenidium,spinescens,Crenidium_spinescens,35
Solanaceae,Crenidium,subspinescens,Crenidium_subspinescens,35
Solanaceae,Cyphanthera,albicans,Cyphanthera_albicans,30
Solanaceae,Cyphanthera,anthocercidea,Cyphanthera_anthocercidea,30
Solanaceae,Cyphanthera,microphylla,Cyphanthera_microphylla,30
Solanaceae,Cyphanthera,miersiana,Cyphanthera_miersiana,30
Solanaceae,Cyphanthera,scabrella,Cyphanthera_scabrella,30
Solanaceae,Cyphanthera,tasmanica,Cyphanthera_tasmanica,30
Solanaceae,Datura,Datura ferox,Datura_datura ferox,12
Solanaceae,Datura,Datura stramonium,Datura_datura stramonium,12
Solanaceae,Datura,alba,Datura_alba,12
Solanaceae,Datura,bertolonii,Datura_bertolonii,12
Solanaceae,Datura,ceratocaula,Datura_ceratocaula,12
Solanaceae,Datura,discolor,Datura_discolor,12
Solanaceae,Datura,fastuosa,Datura_fastuosa,12
Solanaceae,Datura,ferox,Datura_ferox,12
Solanaceae,Datura,inermis,Datura_inermis,12
Solanaceae,Datura,innoxia,Datura_innoxia,12
Solanaceae,Datura,inoxia,Datura_inoxia,12
Solanaceae,Datura,lanosa,Datura_lanosa,12
Solanaceae,Datura,leichhardtii,Datura_leichhardtii,12
Solanaceae,Datura,metaloides,Datura_metaloides,12
Solanaceae,Datura,metel,Datura_metel,12
Solanaceae,Datura,meteloides,Datura_meteloides,12
Solanaceae,Datura,pruinosa,Datura_pruinosa,12
Solanaceae,Datura,quercifolia,Datura_quercifolia,12
Solanaceae,Datura,stramonium,Datura_stramonium,12
Solanaceae,Datura,stramonium L.,Datura_stramonium l.,12
Solanaceae,Datura,stramoniwn,Datura_stramoniwn,12
Solanaceae,Datura,tatula,Datura_tatula,12
Solanaceae,Datura,wrightii,Datura_wrightii,12
Solanaceae,Duboisia,hopwoodii,Duboisia_hopwoodii,30
Solanaceae,Dunalia,brachyacantha,Dunalia_brachyacantha,12
Solanaceae,Dunalia,obovata,Dunalia_obovata,12
Solanaceae,Dunalia,tubulosa,Dunalia_tubulosa,12
Solanaceae,Dunalia,tubulosum,Dunalia_tubulosum,12
Solanaceae,Dyssochroma,viridiflora,Dyssochroma_viridiflora,12
Solanaceae,Eriolarynx,iochromoides,Eriolarynx_iochromoides,12
Solanaceae,Eriolarynx,lorentzii,Eriolarynx_lorentzii,12
Solanaceae,Espadaea,amoena,Espadaea_amoena,24
Solanaceae,Exodeconus,prostratus,Exodeconus_prostratus,12
Solanaceae,Fabiana,densa,Fabiana_densa,9
Solanaceae,Fabiana,denudata,Fabiana_denudata,9
Solanaceae,Fabiana,imbricata,Fabiana_imbricata,9
Solanaceae,Fabiana,patagonica,Fabiana_patagonica,9
Solanaceae,Fabiana,punensis,Fabiana_punensis,9
Solanaceae,Grabowskia,boerhaaviaefolia,Grabowskia_boerhaaviaefolia,12
Solanaceae,Grabowskia,boerhaviaefolia,Grabowskia_boerhaviaefolia,12
Solanaceae,Grabowskia,duplicata,Grabowskia_duplicata,12
Solanaceae,Grabowskia,duplkata,Grabowskia_duplkata,12
Solanaceae,Grabowskia,obtusa,Grabowskia_obtusa,12
Solanaceae,Grammosolen,truncatus,Grammosolen_truncatus,56
Solanaceae,Hunzikeria,texana,Hunzikeria_texana,16
Solanaceae,Hyoscyamus,Hyoscyamus niger,Hyoscyamus_hyoscyamus niger,17
Solanaceae,Hyoscyamus,albus,Hyoscyamus_albus,34
Solanaceae,Hyoscyamus,arachnoideus,Hyoscyamus_arachnoideus,17
Solanaceae,Hyoscyamus,desertorum,Hyoscyamus_desertorum,17
Solanaceae,Hyoscyamus,insanus,Hyoscyamus_insanus,14
Solanaceae,Hyoscyamus,kotschyanus,Hyoscyamus_kotschyanus,17
Solanaceae,Hyoscyamus,kurdicus,Hyoscyamus_kurdicus,17
Solanaceae,Hyoscyamus,malekianus,Hyoscyamus_malekianus,14
Solanaceae,Hyoscyamus,muticus,Hyoscyamus_muticus,14
Solanaceae,Hyoscyamus,niger,Hyoscyamus_niger,17
Solanaceae,Hyoscyamus,niger L.,Hyoscyamus_niger l.,17
Solanaceae,Hyoscyamus,pusillus,Hyoscyamus_pusillus,34
Solanaceae,Hyoscyamus,reticulatus,Hyoscyamus_reticulatus,17
Solanaceae,Hyoscyamus,senecionis,Hyoscyamus_senecionis,17
Solanaceae,Hyoscyamus,squarrosus,Hyoscyamus_squarrosus,17
Solanaceae,Hyoscyamus,turcomanicus,Hyoscyamus_turcomanicus,17
Solanaceae,Iochroma,australe,Iochroma_australe,12
Solanaceae,Iochroma,cyaneum,Iochroma_cyaneum,12
Solanaceae,Iochroma,lehmannii,Iochroma_lehmannii,12
Solanaceae,Jaborosa,araucana,Jaborosa_araucana,12
Solanaceae,Jaborosa,bergii,Jaborosa_bergii,12
Solanaceae,Jaborosa,caulescens,Jaborosa_caulescens,12
Solanaceae,Jaborosa,integrifolia,Jaborosa_integrifolia,12
Solanaceae,Jaborosa,kurtzii,Jaborosa_kurtzii,12
Solanaceae,Jaborosa,laciniata,Jaborosa_laciniata,12
Solanaceae,Jaborosa,lanigera,Jaborosa_lanigera,12
Solanaceae,Jaborosa,leucotricha,Jaborosa_leucotricha,12
Solanaceae,Jaborosa,magellanica,Jaborosa_magellanica,12
Solanaceae,Jaborosa,ntegrifolia,Jaborosa_ntegrifolia,12
Solanaceae,Jaborosa,odonelliana,Jaborosa_odonelliana,12
Solanaceae,Jaborosa,oxipetala,Jaborosa_oxipetala,12
Solanaceae,Jaborosa,parviflora,Jaborosa_parviflora,12
Solanaceae,Jaborosa,reflexa,Jaborosa_reflexa,12
Solanaceae,Jaborosa,riojana,Jaborosa_riojana,12
Solanaceae,Jaborosa,rotacea,Jaborosa_rotacea,12
Solanaceae,Jaborosa,runcinata,Jaborosa_runcinata,12
Solanaceae,Jaborosa,sativa,Jaborosa_sativa,12
Solanaceae,Jaltomata,chihuahuensis,Jaltomata_chihuahuensis,12
Solanaceae,Jaltomata,darcyana,Jaltomata_darcyana,12
Solanaceae,Jaltomata,jaltomata,Jaltomata_jaltomata,12
Solanaceae,Jaltomata,lojae,Jaltomata_lojae,12
Solanaceae,Jaltomata,procumbens,Jaltomata_procumbens,12
Solanaceae,Jaltomata,repandidentata,Jaltomata_repandidentata,12
Solanaceae,Jaltomata,sagastegui,Jaltomata_sagastegui,12
Solanaceae,Jaltomata,sinuosa,Jaltomata_sinuosa,12
Solanaceae,Jaltomata,umbellata,Jaltomata_umbellata,12
Solanaceae,Jaltomata,ventricosa,Jaltomata_ventricosa,12
Solanaceae,Jaltomata,vestita,Jaltomata_vestita,12
Solanaceae,Jaltomata,viridiflora,Jaltomata_viridiflora,12
Solanaceae,Latua,pubiflora,Latua_pubiflora,9
Solanaceae,Leptoglossis,linifolia,Leptoglossis_linifolia,10
Solanaceae,Leptoglossis,schwenckioides,Leptoglossis_schwenckioides,10
Solanaceae,Lycianthes,acapulcensis,Lycianthes_acapulcensis,12
Solanaceae,Lycianthes,arrazolensis,Lycianthes_arrazolensis,12
Solanaceae,Lycianthes,biflorum,Lycianthes_biflorum,24
Solanaceae,Lycianthes,bigeminatum,Lycianthes_bigeminatum,12
Solanaceae,Lycianthes,ciliolata,Lycianthes_ciliolata,12
Solanaceae,Lycianthes,dejecta,Lycianthes_dejecta,12
Solanaceae,Lycianthes,denticulatum,Lycianthes_denticulatum,12
Solanaceae,Lycianthes,heterochondra,Lycianthes_heterochondra,12
Solanaceae,Lycianthes,lycioides,Lycianthes_lycioides,12
Solanaceae,Lycianthes,lysimachioides,Lycianthes_lysimachioides,12
Solanaceae,Lycianthes,moziniana,Lycianthes_moziniana,12
Solanaceae,Lycianthes,multiflora,Lycianthes_multiflora,12
Solanaceae,Lycianthes,peduncularis,Lycianthes_peduncularis,12
Solanaceae,Lycianthes,rantonnei,Lycianthes_rantonnei,12
Solanaceae,Lycianthes,rantonnetii,Lycianthes_rantonnetii,12
Solanaceae,Lycianthes,roxburghii,Lycianthes_roxburghii,24
Solanaceae,Lycianthes,rzedowskii,Lycianthes_rzedowskii,12
Solanaceae,Lycianthes,shanesii,Lycianthes_shanesii,6
Solanaceae,Lycianthes,starbuckii,Lycianthes_starbuckii,12
Solanaceae,Lycianthes,violaefolium,Lycianthes_violaefolium,12
Solanaceae,Lycium,Lycium barbarum,Lycium_lycium barbarum,12
Solanaceae,Lycium,acutifolium,Lycium_acutifolium,12
Solanaceae,Lycium,afrum,Lycium_afrum,12
Solanaceae,Lycium,ameghinoi,Lycium_ameghinoi,12
Solanaceae,Lycium,americanum,Lycium_americanum,12
Solanaceae,Lycium,amoenum,Lycium_amoenum,12
Solanaceae,Lycium,andersonii,Lycium_andersonii,12
Solanaceae,Lycium,arenicola,Lycium_arenicola,36
Solanaceae,Lycium,arenicolum,Lycium_arenicolum,36
Solanaceae,Lycium,barbarum,Lycium_barbarum,12
Solanaceae,Lycium,barbarwn,Lycium_barbarwn,12
Solanaceae,Lycium,berlandieri,Lycium_berlandieri,12
Solanaceae,Lycium,bosciifolium,Lycium_bosciifolium,12
Solanaceae,Lycium,brevipes,Lycium_brevipes,12
Solanaceae,Lycium,californicum,Lycium_californicum,24
Solanaceae,Lycium,carolinianum,Lycium_carolinianum,12
Solanaceae,Lycium,cestroides,Lycium_cestroides,12
Solanaceae,Lycium,chanar,Lycium_chanar,12
Solanaceae,Lycium,chilense,Lycium_chilense,12
Solanaceae,Lycium,chinense,Lycium_chinense,12
Solanaceae,Lycium,ciliatum,Lycium_ciliatum,12
Solanaceae,Lycium,cinereum,Lycium_cinereum,12
Solanaceae,Lycium,cooperi,Lycium_cooperi,12
Solanaceae,Lycium,cuneatum,Lycium_cuneatum,12
Solanaceae,Lycium,curopaeum,Lycium_curopaeum,12
Solanaceae,Lycium,decumbens,Lycium_decumbens,12
Solanaceae,Lycium,depressum,Lycium_depressum,12
Solanaceae,Lycium,edgeworthii,Lycium_edgeworthii,12
Solanaceae,Lycium,eenii,Lycium_eenii,12
Solanaceae,Lycium,elongatum,Lycium_elongatum,12
Solanaceae,Lycium,europaeum,Lycium_europaeum,12
Solanaceae,Lycium,exsertum,Lycium_exsertum,24
Solanaceae,Lycium,ferocissimum,Lycium_ferocissimum,12
Solanaceae,Lycium,fremontii,Lycium_fremontii,48
Solanaceae,Lycium,fuscum,Lycium_fuscum,12
Solanaceae,Lycium,gilliesianum,Lycium_gilliesianum,12
Solanaceae,Lycium,grandicalyx,Lycium_grandicalyx,12
Solanaceae,Lycium,griseolum,Lycium_griseolum,12
Solanaceae,Lycium,halimifolium,Lycium_halimifolium,12
Solanaceae,Lycium,halimifolium MILL.,Lycium_halimifolium mill.,12
Solanaceae,Lycium,hirsutum,Lycium_hirsutum,12
Solanaceae,Lycium,horridum,Lycium_horridum,24
Solanaceae,Lycium,infaustum,Lycium_infaustum,12
Solanaceae,Lycium,intricatum,Lycium_intricatum,12
Solanaceae,Lycium,intrincatum,Lycium_intrincatum,12
Solanaceae,Lycium,isthmense,Lycium_isthmense,12
Solanaceae,Lycium,kopetdaghi,Lycium_kopetdaghi,12
Solanaceae,Lycium,macrodon,Lycium_macrodon,12
Solanaceae,Lycium,makranicum,Lycium_makranicum,12
Solanaceae,Lycium,mascarenense,Lycium_mascarenense,12
Solanaceae,Lycium,minutifolium,Lycium_minutifolium,12
Solanaceae,Lycium,morongii,Lycium_morongii,12
Solanaceae,Lycium,nodosum,Lycium_nodosum,12
Solanaceae,Lycium,oxycarpum,Lycium_oxycarpum,12
Solanaceae,Lycium,pallidum,Lycium_pallidum,12
Solanaceae,Lycium,parishii,Lycium_parishii,12
Solanaceae,Lycium,pilifolium,Lycium_pilifolium,12
Solanaceae,Lycium,potaninii,Lycium_potaninii,12
Solanaceae,Lycium,puberulum,Lycium_puberulum,12
Solanaceae,Lycium,pumilum,Lycium_pumilum,12
Solanaceae,Lycium,rachidocladum,Lycium_rachidocladum,12
Solanaceae,Lycium,richii,Lycium_richii,12
Solanaceae,Lycium,ruthenicum,Lycium_ruthenicum,12
Solanaceae,Lycium,sandwicense,Lycium_sandwicense,12
Solanaceae,Lycium,schweinfurthii,Lycium_schweinfurthii,12
Solanaceae,Lycium,shawii,Lycium_shawii,12
Solanaceae,Lycium,stenophyllum,Lycium_stenophyllum,12
Solanaceae,Lycium,tenue,Lycium_tenue,12
Solanaceae,Lycium,tenuispinosum,Lycium_tenuispinosum,12
Solanaceae,Lycium,tetrandrum,Lycium_tetrandrum,36
Solanaceae,Lycium,torreyi,Lycium_torreyi,12
Solanaceae,Lycium,villosum,Lycium_villosum,24
Solanaceae,Lycium,vimineum,Lycium_vimineum,12
Solanaceae,Mandragora,autumnalis,Mandragora_autumnalis,42
Solanaceae,Mandragora,caulescens,Mandragora_caulescens,24
Solanaceae,Margaranthus,solanaceus,Margaranthus_solanaceus,12
Solanaceae,Markea,longipes,Markea_longipes,12
Solanaceae,Metternichia,principis,Metternichia_principis,13
Solanaceae,Nicandra,Nicandra physalodes,Nicandra_nicandra physalodes,10
Solanaceae,Nicandra,physalodes,Nicandra_physalodes,10
Solanaceae,Nicandra,physaloides,Nicandra_physaloides,10
Solanaceae,Nicotiana,Nicotiana alata,Nicotiana_nicotiana alata,9
Solanaceae,Nicotiana,Nicotiana rustica,Nicotiana_nicotiana rustica,24
Solanaceae,Nicotiana,Nicotiana tabacum,Nicotiana_nicotiana tabacum,24
Solanaceae,Nicotiana,acaulis,Nicotiana_acaulis,12
Solanaceae,Nicotiana,acuminata,Nicotiana_acuminata,12
Solanaceae,Nicotiana,africana,Nicotiana_africana,23
Solanaceae,Nicotiana,alata,Nicotiana_alata,9
Solanaceae,Nicotiana,arentsii,Nicotiana_arentsii,24
Solanaceae,Nicotiana,attenuata,Nicotiana_attenuata,12
Solanaceae,Nicotiana,benavidesii,Nicotiana_benavidesii,12
Solanaceae,Nicotiana,benthamiana,Nicotiana_benthamiana,19
Solanaceae,Nicotiana,bigelovii,Nicotiana_bigelovii,24
Solanaceae,Nicotiana,bonariensis,Nicotiana_bonariensis,9
Solanaceae,Nicotiana,burbidgeae,Nicotiana_burbidgeae,21
Solanaceae,Nicotiana,caudigera,Nicotiana_caudigera,12
Solanaceae,Nicotiana,cavanillesii,Nicotiana_cavanillesii,12
Solanaceae,Nicotiana,clevelandii,Nicotiana_clevelandii,24
Solanaceae,Nicotiana,cordifolia,Nicotiana_cordifolia,12
Solanaceae,Nicotiana,corymboa,Nicotiana_corymboa,12
Solanaceae,Nicotiana,corymbosa,Nicotiana_corymbosa,12
Solanaceae,Nicotiana,cutleri,Nicotiana_cutleri,12
Solanaceae,Nicotiana,debneyi,Nicotiana_debneyi,24
Solanaceae,Nicotiana,eastii,Nicotiana_eastii,32
Solanaceae,Nicotiana,forgetiana,Nicotiana_forgetiana,9
Solanaceae,Nicotiana,fragrans,Nicotiana_fragrans,24
Solanaceae,Nicotiana,glandulosa,Nicotiana_glandulosa,21
Solanaceae,Nicotiana,glauca,Nicotiana_glauca,12
Solanaceae,Nicotiana,glutinosa,Nicotiana_glutinosa,12
Solanaceae,Nicotiana,gossei,Nicotiana_gossei,18
Solanaceae,Nicotiana,heterantha,Nicotiana_heterantha,24
Solanaceae,Nicotiana,kawakamii,Nicotiana_kawakamii,12
Solanaceae,Nicotiana,knightiana,Nicotiana_knightiana,12
Solanaceae,Nicotiana,langsdorffii,Nicotiana_langsdorffii,9
Solanaceae,Nicotiana,langsdorfii,Nicotiana_langsdorfii,9
Solanaceae,Nicotiana,linearis,Nicotiana_linearis,12
Solanaceae,Nicotiana,longibracteata,Nicotiana_longibracteata,12
Solanaceae,Nicotiana,longiflora,Nicotiana_longiflora,10
Solanaceae,Nicotiana,longifolia,Nicotiana_longifolia,10
Solanaceae,Nicotiana,miersii,Nicotiana_miersii,12
Solanaceae,Nicotiana,multivalvis,Nicotiana_multivalvis,24
Solanaceae,Nicotiana,mutabilis,Nicotiana_mutabilis,9
Solanaceae,Nicotiana,noctiflora,Nicotiana_noctiflora,12
Solanaceae,Nicotiana,obtusifolia,Nicotiana_obtusifolia,12
Solanaceae,Nicotiana,otophora,Nicotiana_otophora,12
Solanaceae,Nicotiana,paa,Nicotiana_paa,12
Solanaceae,Nicotiana,palmeri,Nicotiana_palmeri,12
Solanaceae,Nicotiana,pampasana,Nicotiana_pampasana,12
Solanaceae,Nicotiana,paniculata,Nicotiana_paniculata,12
Solanaceae,Nicotiana,pauciflora,Nicotiana_pauciflora,12
Solanaceae,Nicotiana,pauciflora.,Nicotiana_pauciflora.,12
Solanaceae,Nicotiana,petiolaris,Nicotiana_petiolaris,24
Solanaceae,Nicotiana,petunioides,Nicotiana_petunioides,12
Solanaceae,Nicotiana,plumbaginifolia,Nicotiana_plumbaginifolia,10
Solanaceae,Nicotiana,quadrivalvis,Nicotiana_quadrivalvis,24
Solanaceae,Nicotiana,repanda,Nicotiana_repanda,24
Solanaceae,Nicotiana,rosulata,Nicotiana_rosulata,20
Solanaceae,Nicotiana,rotundifolia,Nicotiana_rotundifolia,22
Solanaceae,Nicotiana,rustica,Nicotiana_rustica,24
Solanaceae,Nicotiana,sanguinea,Nicotiana_sanguinea,24
Solanaceae,Nicotiana,setchellii,Nicotiana_setchellii,12
Solanaceae,Nicotiana,solanifolia,Nicotiana_solanifolia,12
Solanaceae,Nicotiana,spegazzinii,Nicotiana_spegazzinii,12
Solanaceae,Nicotiana,stocktoni,Nicotiana_stocktoni,24
Solanaceae,Nicotiana,stocktonii,Nicotiana_stocktonii,24
Solanaceae,Nicotiana,suaveolens,Nicotiana_suaveolens,16
Solanaceae,Nicotiana,sylvestris,Nicotiana_sylvestris,12
Solanaceae,Nicotiana,tabaccum,Nicotiana_tabaccum,24
Solanaceae,Nicotiana,tabacum,Nicotiana_tabacum,24
Solanaceae,Nicotiana,tabaeum,Nicotiana_tabaeum,24
Solanaceae,Nicotiana,thyrsiflora,Nicotiana_thyrsiflora,12
Solanaceae,Nicotiana,tomentosa,Nicotiana_tomentosa,12
Solanaceae,Nicotiana,tomentosiformis,Nicotiana_tomentosiformis,12
Solanaceae,Nicotiana,trigonophylla,Nicotiana_trigonophylla,12
Solanaceae,Nicotiana,truncata,Nicotiana_truncata,18
Solanaceae,Nicotiana,undulata,Nicotiana_undulata,12
Solanaceae,Nicotiana,wigandioides,Nicotiana_wigandioides,12
Solanaceae,Nierembergia,aristata,Nierembergia_aristata,24
Solanaceae,Nierembergia,browallioides,Nierembergia_browallioides,8
Solanaceae,Nierembergia,calycina,Nierembergia_calycina,8
Solanaceae,Nierembergia,ericoides,Nierembergia_ericoides,9
Solanaceae,Nierembergia,frutescens,Nierembergia_frutescens,9
Solanaceae,Nierembergia,hippomanica,Nierembergia_hippomanica,8
Solanaceae,Nierembergia,linariifolia,Nierembergia_linariifolia,8
Solanaceae,Nierembergia,pulchella,Nierembergia_pulchella,8
Solanaceae,Nierembergia,repens,Nierembergia_repens,8
Solanaceae,Nierembergia,rigida,Nierembergia_rigida,9
Solanaceae,Nierembergia,rivularis,Nierembergia_rivularis,8
Solanaceae,Nierembergia,rutescens,Nierembergia_rutescens,9
Solanaceae,Nierembergia,scoparia,Nierembergia_scoparia,9
Solanaceae,Nierembergia,stricta,Nierembergia_stricta,8
Solanaceae,Nierembergia,tucumanensis,Nierembergia_tucumanensis,8
Solanaceae,Nierembergia,veitchii,Nierembergia_veitchii,8
Solanaceae,Nolana,atriplicifolia,Nolana_atriplicifolia,12
Solanaceae,Nolana,galapagensis,Nolana_galapagensis,12
Solanaceae,Nolana,grandiflora,Nolana_grandiflora,12
Solanaceae,Nolana,humifusa,Nolana_humifusa,12
Solanaceae,Nolana,paradoxa,Nolana_paradoxa,12
Solanaceae,Nolana,paradoza,Nolana_paradoza,12
Solanaceae,Nolana,prostrata,Nolana_prostrata,12
Solanaceae,Nolana,rostrata,Nolana_rostrata,12
Solanaceae,Nolana,tenella,Nolana_tenella,12
Solanaceae,Nothocestrum,longifolium,Nothocestrum_longifolium,24
Solanaceae,Pantacantha,ameghinoi,Pantacantha_ameghinoi,11
Solanaceae,Petagnia,saniculifolia,Petagnia_saniculifolia,21
Solanaceae,Petunia,altiplana,Petunia_altiplana,7
Solanaceae,Petunia,axillaris,Petunia_axillaris,7
Solanaceae,Petunia,bajeensis,Petunia_bajeensis,7
Solanaceae,Petunia,bonjardinensis,Petunia_bonjardinensis,7
Solanaceae,Petunia,ericaefolia,Petunia_ericaefolia,9
Solanaceae,Petunia,guarapuavensis,Petunia_guarapuavensis,7
Solanaceae,Petunia,hybrida,Petunia_hybrida,7
Solanaceae,Petunia,inflata,Petunia_inflata,7
Solanaceae,Petunia,integrifolia,Petunia_integrifolia,7
Solanaceae,Petunia,integrifolia*,Petunia_integrifolia*,7
Solanaceae,Petunia,interior,Petunia_interior,7
Solanaceae,Petunia,ledifolia,Petunia_ledifolia,9
Solanaceae,Petunia,mantiqueirensis,Petunia_mantiqueirensis,7
Solanaceae,Petunia,nyctaginiflora,Petunia_nyctaginiflora,7
Solanaceae,Petunia,parodii,Petunia_parodii,7
Solanaceae,Petunia,patagonica,Petunia_patagonica,9
Solanaceae,Petunia,riograndensis,Petunia_riograndensis,7
Solanaceae,Petunia,secreta,Petunia_secreta,7
Solanaceae,Petunia,violacea,Petunia_violacea,7
Solanaceae,Phrodus,microphyllus,Phrodus_microphyllus,12
Solanaceae,Physalis,Physalis alkekengi,Physalis_physalis alkekengi,12
Solanaceae,Physalis,Physalis ixocarpa,Physalis_physalis ixocarpa,12
Solanaceae,Physalis,alkekengi,Physalis_alkekengi,12
Solanaceae,Physalis,alkekengi L.,Physalis_alkekengi l.,12
Solanaceae,Physalis,angulata,Physalis_angulata,24
Solanaceae,Physalis,angustiphysa,Physalis_angustiphysa,12
Solanaceae,Physalis,arenicola,Physalis_arenicola,12
Solanaceae,Physalis,barbadensis,Physalis_barbadensis,12
Solanaceae,Physalis,carpenteri,Physalis_carpenteri,12
Solanaceae,Physalis,chenopodifolia,Physalis_chenopodifolia,12
Solanaceae,Physalis,cinerascens,Physalis_cinerascens,12
Solanaceae,Physalis,comata,Physalis_comata,12
Solanaceae,Physalis,cordata,Physalis_cordata,12
Solanaceae,Physalis,crassifolia,Physalis_crassifolia,12
Solanaceae,Physalis,divaricata,Physalis_divaricata,12
Solanaceae,Physalis,elliotti,Physalis_elliotti,12
Solanaceae,Physalis,elliottii,Physalis_elliottii,12
Solanaceae,Physalis,fendleri,Physalis_fendleri,12
Solanaceae,Physalis,floridana,Physalis_floridana,12
Solanaceae,Physalis,foetens,Physalis_foetens,12
Solanaceae,Physalis,franchetii,Physalis_franchetii,12
Solanaceae,Physalis,franchettii,Physalis_franchettii,12
Solanaceae,Physalis,galapagoensis,Physalis_galapagoensis,12
Solanaceae,Physalis,glabra,Physalis_glabra,12
Solanaceae,Physalis,glutinosa,Physalis_glutinosa,12
Solanaceae,Physalis,gracilis,Physalis_gracilis,12
Solanaceae,Physalis,grisea,Physalis_grisea,12
Solanaceae,Physalis,hederaefolia,Physalis_hederaefolia,12
Solanaceae,Physalis,hederifolia,Physalis_hederifolia,12
Solanaceae,Physalis,heterophylla,Physalis_heterophylla,12
Solanaceae,Physalis,ignota,Physalis_ignota,12
Solanaceae,Physalis,ixocarpa,Physalis_ixocarpa,12
Solanaceae,Physalis,lagascae,Physalis_lagascae,12
Solanaceae,Physalis,lanceifolia,Physalis_lanceifolia,12
Solanaceae,Physalis,lanceolata,Physalis_lanceolata,10
Solanaceae,Physalis,latiphysa,Physalis_latiphysa,12
Solanaceae,Physalis,lobata,Physalis_lobata,11
Solanaceae,Physalis,longifolia,Physalis_longifolia,12
Solanaceae,Physalis,micrantha,Physalis_micrantha,12
Solanaceae,Physalis,minima,Physalis_minima,24
Solanaceae,Physalis,minimaL.,Physalis_minimal.,24
Solanaceae,Physalis,minuta,Physalis_minuta,12
Solanaceae,Physalis,missouriensis,Physalis_missouriensis,12
Solanaceae,Physalis,mollis,Physalis_mollis,12
Solanaceae,Physalis,neomexicana,Physalis_neomexicana,12
Solanaceae,Physalis,nicandroides,Physalis_nicandroides,12
Solanaceae,Physalis,nyctaginea,Physalis_nyctaginea,12
Solanaceae,Physalis,patula,Physalis_patula,12
Solanaceae,Physalis,pendula,Physalis_pendula,12
Solanaceae,Physalis,peruviana,Physalis_peruviana,24
Solanaceae,Physalis,philadelphica,Physalis_philadelphica,12
Solanaceae,Physalis,porrecta,Physalis_porrecta,12
Solanaceae,Physalis,pruinosa,Physalis_pruinosa,12
Solanaceae,Physalis,pubescens,Physalis_pubescens,12
Solanaceae,Physalis,pumila,Physalis_pumila,12
Solanaceae,Physalis,sordida,Physalis_sordida,12
Solanaceae,Physalis,subglabrata,Physalis_subglabrata,12
Solanaceae,Physalis,texana,Physalis_texana,12
Solanaceae,Physalis,turbinata,Physalis_turbinata,12
Solanaceae,Physalis,vestita,Physalis_vestita,12
Solanaceae,Physalis,virginiana,Physalis_virginiana,12
Solanaceae,Physalis,viscosa,Physalis_viscosa,12
Solanaceae,Physalis,wrightii,Physalis_wrightii,12
Solanaceae,Physochlaina,orientalis,Physochlaina_orientalis,14
Solanaceae,Physochlaina,physaloides,Physochlaina_physaloides,24
Solanaceae,Physochlaina,praealta,Physochlaina_praealta,21
Solanaceae,Przewalskia,tangutica,Przewalskia_tangutica,22
Solanaceae,Quincula,lobata,Quincula_lobata,11
Solanaceae,Salpichroa,Salpichroa origanifolia,Salpichroa_salpichroa origanifolia,12
Solanaceae,Salpichroa,hirsuta,Salpichroa_hirsuta,12
Solanaceae,Salpichroa,origanifolia,Salpichroa_origanifolia,12
Solanaceae,Salpichroa,rhomboidea,Salpichroa_rhomboidea,12
Solanaceae,Salpichroa,rhomhoidea,Salpichroa_rhomhoidea,12
Solanaceae,Salpichroma,hirsutum,Salpichroma_hirsutum,12
Solanaceae,Salpiglossis,sinuata,Salpiglossis_sinuata,22
Solanaceae,Saracha,sellowiana,Saracha_sellowiana,12
Solanaceae,Saracha,umbellata,Saracha_umbellata,24
Solanaceae,Schizanthus,grahamii,Schizanthus_grahamii,10
Solanaceae,Schizanthus,hookeri,Schizanthus_hookeri,10
Solanaceae,Schizanthus,pinnatus,Schizanthus_pinnatus,10
Solanaceae,Schizanthus,retusus,Schizanthus_retusus,10
Solanaceae,Schizanthus,wisetoensis,Schizanthus_wisetoensis,10
Solanaceae,Schizanthus,wisetonensis,Schizanthus_wisetonensis,10
Solanaceae,Schwenckia,americana,Schwenckia_americana,10
Solanaceae,Schwenckia,browallioides,Schwenckia_browallioides,12
Solanaceae,Sclerophylax,arnottii,Sclerophylax_arnottii,12
Solanaceae,Scopola,parviflora,Scopola_parviflora,24
Solanaceae,Sessea,corymbiflora,Sessea_corymbiflora,8
Solanaceae,Solandra,grandiflora,Solandra_grandiflora,12
Solanaceae,Solandra,longiflora,Solandra_longiflora,12
Solanaceae,Solanum,Lycopersicon esculentum,Solanum_lycopersicon esculentum,12
Solanaceae,Solanum,Solanum chenopodioides,Solanum_solanum chenopodioides,12
Solanaceae,Solanum,Solanum dulcamara,Solanum_solanum dulcamara,12
Solanaceae,Solanum,Solanum nigrum,Solanum_solanum nigrum,36
Solanaceae,Solanum,Solanum physalifolium,Solanum_solanum physalifolium,8
Solanaceae,Solanum,Solanum rostratum,Solanum_solanum rostratum,12
Solanaceae,Solanum,Solanum sisymbriifolium,Solanum_solanum sisymbriifolium,12
Solanaceae,Solanum,Solanum triflorum,Solanum_solanum triflorum,12
Solanaceae,Solanum,Solanum tuberosum,Solanum_solanum tuberosum,24
Solanaceae,Solanum,abancayense,Solanum_abancayense,12
Solanaceae,Solanum,abbottianum,Solanum_abbottianum,12
Solanaceae,Solanum,abitaguense,Solanum_abitaguense,12
Solanaceae,Solanum,abutiloides,Solanum_abutiloides,12
Solanaceae,Solanum,abutioloides,Solanum_abutioloides,12
Solanaceae,Solanum,acanthodes,Solanum_acanthodes,12
Solanaceae,Solanum,acaule,Solanum_acaule,24
Solanaceae,Solanum,acerifolium,Solanum_acerifolium,12
Solanaceae,Solanum,acerosum,Solanum_acerosum,12
Solanaceae,Solanum,achacachense,Solanum_achacachense,12
Solanaceae,Solanum,acroglossum,Solanum_acroglossum,12
Solanaceae,Solanum,acroscopicum,Solanum_acroscopicum,12
Solanaceae,Solanum,acroscopium,Solanum_acroscopium,12
Solanaceae,Solanum,aculeastrum,Solanum_aculeastrum,12
Solanaceae,Solanum,aculeastrum-,Solanum_aculeastrum-,12
Solanaceae,Solanum,aculeatissimum,Solanum_aculeatissimum,12
Solanaceae,Solanum,aculeatisslmum,Solanum_aculeatisslmum,12
Solanaceae,Solanum,acuminata,Solanum_acuminata,12
Solanaceae,Solanum,acutifolium,Solanum_acutifolium,12
Solanaceae,Solanum,adelphum,Solanum_adelphum,12
Solanaceae,Solanum,adventitum,Solanum_adventitum,12
Solanaceae,Solanum,aemulans,Solanum_aemulans,12
Solanaceae,Solanum,aenictum,Solanum_aenictum,12
Solanaceae,Solanum,aethiopicum,Solanum_aethiopicum,12
Solanaceae,Solanum,agrimonifolium,Solanum_agrimonifolium,24
Solanaceae,Solanum,agrimoniifolium,Solanum_agrimoniifolium,24
Solanaceae,Solanum,ajanhuiri,Solanum_ajanhuiri,12
Solanaceae,Solanum,ajuscoense,Solanum_ajuscoense,24
Solanaceae,Solanum,alandiae,Solanum_alandiae,12
Solanaceae,Solanum,alatum,Solanum_alatum,24
Solanaceae,Solanum,albicans,Solanum_albicans,36
Solanaceae,Solanum,albicaule,Solanum_albicaule,12
Solanaceae,Solanum,albornozii,Solanum_albornozii,12
Solanaceae,Solanum,aligerum,Solanum_aligerum,12
Solanaceae,Solanum,allophyllum,Solanum_allophyllum,12
Solanaceae,Solanum,aloysiifolium,Solanum_aloysiifolium,12
Solanaceae,Solanum,alternatopinnatum,Solanum_alternatopinnatum,12
Solanaceae,Solanum,alticolum,Solanum_alticolum,12
Solanaceae,Solanum,amayanum,Solanum_amayanum,12
Solanaceae,Solanum,amazonicum,Solanum_amazonicum,12
Solanaceae,Solanum,amblophyllum,Solanum_amblophyllum,12
Solanaceae,Solanum,ambosinum,Solanum_ambosinum,12
Solanaceae,Solanum,americanum,Solanum_americanum,12
Solanaceae,Solanum,americanum subsp. nutans (R.J.F.Hend.) R.J.F.Hend.,Solanum_americanum subsp. nutans (r.j.f.hend.) r.j.f.hend.,12
Solanaceae,Solanum,amotapense,Solanum_amotapense,12
Solanaceae,Solanum,anamatophilum,Solanum_anamatophilum,12
Solanaceae,Solanum,ancophilum,Solanum_ancophilum,12
Solanaceae,Solanum,ancoripae,Solanum_ancoripae,12
Solanaceae,Solanum,andersonii,Solanum_andersonii,12
Solanaceae,Solanum,andigena,Solanum_andigena,24
Solanaceae,Solanum,andigenum,Solanum_andigenum,24
Solanaceae,Solanum,andreanum,Solanum_andreanum,12
Solanaceae,Solanum,anematophilum,Solanum_anematophilum,12
Solanaceae,Solanum,anguivi,Solanum_anguivi,12
Solanaceae,Solanum,angustifolium,Solanum_angustifolium,12
Solanaceae,Solanum,anomalocalyz,Solanum_anomalocalyz,12
Solanaceae,Solanum,antacochense,Solanum_antacochense,12
Solanaceae,Solanum,antillarum,Solanum_antillarum,12
Solanaceae,Solanum,antipo-chacoense,Solanum_antipo-chacoense,36
Solanaceae,Solanum,antipo-phureja,Solanum_antipo-phureja,36
Solanaceae,Solanum,antipoviczii,Solanum_antipoviczii,24
Solanaceae,Solanum,aphyodendron,Solanum_aphyodendron,12
Solanaceae,Solanum,appendiculatum,Solanum_appendiculatum,12
Solanaceae,Solanum,apurimacense,Solanum_apurimacense,24
Solanaceae,Solanum,aracc-papa,Solanum_aracc-papa,12
Solanaceae,Solanum,arahuayum,Solanum_arahuayum,12
Solanaceae,Solanum,arboreum,Solanum_arboreum,12
Solanaceae,Solanum,arcanum,Solanum_arcanum,12
Solanaceae,Solanum,arequipense,Solanum_arequipense,36
Solanaceae,Solanum,argentinum,Solanum_argentinum,12
Solanaceae,Solanum,ariduphilum,Solanum_ariduphilum,12
Solanaceae,Solanum,arnezii,Solanum_arnezii,12
Solanaceae,Solanum,ascasabii,Solanum_ascasabii,12
Solanaceae,Solanum,ascasabit,Solanum_ascasabit,12
Solanaceae,Solanum,ashbyae,Solanum_ashbyae,12
Solanaceae,Solanum,asiae-media,Solanum_asiae-media,12
Solanaceae,Solanum,asperolanatum,Solanum_asperolanatum,12
Solanaceae,Solanum,asperrimum,Solanum_asperrimum,12
Solanaceae,Solanum,asperum,Solanum_asperum,12
Solanaceae,Solanum,astleyi,Solanum_astleyi,12
Solanaceae,Solanum,asymmetriphyllum,Solanum_asymmetriphyllum,12
Solanaceae,Solanum,athenae,Solanum_athenae,12
Solanaceae,Solanum,atitlanum,Solanum_atitlanum,12
Solanaceae,Solanum,atriplicifolium,Solanum_atriplicifolium,24
Solanaceae,Solanum,atropurpureum,Solanum_atropurpureum,12
Solanaceae,Solanum,augustii,Solanum_augustii,12
Solanaceae,Solanum,auriculatum,Solanum_auriculatum,12
Solanaceae,Solanum,aviculare,Solanum_aviculare,23
Solanaceae,Solanum,aviculare G.Forst.,Solanum_aviculare g.forst.,23
Solanaceae,Solanum,aviculare G.Forst. var. aviculare,Solanum_aviculare g.forst. var. aviculare,23
Solanaceae,Solanum,aviculare G.Forst. var. latifolium G.T.S.Baylis,Solanum_aviculare g.forst. var. latifolium g.t.s.baylis,23
Solanaceae,Solanum,avilesii,Solanum_avilesii,12
Solanaceae,Solanum,avucykar,Solanum_avucykar,24
Solanaceae,Solanum,axillifolium,Solanum_axillifolium,12
Solanaceae,Solanum,ayacuchense,Solanum_ayacuchense,12
Solanaceae,Solanum,ayacuchoense,Solanum_ayacuchoense,24
Solanaceae,Solanum,aymaraesense,Solanum_aymaraesense,12
Solanaceae,Solanum,bahamense,Solanum_bahamense,12
Solanaceae,Solanum,bahmense,Solanum_bahmense,12
Solanaceae,Solanum,balbisii,Solanum_balbisii,12
Solanaceae,Solanum,balsii,Solanum_balsii,12
Solanaceae,Solanum,barbulatum,Solanum_barbulatum,12
Solanaceae,Solanum,basendopogon,Solanum_basendopogon,12
Solanaceae,Solanum,basilobum,Solanum_basilobum,12
Solanaceae,Solanum,beaugleholei,Solanum_beaugleholei,12
Solanaceae,Solanum,benensis,Solanum_benensis,12
Solanaceae,Solanum,berthaultii,Solanum_berthaultii,12
Solanaceae,Solanum,betacea,Solanum_betacea,12
Solanaceae,Solanum,betacea(Cav.),Solanum_betacea(cav.),12
Solanaceae,Solanum,betaceum,Solanum_betaceum,12
Solanaceae,Solanum,bicolor,Solanum_bicolor,12
Solanaceae,Solanum,bill-hookeri,Solanum_bill-hookeri,12
Solanaceae,Solanum,birsutum,Solanum_birsutum,12
Solanaceae,Solanum,blanco-galdosii,Solanum_blanco-galdosii,12
Solanaceae,Solanum,boergeri,Solanum_boergeri,12
Solanaceae,Solanum,boerhaaviifolium,Solanum_boerhaaviifolium,12
Solanaceae,Solanum,boliviense,Solanum_boliviense,12
Solanaceae,Solanum,bombycinum,Solanum_bombycinum,24
Solanaceae,Solanum,bonariense,Solanum_bonariense,12
Solanaceae,Solanum,boreale,Solanum_boreale,12
Solanaceae,Solanum,boyacense,Solanum_boyacense,12
Solanaceae,Solanum,brachistotrichum,Solanum_brachistotrichum,12
Solanaceae,Solanum,brachycarpum,Solanum_brachycarpum,36
Solanaceae,Solanum,brachystachys,Solanum_brachystachys,12
Solanaceae,Solanum,brackycarpum,Solanum_brackycarpum,36
Solanaceae,Solanum,brevicaule,Solanum_brevicaule,12
Solanaceae,Solanum,brevidens,Solanum_brevidens,12
Solanaceae,Solanum,brevifolium,Solanum_brevifolium,12
Solanaceae,Solanum,brevimucronatum,Solanum_brevimucronatum,12
Solanaceae,Solanum,brevipedicellatum,Solanum_brevipedicellatum,12
Solanaceae,Solanum,buesii,Solanum_buesii,12
Solanaceae,Solanum,bukasovii,Solanum_bukasovii,12
Solanaceae,Solanum,bukasovit,Solanum_bukasovit,12
Solanaceae,Solanum,bulbocastanum,Solanum_bulbocastanum,12
Solanaceae,Solanum,bullatum,Solanum_bullatum,15
Solanaceae,Solanum,burkartii,Solanum_burkartii,12
Solanaceae,Solanum,burtonii,Solanum_burtonii,18
Solanaceae,Solanum,caavurana,Solanum_caavurana,12
Solanaceae,Solanum,cajamarquense,Solanum_cajamarquense,12
Solanaceae,Solanum,cajanumense,Solanum_cajanumense,12
Solanaceae,Solanum,cajanumensis,Solanum_cajanumensis,12
Solanaceae,Solanum,calacalinum,Solanum_calacalinum,12
Solanaceae,Solanum,calcense,Solanum_calcense,12
Solanaceae,Solanum,caldasii,Solanum_caldasii,12
Solanaceae,Solanum,callium,Solanum_callium,24
Solanaceae,Solanum,calvescens,Solanum_calvescens,18
Solanaceae,Solanum,calycina,Solanum_calycina,12
Solanaceae,Solanum,campanulatum,Solanum_campanulatum,12
Solanaceae,Solanum,campylacanthum,Solanum_campylacanthum,12
Solanaceae,Solanum,canasense,Solanum_canasense,12
Solanaceae,Solanum,candidum,Solanum_candidum,12
Solanaceae,Solanum,candolleanum,Solanum_candolleanum,12
Solanaceae,Solanum,canense,Solanum_canense,12
Solanaceae,Solanum,caniarense,Solanum_caniarense,12
Solanaceae,Solanum,cantense,Solanum_cantense,12
Solanaceae,Solanum,capsicastmm,Solanum_capsicastmm,12
Solanaceae,Solanum,capsicastrum,Solanum_capsicastrum,12
Solanaceae,Solanum,capsicibaccatum,Solanum_capsicibaccatum,12
Solanaceae,Solanum,capsiciforme,Solanum_capsiciforme,23
Solanaceae,Solanum,capsicoides,Solanum_capsicoides,12
Solanaceae,Solanum,capstcibaccatum,Solanum_capstcibaccatum,12
Solanaceae,Solanum,carchiense,Solanum_carchiense,12
Solanaceae,Solanum,cardiophyllum,Solanum_cardiophyllum,12
Solanaceae,Solanum,caripense,Solanum_caripense,12
Solanaceae,Solanum,carolinense,Solanum_carolinense,12
Solanaceae,Solanum,catilliflorum,Solanum_catilliflorum,12
Solanaceae,Solanum,catombelense,Solanum_catombelense,12
Solanaceae,Solanum,centrale,Solanum_centrale,24
Solanaceae,Solanum,cernuum,Solanum_cernuum,12
Solanaceae,Solanum,chacoense,Solanum_chacoense,12
Solanaceae,Solanum,chancayense,Solanum_chancayense,12
Solanaceae,Solanum,chaucha,Solanum_chaucha,18
Solanaceae,Solanum,cheesmaniae,Solanum_cheesmaniae,12
Solanaceae,Solanum,chenopodinum,Solanum_chenopodinum,12
Solanaceae,Solanum,chenopodioides,Solanum_chenopodioides,12
Solanaceae,Solanum,chiapasense,Solanum_chiapasense,12
Solanaceae,Solanum,chilense,Solanum_chilense,12
Solanaceae,Solanum,chilliasense,Solanum_chilliasense,12
Solanaceae,Solanum,chillonanum,Solanum_chillonanum,12
Solanaceae,Solanum,chiloense,Solanum_chiloense,24
Solanaceae,Solanum,chimborazense,Solanum_chimborazense,12
Solanaceae,Solanum,chippendalei,Solanum_chippendalei,12
Solanaceae,Solanum,chiquidenum,Solanum_chiquidenum,12
Solanaceae,Solanum,chlamydogynum,Solanum_chlamydogynum,12
Solanaceae,Solanum,chmielewskii,Solanum_chmielewskii,12
Solanaceae,Solanum,chomatophilum,Solanum_chomatophilum,12
Solanaceae,Solanum,chrysoflorum,Solanum_chrysoflorum,12
Solanaceae,Solanum,chrysotrichum,Solanum_chrysotrichum,12
Solanaceae,Solanum,churuspi,Solanum_churuspi,12
Solanaceae,Solanum,ciliatum,Solanum_ciliatum,12
Solanaceae,Solanum,cinereum,Solanum_cinereum,12
Solanaceae,Solanum,circaeifolium,Solanum_circaeifolium,12
Solanaceae,Solanum,circinatum,Solanum_circinatum,12
Solanaceae,Solanum,citrullifolium,Solanum_citrullifolium,12
Solanaceae,Solanum,clarkiae,Solanum_clarkiae,12
Solanaceae,Solanum,clarum,Solanum_clarum,12
Solanaceae,Solanum,cleistogamum,Solanum_cleistogamum,12
Solanaceae,Solanum,coactiliferum,Solanum_coactiliferum,12
Solanaceae,Solanum,coagulans,Solanum_coagulans,12
Solanaceae,Solanum,cochabambense,Solanum_cochabambense,12
Solanaceae,Solanum,cochoae,Solanum_cochoae,12
Solanaceae,Solanum,coelestipetalum,Solanum_coelestipetalum,12
Solanaceae,Solanum,coelestispetalum,Solanum_coelestispetalum,12
Solanaceae,Solanum,coeruleiflorum,Solanum_coeruleiflorum,18
Solanaceae,Solanum,colombianum,Solanum_colombianum,24
Solanaceae,Solanum,commersonii,Solanum_commersonii,12
Solanaceae,Solanum,comptum,Solanum_comptum,24
Solanaceae,Solanum,concinnum,Solanum_concinnum,12
Solanaceae,Solanum,conditum,Solanum_conditum,12
Solanaceae,Solanum,confertiseriatum,Solanum_confertiseriatum,12
Solanaceae,Solanum,confine,Solanum_confine,12
Solanaceae,Solanum,confusum,Solanum_confusum,12
Solanaceae,Solanum,connatum,Solanum_connatum,12
Solanaceae,Solanum,consimile,Solanum_consimile,12
Solanaceae,Solanum,contense,Solanum_contense,12
Solanaceae,Solanum,contumazaense,Solanum_contumazaense,12
Solanaceae,Solanum,cookii,Solanum_cookii,12
Solanaceae,Solanum,corifolium,Solanum_corifolium,12
Solanaceae,Solanum,corneliomulleri,Solanum_corneliomulleri,12
Solanaceae,Solanum,cornutum,Solanum_cornutum,12
Solanaceae,Solanum,correllii,Solanum_correllii,12
Solanaceae,Solanum,corymbiflora,Solanum_corymbiflora,12
Solanaceae,Solanum,corymbiflorum,Solanum_corymbiflorum,12
Solanaceae,Solanum,corymbosum,Solanum_corymbosum,12
Solanaceae,Solanum,crinitipes,Solanum_crinitipes,12
Solanaceae,Solanum,crinitum,Solanum_crinitum,12
Solanaceae,Solanum,crispum,Solanum_crispum,12
Solanaceae,Solanum,cristalense,Solanum_cristalense,48
Solanaceae,Solanum,cucullatum,Solanum_cucullatum,12
Solanaceae,Solanum,cultum,Solanum_cultum,24
Solanaceae,Solanum,cumingii,Solanum_cumingii,12
Solanaceae,Solanum,cunninghamii,Solanum_cunninghamii,12
Solanaceae,Solanum,curtilobum,Solanum_curtilobum,30
Solanaceae,Solanum,curtipes,Solanum_curtipes,12
Solanaceae,Solanum,cyaneo-purpureum,Solanum_cyaneo-purpureum,12
Solanaceae,Solanum,dallachii,Solanum_dallachii,24
Solanaceae,Solanum,dasyphyllum,Solanum_dasyphyllum,12
Solanaceae,Solanum,davisense,Solanum_davisense,12
Solanaceae,Solanum,demisso-rosum,Solanum_demisso-rosum,60
Solanaceae,Solanum,demissum,Solanum_demissum,36
Solanaceae,Solanum,densevestitum,Solanum_densevestitum,12
Solanaceae,Solanum,densivestitum,Solanum_densivestitum,12
Solanaceae,Solanum,desvauxii,Solanum_desvauxii,12
Solanaceae,Solanum,dianthophorum,Solanum_dianthophorum,12
Solanaceae,Solanum,didymacanthum,Solanum_didymacanthum,12
Solanaceae,Solanum,diemii,Solanum_diemii,24
Solanaceae,Solanum,dillenianum,Solanum_dillenianum,12
Solanaceae,Solanum,dimidiatum,Solanum_dimidiatum,36
Solanaceae,Solanum,dimorphispinum,Solanum_dimorphispinum,12
Solanaceae,Solanum,diodontum,Solanum_diodontum,24
Solanaceae,Solanum,dioicum,Solanum_dioicum,12
Solanaceae,Solanum,diphyllum,Solanum_diphyllum,12
Solanaceae,Solanum,diploconos,Solanum_diploconos,12
Solanaceae,Solanum,discolor,Solanum_discolor,24
Solanaceae,Solanum,dissimile,Solanum_dissimile,12
Solanaceae,Solanum,divaricata,Solanum_divaricata,12
Solanaceae,Solanum,diversiflorum,Solanum_diversiflorum,12
Solanaceae,Solanum,diversifolia,Solanum_diversifolia,12
Solanaceae,Solanum,diversifolium,Solanum_diversifolium,12
Solanaceae,Solanum,doddsii,Solanum_doddsii,12
Solanaceae,Solanum,dolichocarpa,Solanum_dolichocarpa,12
Solanaceae,Solanum,dolichocremastrum,Solanum_dolichocremastrum,12
Solanaceae,Solanum,donachui,Solanum_donachui,24
Solanaceae,Solanum,donianum,Solanum_donianum,12
Solanaceae,Solanum,douglasii,Solanum_douglasii,12
Solanaceae,Solanum,drymophyllum,Solanum_drymophyllum,12
Solanaceae,Solanum,dulcamara,Solanum_dulcamara,12
Solanaceae,Solanum,dulcamara L.,Solanum_dulcamara l.,12
Solanaceae,Solanum,dulcemara,Solanum_dulcemara,12
Solanaceae,Solanum,eburneum,Solanum_eburneum,12
Solanaceae,Solanum,echegarayi,Solanum_echegarayi,12
Solanaceae,Solanum,echinatum,Solanum_echinatum,12
Solanaceae,Solanum,edinense,Solanum_edinense,30
Solanaceae,Solanum,edulis,Solanum_edulis,20
Solanaceae,Solanum,ehrenbergii,Solanum_ehrenbergii,12
Solanaceae,Solanum,elachophyllum,Solanum_elachophyllum,12
Solanaceae,Solanum,elaeagnifolium,Solanum_elaeagnifolium,12
Solanaceae,Solanum,elaegnifolium,Solanum_elaegnifolium,12
Solanaceae,Solanum,eleagnifolium,Solanum_eleagnifolium,12
Solanaceae,Solanum,ellipticum,Solanum_ellipticum,12
Solanaceae,Solanum,endoadenium,Solanum_endoadenium,12
Solanaceae,Solanum,endopogon,Solanum_endopogon,12
Solanaceae,Solanum,erianthum,Solanum_erianthum,12
Solanaceae,Solanum,erosomarginatum,Solanum_erosomarginatum,12
Solanaceae,Solanum,esc,Solanum_esc,12
Solanaceae,Solanum,esculentum,Solanum_esculentum,12
Solanaceae,Solanum,esuriale,Solanum_esuriale,24
Solanaceae,Solanum,etuberosum,Solanum_etuberosum,12
Solanaceae,Solanum,euacanthum,Solanum_euacanthum,12
Solanaceae,Solanum,excisirhombeum,Solanum_excisirhombeum,24
Solanaceae,Solanum,expedunculatum,Solanum_expedunculatum,24
Solanaceae,Solanum,extremiorientale,Solanum_extremiorientale,22
Solanaceae,Solanum,felinum,Solanum_felinum,12
Solanaceae,Solanum,fendleri,Solanum_fendleri,24
Solanaceae,Solanum,fernandezianum,Solanum_fernandezianum,12
Solanaceae,Solanum,ferocissimum,Solanum_ferocissimum,12
Solanaceae,Solanum,ferox,Solanum_ferox,12
Solanaceae,Solanum,fiebrigii,Solanum_fiebrigii,12
Solanaceae,Solanum,filiforme,Solanum_filiforme,12
Solanaceae,Solanum,flahaultii,Solanum_flahaultii,24
Solanaceae,Solanum,flavoviridens,Solanum_flavoviridens,18
Solanaceae,Solanum,foetens,Solanum_foetens,12
Solanaceae,Solanum,foetida,Solanum_foetida,12
Solanaceae,Solanum,forskalii,Solanum_forskalii,12
Solanaceae,Solanum,fosbergianum,Solanum_fosbergianum,12
Solanaceae,Solanum,fragile,Solanum_fragile,24
Solanaceae,Solanum,fragilis,Solanum_fragilis,12
Solanaceae,Solanum,fraxinifolium,Solanum_fraxinifolium,12
Solanaceae,Solanum,fructo-tecto,Solanum_fructo-tecto,12
Solanaceae,Solanum,furcatum,Solanum_furcatum,36
Solanaceae,Solanum,furfuraceum,Solanum_furfuraceum,12
Solanaceae,Solanum,fusiforme,Solanum_fusiforme,12
Solanaceae,Solanum,gabrielae,Solanum_gabrielae,12
Solanaceae,Solanum,galapagense,Solanum_galapagense,12
Solanaceae,Solanum,gandarillasii,Solanum_gandarillasii,12
Solanaceae,Solanum,garcia-barrigae,Solanum_garcia-barrigae,24
Solanaceae,Solanum,georgicum,Solanum_georgicum,12
Solanaceae,Solanum,giganteum,Solanum_giganteum,12
Solanaceae,Solanum,gilo,Solanum_gilo,12
Solanaceae,Solanum,glandulosipilosum,Solanum_glandulosipilosum,12
Solanaceae,Solanum,glandulosum,Solanum_glandulosum,12
Solanaceae,Solanum,glaucophyllum,Solanum_glaucophyllum,12
Solanaceae,Solanum,glaucum,Solanum_glaucum,12
Solanaceae,Solanum,glutinosum,Solanum_glutinosum,12
Solanaceae,Solanum,goniocalyx,Solanum_goniocalyx,12
Solanaceae,Solanum,gourlayi,Solanum_gourlayi,12
Solanaceae,Solanum,gracile,Solanum_gracile,12
Solanaceae,Solanum,gracilifrons,Solanum_gracilifrons,12
Solanaceae,Solanum,gracilipes,Solanum_gracilipes,12
Solanaceae,Solanum,gracilius,Solanum_gracilius,12
Solanaceae,Solanum,gracillimum,Solanum_gracillimum,12
Solanaceae,Solanum,grandiflorum,Solanum_grandiflorum,12
Solanaceae,Solanum,granuloso-leprosum,Solanum_granuloso-leprosum,12
Solanaceae,Solanum,gratum,Solanum_gratum,12
Solanaceae,Solanum,grayi,Solanum_grayi,12
Solanaceae,Solanum,grossedentatum,Solanum_grossedentatum,24
Solanaceae,Solanum,guaraniticum,Solanum_guaraniticum,12
Solanaceae,Solanum,guerreroense,Solanum_guerreroense,36
Solanaceae,Solanum,guineense,Solanum_guineense,36
Solanaceae,Solanum,gundlachii,Solanum_gundlachii,24
Solanaceae,Solanum,guzmanguense,Solanum_guzmanguense,12
Solanaceae,Solanum,habrochaites,Solanum_habrochaites,12
Solanaceae,Solanum,hapalosum,Solanum_hapalosum,12
Solanaceae,Solanum,hartwegii,Solanum_hartwegii,12
Solanaceae,Solanum,hastiforme,Solanum_hastiforme,12
Solanaceae,Solanum,hazenii,Solanum_hazenii,12
Solanaceae,Solanum,heiseri,Solanum_heiseri,12
Solanaceae,Solanum,hermanii,Solanum_hermanii,12
Solanaceae,Solanum,herrerae,Solanum_herrerae,24
Solanaceae,Solanum,heterodoxum,Solanum_heterodoxum,12
Solanaceae,Solanum,heterophylla,Solanum_heterophylla,12
Solanaceae,Solanum,hibernum,Solanum_hibernum,12
Solanaceae,Solanum,hieronymi,Solanum_hieronymi,12
Solanaceae,Solanum,hindsianum,Solanum_hindsianum,12
Solanaceae,Solanum,hintonii,Solanum_hintonii,12
Solanaceae,Solanum,hirsutum,Solanum_hirsutum,12
Solanaceae,Solanum,hirtum,Solanum_hirtum,12
Solanaceae,Solanum,hispidum,Solanum_hispidum,12
Solanaceae,Solanum,hjertingii,Solanum_hjertingii,24
Solanaceae,Solanum,hoehnei,Solanum_hoehnei,12
Solanaceae,Solanum,homalospermum,Solanum_homalospermum,24
Solanaceae,Solanum,hondelmannii,Solanum_hondelmannii,12
Solanaceae,Solanum,hoopesii,Solanum_hoopesii,24
Solanaceae,Solanum,hoplopetalum,Solanum_hoplopetalum,12
Solanaceae,Solanum,horridum,Solanum_horridum,12
Solanaceae,Solanum,hougasii,Solanum_hougasii,36
Solanaceae,Solanum,houstonii,Solanum_houstonii,12
Solanaceae,Solanum,huancabambense,Solanum_huancabambense,12
Solanaceae,Solanum,huarochiriense,Solanum_huarochiriense,12
Solanaceae,Solanum,huaylasense,Solanum_huaylasense,12
Solanaceae,Solanum,huilense,Solanum_huilense,12
Solanaceae,Solanum,humboldtli,Solanum_humboldtli,12
Solanaceae,Solanum,humectophilum,Solanum_humectophilum,12
Solanaceae,Solanum,hypacrarthrum,Solanum_hypacrarthrum,12
Solanaceae,Solanum,hypaleurotrichum,Solanum_hypaleurotrichum,12
Solanaceae,Solanum,hypocalycosarcum,Solanum_hypocalycosarcum,12
Solanaceae,Solanum,hypomalaca,Solanum_hypomalaca,12
Solanaceae,Solanum,hyporhodium,Solanum_hyporhodium,12
Solanaceae,Solanum,hystrix,Solanum_hystrix,12
Solanaceae,Solanum,iltisii,Solanum_iltisii,12
Solanaceae,Solanum,immite,Solanum_immite,12
Solanaceae,Solanum,inaequale,Solanum_inaequale,12
Solanaceae,Solanum,inaequilaterum,Solanum_inaequilaterum,12
Solanaceae,Solanum,incahuasinum,Solanum_incahuasinum,12
Solanaceae,Solanum,incamayoense,Solanum_incamayoense,12
Solanaceae,Solanum,incanoalabastrum,Solanum_incanoalabastrum,12
Solanaceae,Solanum,incanum,Solanum_incanum,12
Solanaceae,Solanum,incanwn,Solanum_incanwn,12
Solanaceae,Solanum,incarceratum,Solanum_incarceratum,12
Solanaceae,Solanum,incasicum,Solanum_incasicum,12
Solanaceae,Solanum,incisum,Solanum_incisum,12
Solanaceae,Solanum,incompletum,Solanum_incompletum,12
Solanaceae,Solanum,indianense,Solanum_indianense,24
Solanaceae,Solanum,indicum,Solanum_indicum,12
Solanaceae,Solanum,indunii,Solanum_indunii,18
Solanaceae,Solanum,infundibuliforme,Solanum_infundibuliforme,12
Solanaceae,Solanum,ingaefolium,Solanum_ingaefolium,12
Solanaceae,Solanum,insanum,Solanum_insanum,12
Solanaceae,Solanum,inscendens,Solanum_inscendens,12
Solanaceae,Solanum,insulae-paschalis,Solanum_insulae-paschalis,12
Solanaceae,Solanum,integrifolium,Solanum_integrifolium,12
Solanaceae,Solanum,interandinum,Solanum_interandinum,24
Solanaceae,Solanum,interius,Solanum_interius,12
Solanaceae,Solanum,iopetalum,Solanum_iopetalum,36
Solanaceae,Solanum,irosinum,Solanum_irosinum,12
Solanaceae,Solanum,itatiaiae,Solanum_itatiaiae,12
Solanaceae,Solanum,jabrense,Solanum_jabrense,12
Solanaceae,Solanum,jaenense,Solanum_jaenense,12
Solanaceae,Solanum,jalcae,Solanum_jalcae,12
Solanaceae,Solanum,jamaicense,Solanum_jamaicense,12
Solanaceae,Solanum,jamesii,Solanum_jamesii,12
Solanaceae,Solanum,jasminifolium,Solanum_jasminifolium,12
Solanaceae,Solanum,jasminoides,Solanum_jasminoides,12
Solanaceae,Solanum,johnstonii,Solanum_johnstonii,12
Solanaceae,Solanum,judaicum,Solanum_judaicum,36
Solanaceae,Solanum,juglandifolium,Solanum_juglandifolium,12
Solanaceae,Solanum,juninense,Solanum_juninense,12
Solanaceae,Solanum,juzepczukii,Solanum_juzepczukii,18
Solanaceae,Solanum,karsense,Solanum_karsense,12
Solanaceae,Solanum,kesselbrenneri,Solanum_kesselbrenneri,12
Solanaceae,Solanum,khasianum,Solanum_khasianum,12
Solanaceae,Solanum,kitagawae,Solanum_kitagawae,12
Solanaceae,Solanum,kitaibeli,Solanum_kitaibeli,24
Solanaceae,Solanum,kitaibelii,Solanum_kitaibelii,24
Solanaceae,Solanum,kurtziana,Solanum_kurtziana,12
Solanaceae,Solanum,kurtzianum,Solanum_kurtzianum,12
Solanaceae,Solanum,lachnophyllum,Solanum_lachnophyllum,12
Solanaceae,Solanum,laciniatum,Solanum_laciniatum,46
Solanaceae,Solanum,laciniatum Aiton,Solanum_laciniatum aiton,46
Solanaceae,Solanum,lacunarium,Solanum_lacunarium,12
Solanaceae,Solanum,lanceifolium,Solanum_lanceifolium,12
Solanaceae,Solanum,lanciforme,Solanum_lanciforme,12
Solanaceae,Solanum,lasiocarpum,Solanum_lasiocarpum,12
Solanaceae,Solanum,lasiophyllwu,Solanum_lasiophyllwu,12
Solanaceae,Solanum,laxissimum,Solanum_laxissimum,12
Solanaceae,Solanum,laxum,Solanum_laxum,12
Solanaceae,Solanum,leopoldense,Solanum_leopoldense,12
Solanaceae,Solanum,leopoldensis,Solanum_leopoldensis,12
Solanaceae,Solanum,leptophyes,Solanum_leptophyes,12
Solanaceae,Solanum,leptopodum,Solanum_leptopodum,12
Solanaceae,Solanum,leptorhachis,Solanum_leptorhachis,12
Solanaceae,Solanum,leptostigma,Solanum_leptostigma,24
Solanaceae,Solanum,lesteri,Solanum_lesteri,12
Solanaceae,Solanum,leucandrum,Solanum_leucandrum,12
Solanaceae,Solanum,leucocarpon,Solanum_leucocarpon,12
Solanaceae,Solanum,lidii,Solanum_lidii,12
Solanaceae,Solanum,lignicaule,Solanum_lignicaule,12
Solanaceae,Solanum,limbaniense,Solanum_limbaniense,12
Solanaceae,Solanum,linearifolium,Solanum_linearifolium,23
Solanaceae,Solanum,linnaeanum,Solanum_linnaeanum,12
Solanaceae,Solanum,litusinum,Solanum_litusinum,12
Solanaceae,Solanum,lobbianum,Solanum_lobbianum,24
Solanaceae,Solanum,lobulatum,Solanum_lobulatum,12
Solanaceae,Solanum,longiconicum,Solanum_longiconicum,24
Solanaceae,Solanum,longiusculus,Solanum_longiusculus,12
Solanaceae,Solanum,lopez-camarenae,Solanum_lopez-camarenae,12
Solanaceae,Solanum,lorentzii,Solanum_lorentzii,12
Solanaceae,Solanum,lucani,Solanum_lucani,12
Solanaceae,Solanum,lumholtzianum,Solanum_lumholtzianum,12
Solanaceae,Solanum,luteoalba,Solanum_luteoalba,12
Solanaceae,Solanum,luteoalbum,Solanum_luteoalbum,12
Solanaceae,Solanum,luteum,Solanum_luteum,24
Solanaceae,Solanum,lycocarpum,Solanum_lycocarpum,12
Solanaceae,Solanum,lycopersicoides,Solanum_lycopersicoides,12
Solanaceae,Solanum,lycopersicum,Solanum_lycopersicum,12
Solanaceae,Solanum,lyratum,Solanum_lyratum,12
Solanaceae,Solanum,macolae,Solanum_macolae,12
Solanaceae,Solanum,macrantherum,Solanum_macrantherum,12
Solanaceae,Solanum,macranthum,Solanum_macranthum,12
Solanaceae,Solanum,macrocarpon,Solanum_macrocarpon,12
Solanaceae,Solanum,macrocarpum,Solanum_macrocarpum,12
Solanaceae,Solanum,macrotonum,Solanum_macrotonum,36
Solanaceae,Solanum,madrense,Solanum_madrense,12
Solanaceae,Solanum,maestrense,Solanum_maestrense,24
Solanaceae,Solanum,maglia,Solanum_maglia,12
Solanaceae,Solanum,magnifolium,Solanum_magnifolium,24
Solanaceae,Solanum,mamilliferum,Solanum_mamilliferum,18
Solanaceae,Solanum,mammosum,Solanum_mammosum,11
Solanaceae,Solanum,mammosun,Solanum_mammosun,11
Solanaceae,Solanum,mankiense,Solanum_mankiense,12
Solanaceae,Solanum,marginatum,Solanum_marginatum,12
Solanaceae,Solanum,marinasense,Solanum_marinasense,12
Solanaceae,Solanum,marinum,Solanum_marinum,12
Solanaceae,Solanum,matehualae,Solanum_matehualae,24
Solanaceae,Solanum,maturecalvans,Solanum_maturecalvans,12
Solanaceae,Solanum,mauritianum,Solanum_mauritianum,12
Solanaceae,Solanum,medians,Solanum_medians,12
Solanaceae,Solanum,megacarpum,Solanum_megacarpum,12
Solanaceae,Solanum,megistacrolobum,Solanum_megistacrolobum,12
Solanaceae,Solanum,melanocerasum,Solanum_melanocerasum,36
Solanaceae,Solanum,melanocerosum,Solanum_melanocerosum,36
Solanaceae,Solanum,melanospermum,Solanum_melanospermum,12
Solanaceae,Solanum,melissarum,Solanum_melissarum,12
Solanaceae,Solanum,melongena,Solanum_melongena,12
Solanaceae,Solanum,memphiticum,Solanum_memphiticum,36
Solanaceae,Solanum,michoacanum,Solanum_michoacanum,12
Solanaceae,Solanum,microdontum,Solanum_microdontum,12
Solanaceae,Solanum,miniatum,Solanum_miniatum,24
Solanaceae,Solanum,minutifoliolum,Solanum_minutifoliolum,12
Solanaceae,Solanum,mitlense,Solanum_mitlense,12
Solanaceae,Solanum,mochiquense,Solanum_mochiquense,12
Solanaceae,Solanum,moense,Solanum_moense,24
Solanaceae,Solanum,molinae,Solanum_molinae,24
Solanaceae,Solanum,morelliforme,Solanum_morelliforme,12
Solanaceae,Solanum,moscopanum,Solanum_moscopanum,36
Solanaceae,Solanum,multidissectum,Solanum_multidissectum,12
Solanaceae,Solanum,multiglochidiatum,Solanum_multiglochidiatum,24
Solanaceae,Solanum,multiinterruptum,Solanum_multiinterruptum,12
Solanaceae,Solanum,multispinum,Solanum_multispinum,12
Solanaceae,Solanum,multivenosum,Solanum_multivenosum,46
Solanaceae,Solanum,muricatum,Solanum_muricatum,12
Solanaceae,Solanum,myriacanthum,Solanum_myriacanthum,12
Solanaceae,Solanum,nannodes,Solanum_nannodes,24
Solanaceae,Solanum,nelsonii,Solanum_nelsonii,12
Solanaceae,Solanum,nematophilum,Solanum_nematophilum,12
Solanaceae,Solanum,nemophilum,Solanum_nemophilum,12
Solanaceae,Solanum,nemorosum,Solanum_nemorosum,36
Solanaceae,Solanum,neocardenasii,Solanum_neocardenasii,12
Solanaceae,Solanum,neorickii,Solanum_neorickii,12
Solanaceae,Solanum,neorossii,Solanum_neorossii,12
Solanaceae,Solanum,neovalenzuelae,Solanum_neovalenzuelae,24
Solanaceae,Solanum,neovavilovii,Solanum_neovavilovii,12
Solanaceae,Solanum,neoweberbaueri,Solanum_neoweberbaueri,18
Solanaceae,Solanum,nicandricalyx,Solanum_nicandricalyx,12
Solanaceae,Solanum,nigrescens,Solanum_nigrescens,12
Solanaceae,Solanum,nigrum,Solanum_nigrum,36
Solanaceae,Solanum,nigrum L.,Solanum_nigrum l.,36
Solanaceae,Solanum,nigrum-americanum,Solanum_nigrum-americanum,12
Solanaceae,Solanum,nigrwn,Solanum_nigrwn,12
Solanaceae,Solanum,nitidi-bacatum,Solanum_nitidi-bacatum,12
Solanaceae,Solanum,nitidibaccatum,Solanum_nitidibaccatum,12
Solanaceae,Solanum,nitidum,Solanum_nitidum,12
Solanaceae,Solanum,nodiflorum,Solanum_nodiflorum,12
Solanaceae,Solanum,nolense,Solanum_nolense,24
Solanaceae,Solanum,nubicola,Solanum_nubicola,24
Solanaceae,Solanum,nudum,Solanum_nudum,12
Solanaceae,Solanum,nummularium,Solanum_nummularium,12
Solanaceae,Solanum,nutans,Solanum_nutans,12
Solanaceae,Solanum,obliqua,Solanum_obliqua,12
Solanaceae,Solanum,obliquum,Solanum_obliquum,12
Solanaceae,Solanum,oblongifolia,Solanum_oblongifolia,12
Solanaceae,Solanum,oblongifolium,Solanum_oblongifolium,12
Solanaceae,Solanum,oblongum,Solanum_oblongum,12
Solanaceae,Solanum,oceanicum,Solanum_oceanicum,18
Solanaceae,Solanum,ochoanum,Solanum_ochoanum,24
Solanaceae,Solanum,ochranthum,Solanum_ochranthum,12
Solanaceae,Solanum,ochroleucum,Solanum_ochroleucum,36
Solanaceae,Solanum,oedipus,Solanum_oedipus,12
Solanaceae,Solanum,okadae,Solanum_okadae,12
Solanaceae,Solanum,oldfieldii,Solanum_oldfieldii,12
Solanaceae,Solanum,oligacanthum,Solanum_oligacanthum,12
Solanaceae,Solanum,olmosense,Solanum_olmosense,12
Solanaceae,Solanum,olmosianum,Solanum_olmosianum,12
Solanaceae,Solanum,ombrophilum,Solanum_ombrophilum,12
Solanaceae,Solanum,opacum,Solanum_opacum,36
Solanaceae,Solanum,oplocense,Solanum_oplocense,12
Solanaceae,Solanum,oppositifolium,Solanum_oppositifolium,12
Solanaceae,Solanum,orbiculatum,Solanum_orbiculatum,12
Solanaceae,Solanum,orocense,Solanum_orocense,24
Solanaceae,Solanum,orophilum,Solanum_orophilum,12
Solanaceae,Solanum,ortegae,Solanum_ortegae,12
Solanaceae,Solanum,osbeckii,Solanum_osbeckii,12
Solanaceae,Solanum,otites,Solanum_otites,12
Solanaceae,Solanum,ottonis,Solanum_ottonis,12
Solanaceae,Solanum,ovigerum,Solanum_ovigerum,12
Solanaceae,Solanum,ovum-fringillae,Solanum_ovum-fringillae,12
Solanaceae,Solanum,oxycarpum,Solanum_oxycarpum,24
Solanaceae,Solanum,pachyneuroides,Solanum_pachyneuroides,48
Solanaceae,Solanum,palinacanthum,Solanum_palinacanthum,12
Solanaceae,Solanum,palitans,Solanum_palitans,12
Solanaceae,Solanum,pallidum,Solanum_pallidum,12
Solanaceae,Solanum,paludosum,Solanum_paludosum,12
Solanaceae,Solanum,palustre,Solanum_palustre,12
Solanaceae,Solanum,pampasense,Solanum_pampasense,12
Solanaceae,Solanum,pamplonense,Solanum_pamplonense,24
Solanaceae,Solanum,paniculatum,Solanum_paniculatum,12
Solanaceae,Solanum,papita,Solanum_papita,24
Solanaceae,Solanum,paramoense,Solanum_paramoense,24
Solanaceae,Solanum,paranense,Solanum_paranense,36
Solanaceae,Solanum,parviflorum,Solanum_parviflorum,12
Solanaceae,Solanum,pascoense,Solanum_pascoense,12
Solanaceae,Solanum,pastillum,Solanum_pastillum,12
Solanaceae,Solanum,paucijugum,Solanum_paucijugum,24
Solanaceae,Solanum,paucissectum,Solanum_paucissectum,12
Solanaceae,Solanum,pearcei,Solanum_pearcei,12
Solanaceae,Solanum,pectinatum,Solanum_pectinatum,12
Solanaceae,Solanum,peloquinianum,Solanum_peloquinianum,12
Solanaceae,Solanum,pendula,Solanum_pendula,12
Solanaceae,Solanum,pennellii,Solanum_pennellii,12
Solanaceae,Solanum,pentlandii,Solanum_pentlandii,12
Solanaceae,Solanum,perlongistylum,Solanum_perlongistylum,12
Solanaceae,Solanum,persicifoliu~,Solanum_persicifoliu~,12
Solanaceae,Solanum,persicum,Solanum_persicum,12
Solanaceae,Solanum,peruvianum,Solanum_peruvianum,12
Solanaceae,Solanum,petraeum,Solanum_petraeum,12
Solanaceae,Solanum,petrophilum,Solanum_petrophilum,12
Solanaceae,Solanum,petrophilwn,Solanum_petrophilwn,12
Solanaceae,Solanum,phlomoides,Solanum_phlomoides,12
Solanaceae,Solanum,photeinocarpum,Solanum_photeinocarpum,12
Solanaceae,Solanum,phureja,Solanum_phureja,12
Solanaceae,Solanum,physalifolium,Solanum_physalifolium,12
Solanaceae,Solanum,pichinchense,Solanum_pichinchense,24
Solanaceae,Solanum,pilcomayense,Solanum_pilcomayense,12
Solanaceae,Solanum,pillahuatense,Solanum_pillahuatense,12
Solanaceae,Solanum,pilosa,Solanum_pilosa,12
Solanaceae,Solanum,pimpinellifolium,Solanum_pimpinellifolium,12
Solanaceae,Solanum,pinetorum,Solanum_pinetorum,12
Solanaceae,Solanum,pinnatisectum,Solanum_pinnatisectum,12
Solanaceae,Solanum,piurae,Solanum_piurae,12
Solanaceae,Solanum,platense,Solanum_platense,11
Solanaceae,Solanum,plicatile,Solanum_plicatile,12
Solanaceae,Solanum,polyadenium,Solanum_polyadenium,12
Solanaceae,Solanum,polytrichon,Solanum_polytrichon,24
Solanaceae,Solanum,polytrichostylum,Solanum_polytrichostylum,12
Solanaceae,Solanum,polytrichum,Solanum_polytrichum,12
Solanaceae,Solanum,premnifolia,Solanum_premnifolia,12
Solanaceae,Solanum,prinophyllum,Solanum_prinophyllum,12
Solanaceae,Solanum,probolospermum,Solanum_probolospermum,12
Solanaceae,Solanum,pseudo-capsicum,Solanum_pseudo-capsicum,12
Solanaceae,Solanum,pseudocapsicum,Solanum_pseudocapsicum,12
Solanaceae,Solanum,pseudocapsicwn,Solanum_pseudocapsicwn,12
Solanaceae,Solanum,pseudoflavum,Solanum_pseudoflavum,24
Solanaceae,Solanum,pseudogracile,Solanum_pseudogracile,12
Solanaceae,Solanum,pseudolulo,Solanum_pseudolulo,12
Solanaceae,Solanum,pseudospinosum,Solanum_pseudospinosum,24
Solanaceae,Solanum,ptycanthum,Solanum_ptycanthum,12
Solanaceae,Solanum,ptychanthum,Solanum_ptychanthum,12
Solanaceae,Solanum,pubescens,Solanum_pubescens,12
Solanaceae,Solanum,pubigerum,Solanum_pubigerum,12
Solanaceae,Solanum,puchupuchense,Solanum_puchupuchense,12
Solanaceae,Solanum,pugiunculiferum,Solanum_pugiunculiferum,12
Solanaceae,Solanum,pulverulentifolium,Solanum_pulverulentifolium,12
Solanaceae,Solanum,pungetium,Solanum_pungetium,12
Solanaceae,Solanum,purpureilineatum,Solanum_purpureilineatum,24
Solanaceae,Solanum,pyracanthos,Solanum_pyracanthos,12
Solanaceae,Solanum,pyracanthum,Solanum_pyracanthum,12
Solanaceae,Solanum,quadriloculatum,Solanum_quadriloculatum,12
Solanaceae,Solanum,quadriloculatwn,Solanum_quadriloculatwn,12
Solanaceae,Solanum,querreroense,Solanum_querreroense,36
Solanaceae,Solanum,quillonanum,Solanum_quillonanum,12
Solanaceae,Solanum,quineense,Solanum_quineense,36
Solanaceae,Solanum,quitoense,Solanum_quitoense,12
Solanaceae,Solanum,racemosum,Solanum_racemosum,24
Solanaceae,Solanum,radicans,Solanum_radicans,12
Solanaceae,Solanum,ramonense,Solanum_ramonense,12
Solanaceae,Solanum,ramulosum,Solanum_ramulosum,12
Solanaceae,Solanum,raphanifolium,Solanum_raphanifolium,12
Solanaceae,Solanum,raquialatum,Solanum_raquialatum,12
Solanaceae,Solanum,reductum,Solanum_reductum,12
Solanaceae,Solanum,reflexum,Solanum_reflexum,12
Solanaceae,Solanum,reflexum*,Solanum_reflexum*,12
Solanaceae,Solanum,regularifolium,Solanum_regularifolium,12
Solanaceae,Solanum,repandum,Solanum_repandum,12
Solanaceae,Solanum,retroflexum,Solanum_retroflexum,24
Solanaceae,Solanum,rhomboideilanceolatum,Solanum_rhomboideilanceolatum,12
Solanaceae,Solanum,rickii,Solanum_rickii,12
Solanaceae,Solanum,riparium,Solanum_riparium,12
Solanaceae,Solanum,ripense,Solanum_ripense,12
Solanaceae,Solanum,robinsonianum,Solanum_robinsonianum,36
Solanaceae,Solanum,robustifrons,Solanum_robustifrons,12
Solanaceae,Solanum,robustum,Solanum_robustum,12
Solanaceae,Solanum,rojasiana,Solanum_rojasiana,12
Solanaceae,Solanum,roseum,Solanum_roseum,12
Solanaceae,Solanum,rostratum,Solanum_rostratum,12
Solanaceae,Solanum,rosttatum,Solanum_rosttatum,12
Solanaceae,Solanum,rovirosanum,Solanum_rovirosanum,12
Solanaceae,Solanum,rubrum,Solanum_rubrum,30
Solanaceae,Solanum,rudepannum,Solanum_rudepannum,24
Solanaceae,Solanum,rufescens,Solanum_rufescens,12
Solanaceae,Solanum,rugosum,Solanum_rugosum,12
Solanaceae,Solanum,ruiz-lealii,Solanum_ruiz-lealii,12
Solanaceae,Solanum,runsoriense,Solanum_runsoriense,24
Solanaceae,Solanum,rybinii,Solanum_rybinii,12
Solanaceae,Solanum,sabinii,Solanum_sabinii,24
Solanaceae,Solanum,salamanii,Solanum_salamanii,30
Solanaceae,Solanum,salasianum,Solanum_salasianum,12
Solanaceae,Solanum,salicifolium,Solanum_salicifolium,12
Solanaceae,Solanum,sambucinum,Solanum_sambucinum,12
Solanaceae,Solanum,sanctae-marthae,Solanum_sanctae-marthae,12
Solanaceae,Solanum,sanctae-rosae,Solanum_sanctae-rosae,12
Solanaceae,Solanum,sandemanii,Solanum_sandemanii,12
Solanaceae,Solanum,sandwicense,Solanum_sandwicense,12
Solanaceae,Solanum,sanmartinense,Solanum_sanmartinense,24
Solanaceae,Solanum,sanmartiniense,Solanum_sanmartiniense,24
Solanaceae,Solanum,sant'.tae-marthae,Solanum_sant'.tae-marthae,12
Solanaceae,Solanum,santolallae,Solanum_santolallae,12
Solanaceae,Solanum,saponaceum,Solanum_saponaceum,24
Solanaceae,Solanum,sarachioides,Solanum_sarachioides,12
Solanaceae,Solanum,sarachoides,Solanum_sarachoides,12
Solanaceae,Solanum,sarasarae,Solanum_sarasarae,12
Solanaceae,Solanum,sarrachoides,Solanum_sarrachoides,12
Solanaceae,Solanum,sawyeri,Solanum_sawyeri,12
Solanaceae,Solanum,saxatilis,Solanum_saxatilis,12
Solanaceae,Solanum,scabrifolium,Solanum_scabrifolium,12
Solanaceae,Solanum,scabrum,Solanum_scabrum,36
Solanaceae,Solanum,schenckii,Solanum_schenckii,36
Solanaceae,Solanum,sciadostylis,Solanum_sciadostylis,12
Solanaceae,Solanum,seaforthianum,Solanum_seaforthianum,12
Solanaceae,Solanum,seitheae,Solanum_seitheae,12
Solanaceae,Solanum,semiarmatum,Solanum_semiarmatum,12
Solanaceae,Solanum,semidemissum,Solanum_semidemissum,30
Solanaceae,Solanum,septemlobum,Solanum_septemlobum,12
Solanaceae,Solanum,sessile,Solanum_sessile,12
Solanaceae,Solanum,sessiliflorum,Solanum_sessiliflorum,12
Solanaceae,Solanum,setulosistylum,Solanum_setulosistylum,12
Solanaceae,Solanum,sibundoyense,Solanum_sibundoyense,12
Solanaceae,Solanum,sibundoyensis,Solanum_sibundoyensis,12
Solanaceae,Solanum,sieberi,Solanum_sieberi,12
Solanaceae,Solanum,simile,Solanum_simile,23
Solanaceae,Solanum,simplicifolium,Solanum_simplicifolium,12
Solanaceae,Solanum,simplicissimum,Solanum_simplicissimum,12
Solanaceae,Solanum,sinaicum,Solanum_sinaicum,12
Solanaceae,Solanum,sinense,Solanum_sinense,24
Solanaceae,Solanum,sinuatiexcisum,Solanum_sinuatiexcisum,12
Solanaceae,Solanum,sisymbrifolium,Solanum_sisymbrifolium,12
Solanaceae,Solanum,sisymbriifolium,Solanum_sisymbriifolium,12
Solanaceae,Solanum,sitiens,Solanum_sitiens,12
Solanaceae,Solanum,sodiroi,Solanum_sodiroi,12
Solanaceae,Solanum,sodomaeum,Solanum_sodomaeum,12
Solanaceae,Solanum,sodomeum,Solanum_sodomeum,12
Solanaceae,Solanum,soestii,Solanum_soestii,12
Solanaceae,Solanum,sogarandinum,Solanum_sogarandinum,12
Solanaceae,Solanum,solisii,Solanum_solisii,24
Solanaceae,Solanum,soukupii,Solanum_soukupii,12
Solanaceae,Solanum,sparsipilum,Solanum_sparsipilum,12
Solanaceae,Solanum,spectabilis,Solanum_spectabilis,36
Solanaceae,Solanum,spegazzinii,Solanum_spegazzinii,12
Solanaceae,Solanum,spirale,Solanum_spirale,24
Solanaceae,Solanum,stagnale,Solanum_stagnale,12
Solanaceae,Solanum,stellata,Solanum_stellata,12
Solanaceae,Solanum,stelligerum,Solanum_stelligerum,12
Solanaceae,Solanum,stelligerwn,Solanum_stelligerwn,12
Solanaceae,Solanum,stenophyllidium,Solanum_stenophyllidium,12
Solanaceae,Solanum,stenotomum,Solanum_stenotomum,12
Solanaceae,Solanum,stipuloideum,Solanum_stipuloideum,12
Solanaceae,Solanum,stoloniferum,Solanum_stoloniferum,24
Solanaceae,Solanum,stramonifolium,Solanum_stramonifolium,12
Solanaceae,Solanum,stramoniifolium,Solanum_stramoniifolium,12
Solanaceae,Solanum,stuckertii,Solanum_stuckertii,12
Solanaceae,Solanum,stupefactum,Solanum_stupefactum,12
Solanaceae,Solanum,sturtianum,Solanum_sturtianum,12
Solanaceae,Solanum,suaveolens,Solanum_suaveolens,12
Solanaceae,Solanum,subandinum,Solanum_subandinum,24
Solanaceae,Solanum,sublobatum,Solanum_sublobatum,12
Solanaceae,Solanum,subpanduratum,Solanum_subpanduratum,24
Solanaceae,Solanum,sucrense,Solanum_sucrense,24
Solanaceae,Solanum,sucubunense,Solanum_sucubunense,12
Solanaceae,Solanum,suffrutescens,Solanum_suffrutescens,12
Solanaceae,Solanum,superficiens,Solanum_superficiens,12
Solanaceae,Solanum,surattense,Solanum_surattense,12
Solanaceae,Solanum,sycocarpa,Solanum_sycocarpa,12
Solanaceae,Solanum,symonii,Solanum_symonii,46
Solanaceae,Solanum,tabacifolium,Solanum_tabacifolium,12
Solanaceae,Solanum,tabanoense,Solanum_tabanoense,12
Solanaceae,Solanum,tacnaense,Solanum_tacnaense,12
Solanaceae,Solanum,taeniotrichum,Solanum_taeniotrichum,12
Solanaceae,Solanum,tanysepalum,Solanum_tanysepalum,12
Solanaceae,Solanum,tapojense,Solanum_tapojense,12
Solanaceae,Solanum,tarapatanum,Solanum_tarapatanum,12
Solanaceae,Solanum,tarijense,Solanum_tarijense,12
Solanaceae,Solanum,tarnii,Solanum_tarnii,12
Solanaceae,Solanum,tascalense,Solanum_tascalense,24
Solanaceae,Solanum,taulisense,Solanum_taulisense,12
Solanaceae,Solanum,tegore,Solanum_tegore,12
Solanaceae,Solanum,tenuifilamentum,Solanum_tenuifilamentum,18
Solanaceae,Solanum,tenuiflagellatum,Solanum_tenuiflagellatum,12
Solanaceae,Solanum,tenuipes,Solanum_tenuipes,12
Solanaceae,Solanum,tenuisetosa,Solanum_tenuisetosa,12
Solanaceae,Solanum,tenuispinum,Solanum_tenuispinum,12
Solanaceae,Solanum,terraneum,Solanum_terraneum,24
Solanaceae,Solanum,tetrandrum,Solanum_tetrandrum,12
Solanaceae,Solanum,tetrapetalum,Solanum_tetrapetalum,11
Solanaceae,Solanum,tetrathecum,Solanum_tetrathecum,24
Solanaceae,Solanum,thomasiifolium,Solanum_thomasiifolium,12
Solanaceae,Solanum,tobagensis,Solanum_tobagensis,12
Solanaceae,Solanum,tomatillo,Solanum_tomatillo,12
Solanaceae,Solanum,topojense,Solanum_topojense,12
Solanaceae,Solanum,toralapanum,Solanum_toralapanum,12
Solanaceae,Solanum,torreyi,Solanum_torreyi,12
Solanaceae,Solanum,torvoideum,Solanum_torvoideum,12
Solanaceae,Solanum,torvum,Solanum_torvum,12
Solanaceae,Solanum,torvwn,Solanum_torvwn,24
Solanaceae,Solanum,trachycarpum,Solanum_trachycarpum,12
Solanaceae,Solanum,trachytrichium,Solanum_trachytrichium,12
Solanaceae,Solanum,tribulosum,Solanum_tribulosum,12
Solanaceae,Solanum,trichoneuron,Solanum_trichoneuron,12
Solanaceae,Solanum,tridynamum,Solanum_tridynamum,12
Solanaceae,Solanum,trifidum,Solanum_trifidum,12
Solanaceae,Solanum,triflorum,Solanum_triflorum,12
Solanaceae,Solanum,trilobatum,Solanum_trilobatum,12
Solanaceae,Solanum,trinitense,Solanum_trinitense,12
Solanaceae,Solanum,tripartitum,Solanum_tripartitum,12
Solanaceae,Solanum,triquetrum,Solanum_triquetrum,12
Solanaceae,Solanum,triste,Solanum_triste,12
Solanaceae,Solanum,tub.,Solanum_tub.,36
Solanaceae,Solanum,tuberosum,Solanum_tuberosum,24
Solanaceae,Solanum,tucumanense,Solanum_tucumanense,12
Solanaceae,Solanum,tudununggae,Solanum_tudununggae,12
Solanaceae,Solanum,tuerckheimii,Solanum_tuerckheimii,12
Solanaceae,Solanum,tumicola,Solanum_tumicola,12
Solanaceae,Solanum,tumulicola,Solanum_tumulicola,12
Solanaceae,Solanum,tundalomense,Solanum_tundalomense,36
Solanaceae,Solanum,tuquerrense,Solanum_tuquerrense,24
Solanaceae,Solanum,turgidum,Solanum_turgidum,12
Solanaceae,Solanum,tweedianum,Solanum_tweedianum,12
Solanaceae,Solanum,ugentii,Solanum_ugentii,24
Solanaceae,Solanum,umbellatum,Solanum_umbellatum,12
Solanaceae,Solanum,uniloba,Solanum_uniloba,12
Solanaceae,Solanum,unilobum,Solanum_unilobum,12
Solanaceae,Solanum,urubambae,Solanum_urubambae,12
Solanaceae,Solanum,vacciniiflorum,Solanum_vacciniiflorum,12
Solanaceae,Solanum,vagum,Solanum_vagum,12
Solanaceae,Solanum,vaillantii,Solanum_vaillantii,12
Solanaceae,Solanum,valdiviense,Solanum_valdiviense,12
Solanaceae,Solanum,validinervium,Solanum_validinervium,12
Solanaceae,Solanum,vallismexici,Solanum_vallismexici,36
Solanaceae,Solanum,variabile,Solanum_variabile,12
Solanaceae,Solanum,velardei,Solanum_velardei,12
Solanaceae,Solanum,venturii,Solanum_venturii,12
Solanaceae,Solanum,verbascifolium,Solanum_verbascifolium,12
Solanaceae,Solanum,vernei,Solanum_vernei,12
Solanaceae,Solanum,verrucosum,Solanum_verrucosum,12
Solanaceae,Solanum,vescum,Solanum_vescum,23
Solanaceae,Solanum,vespertilio,Solanum_vespertilio,12
Solanaceae,Solanum,vestissimum,Solanum_vestissimum,12
Solanaceae,Solanum,viarum,Solanum_viarum,12
Solanaceae,Solanum,vidaurrei,Solanum_vidaurrei,12
Solanaceae,Solanum,viirsooi,Solanum_viirsooi,18
Solanaceae,Solanum,villosum,Solanum_villosum,24
Solanaceae,Solanum,villuspetalum,Solanum_villuspetalum,12
Solanaceae,Solanum,violacei-marmoratum,Solanum_violacei-marmoratum,12
Solanaceae,Solanum,violaceimarmoratum,Solanum_violaceimarmoratum,12
Solanaceae,Solanum,violaceum,Solanum_violaceum,12
Solanaceae,Solanum,viposense,Solanum_viposense,48
Solanaceae,Solanum,virginianum,Solanum_virginianum,12
Solanaceae,Solanum,virgultorum,Solanum_virgultorum,12
Solanaceae,Solanum,viride,Solanum_viride,12
Solanaceae,Solanum,warszewiczii,Solanum_warszewiczii,12
Solanaceae,Solanum,weberbaueri,Solanum_weberbaueri,12
Solanaceae,Solanum,weddellii,Solanum_weddellii,12
Solanaceae,Solanum,welwitchii,Solanum_welwitchii,24
Solanaceae,Solanum,wendlandi,Solanum_wendlandi,12
Solanaceae,Solanum,wendlandii,Solanum_wendlandii,12
Solanaceae,Solanum,wenlandii,Solanum_wenlandii,12
Solanaceae,Solanum,wittmackii,Solanum_wittmackii,12
Solanaceae,Solanum,woodburyi,Solanum_woodburyi,12
Solanaceae,Solanum,woodsonii,Solanum_woodsonii,24
Solanaceae,Solanum,wrightii,Solanum_wrightii,12
Solanaceae,Solanum,x blanco-galdosii,Solanum_x blanco-galdosii,12
Solanaceae,Solanum,x bruecheri,Solanum_x bruecheri,12
Solanaceae,Solanum,x edinense,Solanum_x edinense,30
Solanaceae,Solanum,x michoacanum,Solanum_x michoacanum,12
Solanaceae,Solanum,x ruiz-lealii,Solanum_x ruiz-lealii,12
Solanaceae,Solanum,x sambucinum,Solanum_x sambucinum,12
Solanaceae,Solanum,x setulosistylum,Solanum_x setulosistylum,12
Solanaceae,Solanum,x vallis-mexici,Solanum_x vallis-mexici,36
Solanaceae,Solanum,xanthoc.arpum,Solanum_xanthoc.arpum,12
Solanaceae,Solanum,xanthocarpum,Solanum_xanthocarpum,12
Solanaceae,Solanum,xerophyllum,Solanum_xerophyllum,12
Solanaceae,Solanum,yabari,Solanum_yabari,12
Solanaceae,Solanum,yamobambense,Solanum_yamobambense,12
Solanaceae,Solanum,yanamonense,Solanum_yanamonense,12
Solanaceae,Solanum,yirrkalense,Solanum_yirrkalense,12
Solanaceae,Solanum,yirrkalensis,Solanum_yirrkalensis,12
Solanaceae,Solanum,yungasense,Solanum_yungasense,12
Solanaceae,Solanum,zahlbruckneri,Solanum_zahlbruckneri,12
Solanaceae,Solanum,zykinii,Solanum_zykinii,24
Solanaceae,Streptosolen,jamesonii,Streptosolen_jamesonii,11
Solanaceae,Trianaea,nobilis,Trianaea_nobilis,12
Solanaceae,Tubocapsicum,anomalum,Tubocapsicum_anomalum,12
Solanaceae,Vassobia,breviflora,Vassobia_breviflora,12
Solanaceae,Vestia,foetida,Vestia_foetida,8
Solanaceae,Vestia,lycioides,Vestia_lycioides,8
Solanaceae,Withania,aristata,Withania_aristata,48
Solanaceae,Withania,coagulans,Withania_coagulans,24
Solanaceae,Withania,obtusifolia,Withania_obtusifolia,12
Solanaceae,Withania,somnifera,Withania_somnifera,24
Solanaceae,Witheringia,asterotricha,Witheringia_asterotricha,12
Solanaceae,Witheringia,coccoloboides,Witheringia_coccoloboides,12
Solanaceae,Witheringia,correana,Witheringia_correana,12
Solanaceae,Witheringia,cuneata,Witheringia_cuneata,12
Solanaceae,Witheringia,fuscoviolacea,Witheringia_fuscoviolacea,12
Solanaceae,Witheringia,mortonii,Witheringia_mortonii,12
Solanaceae,Witheringia,solanacea,Witheringia_solanacea,12
Solanaceae,Witheringia,stellata,Witheringia_stellata,12