Phylum,Class,Order,Family,Genus,species,haploid
Chordata,Reptilia,Testudines,Carettochelyidae,Carettochelys,Carettochelys_insculpta,34
Chordata,Reptilia,Testudines,Chelidae,Chelodina,Chelodina_expansa,27
Chordata,Reptilia,Testudines,Chelidae,Chelodina,Chelodina_longicollis,27
Chordata,Reptilia,Testudines,Chelidae,Chelodina,Chelodina_oblonga,27
Chordata,Reptilia,Testudines,Chelidae,Chelodina,Chelodina_steindachneri,27
Chordata,Reptilia,Testudines,Chelidae,Chelus,Chelus_fimbriata,25
Chordata,Reptilia,Testudines,Chelidae,Elseya,Elseya_dentata,25
Chordata,Reptilia,Testudines,Chelidae,Emydura,Emydura_macquarii,25
Chordata,Reptilia,Testudines,Chelidae,Emydura,Emydura_signata,25
Chordata,Reptilia,Testudines,Chelidae,Hydromedusa,Hydromedusa_tectifera,29
Chordata,Reptilia,Testudines,Chelidae,Mesoclemmys,Mesoclemmys_nasuta,29
Chordata,Reptilia,Testudines,Chelidae,Myuchelys,Myuchelys_latisternum,25
Chordata,Reptilia,Testudines,Chelidae,Phrynops,Phrynops_geoffroanus,29
Chordata,Reptilia,Testudines,Chelidae,Phrynops,Phrynops_gibbus,25
Chordata,Reptilia,Testudines,Chelidae,Phrynops,Phrynops_hilarii,29
Chordata,Reptilia,Testudines,Chelidae,Phrynops,Phrynops_hogei,29
Chordata,Reptilia,Testudines,Chelidae,Platemys,Platemys_platycephala,34
Chordata,Reptilia,Testudines,Chelidae,Pseudemydura,Pseudemydura_umbrina,25
Chordata,Reptilia,Testudines,Chelidae,Rheodytes,Rheodytes_leukops,25
Chordata,Reptilia,Testudines,Chelidae,Rhinemys,Rhinemys_rufipes,29
Chordata,Reptilia,Testudines,Cheloniidae,Caretta,Caretta_caretta,"26,27,28,29"
Chordata,Reptilia,Testudines,Cheloniidae,Chelonia,Chelonia_mydas,28
Chordata,Reptilia,Testudines,Cheloniidae,Eretmochelys,Eretmochelys_imbricata,28
Chordata,Reptilia,Testudines,Cheloniidae,Lepidochelys,Lepidochelys_kempii,28
Chordata,Reptilia,Testudines,Cheloniidae,Lepidochelys,Lepidochelys_olivacea,"28,29"
Chordata,Reptilia,Testudines,Cheloniidae,Natator,Natator_depressus,28
Chordata,Reptilia,Testudines,Chelydridae,Chelydra,Chelydra_acutirostris,26
Chordata,Reptilia,Testudines,Chelydridae,Chelydra,Chelydra_serpentina,26
Chordata,Reptilia,Testudines,Chelydridae,Macrochelys,Macrochelys_temminckii,26
Chordata,Reptilia,Testudines,Dermatemydidae,Dermatemys,Dermatemys_mawii,28
Chordata,Reptilia,Testudines,Dermochelyidae,Dermochelys,Dermochelys_coriacea,28
Chordata,Reptilia,Testudines,Emydidae,Actinemys,Actinemys_marmorata,25
Chordata,Reptilia,Testudines,Emydidae,Chrysemys,Chrysemys_picta,"17,25"
Chordata,Reptilia,Testudines,Emydidae,Clemmys,Clemmys_guttata,24
Chordata,Reptilia,Testudines,Emydidae,Deirochelys,Deirochelys_reticularia,25
Chordata,Reptilia,Testudines,Emydidae,Emydoidea,Emydoidea_blandingii,25
Chordata,Reptilia,Testudines,Emydidae,Emys,Emys_orbicularis,25
Chordata,Reptilia,Testudines,Emydidae,Glyptemys,Glyptemys_insculpta,"24,25"
Chordata,Reptilia,Testudines,Emydidae,Glyptemys,Glyptemys_muhlenbergii,25
Chordata,Reptilia,Testudines,Emydidae,Graptemys,Graptemys_barbouri,25
Chordata,Reptilia,Testudines,Emydidae,Graptemys,Graptemys_caglei,25
Chordata,Reptilia,Testudines,Emydidae,Graptemys,Graptemys_flavimaculata,25
Chordata,Reptilia,Testudines,Emydidae,Graptemys,Graptemys_geographica,25
Chordata,Reptilia,Testudines,Emydidae,Graptemys,Graptemys_nigrinoda,25
Chordata,Reptilia,Testudines,Emydidae,Graptemys,Graptemys_oculifera,25
Chordata,Reptilia,Testudines,Emydidae,Graptemys,Graptemys_ouachitensis,25
Chordata,Reptilia,Testudines,Emydidae,Graptemys,Graptemys_pseudogeographica,25
Chordata,Reptilia,Testudines,Emydidae,Graptemys,Graptemys_pulchra,26
Chordata,Reptilia,Testudines,Emydidae,Malaclemys,Malaclemys_terrapin,26
Chordata,Reptilia,Testudines,Emydidae,Pseudemys,Pseudemys_concinna,25
Chordata,Reptilia,Testudines,Emydidae,Pseudemys,Pseudemys_nelsoni,25
Chordata,Reptilia,Testudines,Emydidae,Pseudemys,Pseudemys_rubriventris,25
Chordata,Reptilia,Testudines,Emydidae,Pseudemys,Pseudemys_texana,25
Chordata,Reptilia,Testudines,Emydidae,Terrapene,Terrapene_carolina,"16,25"
Chordata,Reptilia,Testudines,Emydidae,Terrapene,Terrapene_coahuila,25
Chordata,Reptilia,Testudines,Emydidae,Terrapene,Terrapene_mexicana,25
Chordata,Reptilia,Testudines,Emydidae,Terrapene,Terrapene_ornata,25
Chordata,Reptilia,Testudines,Emydidae,Trachemys,Trachemys_scripta,25
Chordata,Reptilia,Testudines,Emydidae,Trachemys,Trachemys_stejnegeri,25
Chordata,Reptilia,Testudines,Geoemydidae,Batagur,Batagur_borneoensis,26
Chordata,Reptilia,Testudines,Geoemydidae,Batagur,Batagur_dhongoka,26
Chordata,Reptilia,Testudines,Geoemydidae,Batagur,Batagur_trivittata,26
Chordata,Reptilia,Testudines,Geoemydidae,Cuora,Cuora_amboinensis,25
Chordata,Reptilia,Testudines,Geoemydidae,Cuora,Cuora_flavomarginata,26
Chordata,Reptilia,Testudines,Geoemydidae,Cuora,Cuora_mouhotii,26
Chordata,Reptilia,Testudines,Geoemydidae,Cuora,Cuora_trifasciata,26
Chordata,Reptilia,Testudines,Geoemydidae,Cyclemys,Cyclemys_dentata,"25,26"
Chordata,Reptilia,Testudines,Geoemydidae,Geoemyda,Geoemyda_spengleri,26
Chordata,Reptilia,Testudines,Geoemydidae,Heosemys,Heosemys_annandalii,26
Chordata,Reptilia,Testudines,Geoemydidae,Heosemys,Heosemys_grandis,26
Chordata,Reptilia,Testudines,Geoemydidae,Heosemys,Heosemys_spinosa,26
Chordata,Reptilia,Testudines,Geoemydidae,Malayemys,Malayemys_subtrijuga,26
Chordata,Reptilia,Testudines,Geoemydidae,Mauremys,Mauremys_japonica,26
Chordata,Reptilia,Testudines,Geoemydidae,Mauremys,Mauremys_leprosa,"25,26"
Chordata,Reptilia,Testudines,Geoemydidae,Mauremys,Mauremys_mutica,26
Chordata,Reptilia,Testudines,Geoemydidae,Mauremys,Mauremys_nigricans,26
Chordata,Reptilia,Testudines,Geoemydidae,Mauremys,Mauremys_reevesii,26
Chordata,Reptilia,Testudines,Geoemydidae,Mauremys,Mauremys_rivulata,26
Chordata,Reptilia,Testudines,Geoemydidae,Mauremys,Mauremys_sinensis,26
Chordata,Reptilia,Testudines,Geoemydidae,Melanochelys,Melanochelys_trijuga,"25,26"
Chordata,Reptilia,Testudines,Geoemydidae,Notochelys,Notochelys_platynota,26
Chordata,Reptilia,Testudines,Geoemydidae,Pangshura,Pangshura_smithii,26
Chordata,Reptilia,Testudines,Geoemydidae,Pangshura,Pangshura_tecta,26
Chordata,Reptilia,Testudines,Geoemydidae,Rhinoclemmys,Rhinoclemmys_areolata,26
Chordata,Reptilia,Testudines,Geoemydidae,Rhinoclemmys,Rhinoclemmys_funerea,26
Chordata,Reptilia,Testudines,Geoemydidae,Rhinoclemmys,Rhinoclemmys_melanosterna,26
Chordata,Reptilia,Testudines,Geoemydidae,Rhinoclemmys,Rhinoclemmys_pulcherrima,26
Chordata,Reptilia,Testudines,Geoemydidae,Rhinoclemmys,Rhinoclemmys_punctularia,28
Chordata,Reptilia,Testudines,Geoemydidae,Rhinoclemmys,Rhinoclemmys_rubida,26
Chordata,Reptilia,Testudines,Geoemydidae,Sacalia,Sacalia_bealei,26
Chordata,Reptilia,Testudines,Geoemydidae,Siebenrockiella,Siebenrockiella_crassicollis,25
Chordata,Reptilia,Testudines,Kinosternidae,Claudius,Claudius_angustatus,27
Chordata,Reptilia,Testudines,Kinosternidae,Kinosternon,Kinosternon_arizonense,28
Chordata,Reptilia,Testudines,Kinosternidae,Kinosternon,Kinosternon_baurii,"25,28"
Chordata,Reptilia,Testudines,Kinosternidae,Kinosternon,Kinosternon_flavescens,28
Chordata,Reptilia,Testudines,Kinosternidae,Kinosternon,Kinosternon_herrerai,28
Chordata,Reptilia,Testudines,Kinosternidae,Kinosternon,Kinosternon_hirtipes,28
Chordata,Reptilia,Testudines,Kinosternidae,Kinosternon,Kinosternon_integrum,28
Chordata,Reptilia,Testudines,Kinosternidae,Kinosternon,Kinosternon_leucostomum,28
Chordata,Reptilia,Testudines,Kinosternidae,Kinosternon,Kinosternon_scorpioides,28
Chordata,Reptilia,Testudines,Kinosternidae,Kinosternon,Kinosternon_subrubrum,28
Chordata,Reptilia,Testudines,Kinosternidae,Staurotypus,Staurotypus_salvinii,27
Chordata,Reptilia,Testudines,Kinosternidae,Staurotypus,Staurotypus_triporcatus,"27,28"
Chordata,Reptilia,Testudines,Kinosternidae,Sternotherus,Sternotherus_carinatus,28
Chordata,Reptilia,Testudines,Kinosternidae,Sternotherus,Sternotherus_minor,28
Chordata,Reptilia,Testudines,Kinosternidae,Sternotherus,Sternotherus_odoratus,"25,27,28"
Chordata,Reptilia,Testudines,Pelomedusidae,Pelomedusa,Pelomedusa_subrufa,"17,18"
Chordata,Reptilia,Testudines,Pelomedusidae,Pelusios,Pelusios_castaneus,17
Chordata,Reptilia,Testudines,Pelomedusidae,Pelusios,Pelusios_niger,17
Chordata,Reptilia,Testudines,Pelomedusidae,Pelusios,Pelusios_sinuatus,17
Chordata,Reptilia,Testudines,Pelomedusidae,Pelusios,Pelusios_subniger,17
Chordata,Reptilia,Testudines,Platysternidae,Platysternon,Platysternon_megacephalum,27
Chordata,Reptilia,Testudines,Podocnemididae,Erymnochelys,Erymnochelys_madagascariensis,14
Chordata,Reptilia,Testudines,Podocnemididae,Peltocephalus,Peltocephalus_dumerilianus,13
Chordata,Reptilia,Testudines,Podocnemididae,Podocnemis,Podocnemis_erythrocephala,14
Chordata,Reptilia,Testudines,Podocnemididae,Podocnemis,Podocnemis_expansa,14
Chordata,Reptilia,Testudines,Podocnemididae,Podocnemis,Podocnemis_lewyana,14
Chordata,Reptilia,Testudines,Podocnemididae,Podocnemis,Podocnemis_sextuberculata,14
Chordata,Reptilia,Testudines,Podocnemididae,Podocnemis,Podocnemis_unifilis,14
Chordata,Reptilia,Testudines,Podocnemididae,Podocnemis,Podocnemis_vogli,14
Chordata,Reptilia,Testudines,Testudinidae,Aldabrachelys,Aldabrachelys_dussumieri,26
Chordata,Reptilia,Testudines,Testudinidae,Chelonoidis,Chelonoidis_carbonarius,26
Chordata,Reptilia,Testudines,Testudinidae,Chelonoidis,Chelonoidis_chilensis,26
Chordata,Reptilia,Testudines,Testudinidae,Chelonoidis,Chelonoidis_denticulatus,26
Chordata,Reptilia,Testudines,Testudinidae,Chelonoidis,Chelonoidis_niger,26
Chordata,Reptilia,Testudines,Testudinidae,Gopherus,Gopherus_berlandieri,26
Chordata,Reptilia,Testudines,Testudinidae,Gopherus,Gopherus_morafkai,26
Chordata,Reptilia,Testudines,Testudinidae,Gopherus,Gopherus_polyphemus,27
Chordata,Reptilia,Testudines,Testudinidae,Indotestudo,Indotestudo_elongata,26
Chordata,Reptilia,Testudines,Testudinidae,Kinixys,Kinixys_belliana,26
Chordata,Reptilia,Testudines,Testudinidae,Malacochersus,Malacochersus_tornieri,26
Chordata,Reptilia,Testudines,Testudinidae,Stigmochelys,Stigmochelys_pardalis,26
Chordata,Reptilia,Testudines,Testudinidae,Testudo,Testudo_gaeca,"27,28,29,30"
Chordata,Reptilia,Testudines,Testudinidae,Testudo,Testudo_graeca,"26,27,28,29,30"
Chordata,Reptilia,Testudines,Testudinidae,Testudo,Testudo_hermanni,26
Chordata,Reptilia,Testudines,Testudinidae,Testudo,Testudo_marginata,26
Chordata,Reptilia,Testudines,Trionychidae,Amyda,Amyda_cartilaginea,33
Chordata,Reptilia,Testudines,Trionychidae,Apalone,Apalone_ferox,33
Chordata,Reptilia,Testudines,Trionychidae,Apalone,Apalone_mutica,33
Chordata,Reptilia,Testudines,Trionychidae,Apalone,Apalone_spinifera,33
Chordata,Reptilia,Testudines,Trionychidae,Pelodiscus,Pelodiscus_sinensis,"31,32,33"